t_ns,ax,ay,az,gx,gy,gz,mx,my,mz,pressure,light
0,0,0,9.81,0,0,-0.005057839638246697,0,0,0,101325,100
20000000,0,0,9.81,0,0,-0.00438090734278429,0,0,0,101325,100
40000000,0,0,9.81,0,0,-0.0035467219398200374,0,0,0,101325,100
60000000,0,0,9.81,0,0,-0.0043479256393971185,0,0,0,101325,100
80000000,0,0,9.81,0,0,-0.004949898477943547,0,0,0,101325,100
100000000,0,0,9.81,0,0,-0.004818119367628069,0,0,0,101325,100
120000000,0,0,9.81,0,0,-0.00442008972308583,0,0,0,101325,100
140000000,0,0,9.81,0,0,-0.003264546727294097,0,0,0,101325,100
160000000,0,0,9.81,0,0,-0.004967416202799469,0,0,0,101325,100
180000000,0,0,9.81,0,0,-0.004193664429349528,0,0,0,101325,100
200000000,0,0,9.81,0,0,-0.004648956431519592,0,0,0,101325,100
220000000,0,0,9.81,0,0,-0.003830681528374453,0,0,0,101325,100
240000000,0,0,9.81,0,0,-0.0037673995841842806,0,0,0,101325,100
260000000,0,0,9.81,0,0,-0.005392633892138076,0,0,0,101325,100
280000000,0,0,9.81,0,0,-0.002031035619958503,0,0,0,101325,100
300000000,0,0,9.81,0,0,-0.003948505764104826,0,0,0,101325,100
320000000,0,0,9.81,0,0,-0.004558442108756414,0,0,0,101325,100
340000000,0,0,9.81,0,0,-0.004894119815931444,0,0,0,101325,100
360000000,0,0,9.81,0,0,-0.004340431351995698,0,0,0,101325,100
380000000,0,0,9.81,0,0,-0.004086200607832161,0,0,0,101325,100
400000000,0,0,9.81,0,0,-0.0035945922613005304,0,0,0,101325,100
420000000,0,0,9.81,0,0,-0.00410906062927138,0,0,0,101325,100
440000000,0,0,9.81,0,0,-0.0036916408435568185,0,0,0,101325,100
460000000,0,0,9.81,0,0,-0.005518913408812202,0,0,0,101325,100
480000000,0,0,9.81,0,0,-0.004770544916923982,0,0,0,101325,100
500000000,0,0,9.81,0,0,-0.004992353183770531,0,0,0,101325,100
520000000,0,0,9.81,0,0,-0.003970336865922689,0,0,0,101325,100
540000000,0,0,9.81,0,0,-0.0037142863528404273,0,0,0,101325,100
560000000,0,0,9.81,0,0,-0.0053933675741489745,0,0,0,101325,100
580000000,0,0,9.81,0,0,-0.0042605113448047635,0,0,0,101325,100
600000000,0,0,9.81,0,0,-0.0034808820304885694,0,0,0,101325,100
620000000,0,0,9.81,0,0,-0.003315409758872701,0,0,0,101325,100
640000000,0,0,9.81,0,0,-0.0050873286026851105,0,0,0,101325,100
660000000,0,0,9.81,0,0,-0.0036227229935609758,0,0,0,101325,100
680000000,0,0,9.81,0,0,-0.003818674356376802,0,0,0,101325,100
700000000,0,0,9.81,0,0,-0.004494382565496742,0,0,0,101325,100
720000000,0,0,9.81,0,0,-0.0024009043252519674,0,0,0,101325,100
740000000,0,0,9.81,0,0,-0.005090231796132467,0,0,0,101325,100
760000000,0,0,9.81,0,0,-0.004356020160694994,0,0,0,101325,100
780000000,0,0,9.81,0,0,-0.003717080405511523,0,0,0,101325,100
800000000,0,0,9.81,0,0,-0.003901807794228073,0,0,0,101325,100
820000000,0,0,9.81,0,0,-0.004263403376898386,0,0,0,101325,100
840000000,0,0,9.81,0,0,-0.002912403354457269,0,0,0,101325,100
860000000,0,0,9.81,0,0,-0.0028526645767584418,0,0,0,101325,100
880000000,0,0,9.81,0,0,-0.003317508412643283,0,0,0,101325,100
900000000,0,0,9.81,0,0,-0.0032398653144163647,0,0,0,101325,100
920000000,0,0,9.81,0,0,-0.004161902787420847,0,0,0,101325,100
940000000,0,0,9.81,0,0,-0.005130441818191355,0,0,0,101325,100
960000000,0,0,9.81,0,0,-0.002204766718557838,0,0,0,101325,100
980000000,0,0,9.81,0,0,-0.00494956144174284,0,0,0,101325,100
1000000000,0,0,9.81,0,0,-0.002168557373710413,0,0,0,101325,100
1020000000,0,0,9.81,0,0,-0.004224886813745291,0,0,0,101325,100
1040000000,0,0,9.81,0,0,-0.003911671531858638,0,0,0,101325,100
1060000000,0,0,9.81,0,0,-0.004261579946836336,0,0,0,101325,100
1080000000,0,0,9.81,0,0,-0.0032778520507498066,0,0,0,101325,100
1100000000,0,0,9.81,0,0,-0.004557347817856097,0,0,0,101325,100
1120000000,0,0,9.81,0,0,-0.002505467366706244,0,0,0,101325,100
1140000000,0,0,9.81,0,0,-0.0036470655870572567,0,0,0,101325,100
1160000000,0,0,9.81,0,0,-0.003961576152706448,0,0,0,101325,100
1180000000,0,0,9.81,0,0,-0.004611447528158112,0,0,0,101325,100
1200000000,0,0,9.81,0,0,-0.0038691367678516005,0,0,0,101325,100
1220000000,0,0,9.81,0,0,-0.004116799373584392,0,0,0,101325,100
1240000000,0,0,9.81,0,0,-0.0024559186318419603,0,0,0,101325,100
1260000000,0,0,9.81,0,0,-0.003297051059903334,0,0,0,101325,100
1280000000,0,0,9.81,0,0,-0.005475309302720073,0,0,0,101325,100
1300000000,0,0,9.81,0,0,-0.0027795767703524986,0,0,0,101325,100
1320000000,0,0,9.81,0,0,-0.006184954748298789,0,0,0,101325,100
1340000000,0,0,9.81,0,0,-0.0027693331092761616,0,0,0,101325,100
1360000000,0,0,9.81,0,0,-0.00575978993894615,0,0,0,101325,100
1380000000,0,0,9.81,0,0,-0.004113295898620026,0,0,0,101325,100
1400000000,0,0,9.81,0,0,-0.003405054101951288,0,0,0,101325,100
1420000000,0,0,9.81,0,0,-0.0041207113149055435,0,0,0,101325,100
1440000000,0,0,9.81,0,0,-0.0050722095696314265,0,0,0,101325,100
1460000000,0,0,9.81,0,0,-0.003037734904659974,0,0,0,101325,100
1480000000,0,0,9.81,0,0,-0.005666937202732231,0,0,0,101325,100
1500000000,0,0,9.81,0,0,-0.0053882232560758326,0,0,0,101325,100
1520000000,0,0,9.81,0,0,-0.002906282272770612,0,0,0,101325,100
1540000000,0,0,9.81,0,0,-0.004868773642585926,0,0,0,101325,100
1560000000,0,0,9.81,0,0,-0.003898721623465421,0,0,0,101325,100
1580000000,0,0,9.81,0,0,-0.0034072282854154872,0,0,0,101325,100
1600000000,0,0,9.81,0,0,-0.004206889490660283,0,0,0,101325,100
1620000000,0,0,9.81,0,0,-0.0038726757493678975,0,0,0,101325,100
1640000000,0,0,9.81,0,0,-0.004008690413309692,0,0,0,101325,100
1660000000,0,0,9.81,0,0,-0.00392708953164042,0,0,0,101325,100
1680000000,0,0,9.81,0,0,-0.003078069401131605,0,0,0,101325,100
1700000000,0,0,9.81,0,0,-0.003298706801708927,0,0,0,101325,100
1720000000,0,0,9.81,0,0,-0.0038316761436021163,0,0,0,101325,100
1740000000,0,0,9.81,0,0,-0.0033133234681836125,0,0,0,101325,100
1760000000,0,0,9.81,0,0,-0.00458674439343462,0,0,0,101325,100
1780000000,0,0,9.81,0,0,-0.00478096725837483,0,0,0,101325,100
1800000000,0,0,9.81,0,0,-0.004988113295473766,0,0,0,101325,100
1820000000,0,0,9.81,0,0,-0.003429679948747803,0,0,0,101325,100
1840000000,0,0,9.81,0,0,-0.0026961189424743468,0,0,0,101325,100
1860000000,0,0,9.81,0,0,-0.004039789203246998,0,0,0,101325,100
1880000000,0,0,9.81,0,0,-0.0058406302656937754,0,0,0,101325,100
1900000000,0,0,9.81,0,0,-0.004557891962889507,0,0,0,101325,100
1920000000,0,0,9.81,0,0,-0.003705559354902654,0,0,0,101325,100
1940000000,0,0,9.81,0,0,-0.003854766215234111,0,0,0,101325,100
1960000000,0,0,9.81,0,0,-0.004032184575152892,0,0,0,101325,100
1980000000,0,0,9.81,0,0,-0.003251063921419538,0,0,0,101325,100
2000000000,0,0,9.81,0,0,-0.0033053281967999485,0,0,0,101325,100
2020000000,0,0,9.81,0,0,-0.005284013442447836,0,0,0,101325,100
2040000000,0,0,9.81,0,0,-0.0037346239248755146,0,0,0,101325,100
2060000000,0,0,9.81,0,0,-0.004759419282386885,0,0,0,101325,100
2080000000,0,0,9.81,0,0,-0.00391078188729331,0,0,0,101325,100
2100000000,0,0,9.81,0,0,-0.0030284411365563207,0,0,0,101325,100
2120000000,0,0,9.81,0,0,-0.0025157899027468634,0,0,0,101325,100
2140000000,0,0,9.81,0,0,-0.0035031026771749334,0,0,0,101325,100
2160000000,0,0,9.81,0,0,-0.0045552023594252165,0,0,0,101325,100
2180000000,0,0,9.81,0,0,-0.004420497311476192,0,0,0,101325,100
2200000000,0,0,9.81,0,0,-0.003648772457147299,0,0,0,101325,100
2220000000,0,0,9.81,0,0,-0.0049761083488358004,0,0,0,101325,100
2240000000,0,0,9.81,0,0,-0.004173010255645884,0,0,0,101325,100
2260000000,0,0,9.81,0,0,-0.003586062741102687,0,0,0,101325,100
2280000000,0,0,9.81,0,0,-0.0033124243122868878,0,0,0,101325,100
2300000000,0,0,9.81,0,0,-0.004373202341196352,0,0,0,101325,100
2320000000,0,0,9.81,0,0,-0.0037912616440378515,0,0,0,101325,100
2340000000,0,0,9.81,0,0,-0.0029249400806715983,0,0,0,101325,100
2360000000,0,0,9.81,0,0,-0.0038475837122880574,0,0,0,101325,100
2380000000,0,0,9.81,0,0,-0.005611785248721862,0,0,0,101325,100
2400000000,0,0,9.81,0,0,-0.0039269318623449175,0,0,0,101325,100
2420000000,0,0,9.81,0,0,-0.0038945526361374087,0,0,0,101325,100
2440000000,0,0,9.81,0,0,-0.004481731419271002,0,0,0,101325,100
2460000000,0,0,9.81,0,0,-0.004076457321453525,0,0,0,101325,100
2480000000,0,0,9.81,0,0,-0.005402284462552387,0,0,0,101325,100
2500000000,0,0,9.81,0,0,-0.0030265439978009474,0,0,0,101325,100
2520000000,0,0,9.81,0,0,-0.003746086427077084,0,0,0,101325,100
2540000000,0,0,9.81,0,0,-0.004588280855670912,0,0,0,101325,100
2560000000,0,0,9.81,0,0,-0.003908354814518362,0,0,0,101325,100
2580000000,0,0,9.81,0,0,-0.003998363537180438,0,0,0,101325,100
2600000000,0,0,9.81,0,0,-0.004867693980113259,0,0,0,101325,100
2620000000,0,0,9.81,0,0,-0.006441522362178236,0,0,0,101325,100
2640000000,0,0,9.81,0,0,-0.006598827946274115,0,0,0,101325,100
2660000000,0,0,9.81,0,0,-0.002349602203371031,0,0,0,101325,100
2680000000,0,0,9.81,0,0,-0.005090663642492074,0,0,0,101325,100
2700000000,0,0,9.81,0,0,-0.004370890613703064,0,0,0,101325,100
2720000000,0,0,9.81,0,0,-0.003615206898570457,0,0,0,101325,100
2740000000,0,0,9.81,0,0,-0.00442967389222335,0,0,0,101325,100
2760000000,0,0,9.81,0,0,-0.0030740142927321544,0,0,0,101325,100
2780000000,0,0,9.81,0,0,-0.004941836367948539,0,0,0,101325,100
2800000000,0,0,9.81,0,0,-0.0036227563259202435,0,0,0,101325,100
2820000000,0,0,9.81,0,0,-0.005935301012023138,0,0,0,101325,100
2840000000,0,0,9.81,0,0,-0.0034901943200083873,0,0,0,101325,100
2860000000,0,0,9.81,0,0,-0.0035138301646653433,0,0,0,101325,100
2880000000,0,0,9.81,0,0,-0.003793732197502983,0,0,0,101325,100
2900000000,0,0,9.81,0,0,-0.003851137233177354,0,0,0,101325,100
2920000000,0,0,9.81,0,0,-0.0038798378305448453,0,0,0,101325,100
2940000000,0,0,9.81,0,0,-0.003359888895539508,0,0,0,101325,100
2960000000,0,0,9.81,0,0,-0.0032740675550976,0,0,0,101325,100
2980000000,0,0,9.81,0,0,-0.004938095115466779,0,0,0,101325,100
3000000000,0,0,9.81,0,0,-0.0031911248480536777,0,0,0,101325,100
3020000000,0,0,9.81,0,0,-0.004940875161509108,0,0,0,101325,100
3040000000,0,0,9.81,0,0,-0.003970312950260542,0,0,0,101325,100
3060000000,0,0,9.81,0,0,-0.0043344939107340325,0,0,0,101325,100
3080000000,0,0,9.81,0,0,-0.0036945906633021274,0,0,0,101325,100
3100000000,0,0,9.81,0,0,-0.004403647993511376,0,0,0,101325,100
3120000000,0,0,9.81,0,0,-0.0037606432815274074,0,0,0,101325,100
3140000000,0,0,9.81,0,0,-0.0045318434531121665,0,0,0,101325,100
3160000000,0,0,9.81,0,0,-0.004950629870510712,0,0,0,101325,100
3180000000,0,0,9.81,0,0,-0.0031821490780321424,0,0,0,101325,100
3200000000,0,0,9.81,0,0,-0.003614322988143857,0,0,0,101325,100
3220000000,0,0,9.81,0,0,-0.0036654624248028613,0,0,0,101325,100
3240000000,0,0,9.81,0,0,-0.003279251150508615,0,0,0,101325,100
3260000000,0,0,9.81,0,0,-0.005038758436190879,0,0,0,101325,100
3280000000,0,0,9.81,0,0,-0.0033159772870448084,0,0,0,101325,100
3300000000,0,0,9.81,0,0,-0.005036000191425921,0,0,0,101325,100
3320000000,0,0,9.81,0,0,-0.0037817024392417077,0,0,0,101325,100
3340000000,0,0,9.81,0,0,-0.0042699790050335,0,0,0,101325,100
3360000000,0,0,9.81,0,0,-0.003876751631042434,0,0,0,101325,100
3380000000,0,0,9.81,0,0,-0.0035053898450298593,0,0,0,101325,100
3400000000,0,0,9.81,0,0,-0.004095337227370707,0,0,0,101325,100
3420000000,0,0,9.81,0,0,-0.004917362018726408,0,0,0,101325,100
3440000000,0,0,9.81,0,0,-0.0033026647705309254,0,0,0,101325,100
3460000000,0,0,9.81,0,0,-0.003086724768370436,0,0,0,101325,100
3480000000,0,0,9.81,0,0,-0.0035160397604793964,0,0,0,101325,100
3500000000,0,0,9.81,0,0,-0.003209254808980872,0,0,0,101325,100
3520000000,0,0,9.81,0,0,-0.005652553729667539,0,0,0,101325,100
3540000000,0,0,9.81,0,0,-0.004051032507517804,0,0,0,101325,100
3560000000,0,0,9.81,0,0,-0.004213540527207491,0,0,0,101325,100
3580000000,0,0,9.81,0,0,-0.005819323619715509,0,0,0,101325,100
3600000000,0,0,9.81,0,0,-0.0040190815323318235,0,0,0,101325,100
3620000000,0,0,9.81,0,0,-0.00411107860105243,0,0,0,101325,100
3640000000,0,0,9.81,0,0,-0.005428530124510083,0,0,0,101325,100
3660000000,0,0,9.81,0,0,-0.004846979207460805,0,0,0,101325,100
3680000000,0,0,9.81,0,0,-0.004039721587359738,0,0,0,101325,100
3700000000,0,0,9.81,0,0,-0.003588752138831616,0,0,0,101325,100
3720000000,0,0,9.81,0,0,-0.0034964977957502854,0,0,0,101325,100
3740000000,0,0,9.81,0,0,-0.005078589910966536,0,0,0,101325,100
3760000000,0,0,9.81,0,0,-0.005053776179866323,0,0,0,101325,100
3780000000,0,0,9.81,0,0,-0.004555085082236465,0,0,0,101325,100
3800000000,0,0,9.81,0,0,-0.004157533689646433,0,0,0,101325,100
3820000000,0,0,9.81,0,0,-0.004615799693219505,0,0,0,101325,100
3840000000,0,0,9.81,0,0,-0.004281452266879705,0,0,0,101325,100
3860000000,0,0,9.81,0,0,-0.003494608874103679,0,0,0,101325,100
3880000000,0,0,9.81,0,0,-0.0035166627588557684,0,0,0,101325,100
3900000000,0,0,9.81,0,0,-0.003993442283478933,0,0,0,101325,100
3920000000,0,0,9.81,0,0,-0.005109906034948271,0,0,0,101325,100
3940000000,0,0,9.81,0,0,-0.004542457748134757,0,0,0,101325,100
3960000000,0,0,9.81,0,0,-0.0036219711412975586,0,0,0,101325,100
3980000000,0,0,9.81,0,0,-0.003354574428047744,0,0,0,101325,100
4000000000,0,0,9.81,0,0,-0.0031869640970292315,0,0,0,101325,100
4019999999,0,0,9.81,0,0,-0.005039980760288728,0,0,0,101325,100
4040000000,0,0,9.81,0,0,-0.004519134413298042,0,0,0,101325,100
4059999999,0,0,9.81,0,0,-0.005169923773215053,0,0,0,101325,100
4080000000,0,0,9.81,0,0,-0.006680852373644958,0,0,0,101325,100
4099999999,0,0,9.81,0,0,-0.005066896155395013,0,0,0,101325,100
4120000000,0,0,9.81,0,0,-0.005659401299939906,0,0,0,101325,100
4139999999,0,0,9.81,0,0,-0.0028976640504046755,0,0,0,101325,100
4160000000,0,0,9.81,0,0,-0.003700170028168517,0,0,0,101325,100
4179999999,0,0,9.81,0,0,-0.004673602081441475,0,0,0,101325,100
4200000000,0,0,9.81,0,0,-0.004055040036679898,0,0,0,101325,100
4219999999,0,0,9.81,0,0,-0.003751223181073511,0,0,0,101325,100
4240000000,0,0,9.81,0,0,-0.0025853477445196664,0,0,0,101325,100
4260000000,0,0,9.81,0,0,-0.0034346583745748257,0,0,0,101325,100
4280000000,0,0,9.81,0,0,-0.0027805275255602955,0,0,0,101325,100
4300000000,0,0,9.81,0,0,-0.0036875605558339295,0,0,0,101325,100
4320000000,0,0,9.81,0,0,-0.002974137666889298,0,0,0,101325,100
4340000000,0,0,9.81,0,0,-0.0028505551189857556,0,0,0,101325,100
4360000000,0,0,9.81,0,0,-0.003296974980170793,0,0,0,101325,100
4380000000,0,0,9.81,0,0,-0.0040811807099000695,0,0,0,101325,100
4400000000,0,0,9.81,0,0,-0.0031535012716175704,0,0,0,101325,100
4420000000,0,0,9.81,0,0,-0.0044520604833083585,0,0,0,101325,100
4440000000,0,0,9.81,0,0,-0.0028621599977523638,0,0,0,101325,100
4460000000,0,0,9.81,0,0,-0.004347362926748393,0,0,0,101325,100
4480000000,0,0,9.81,0,0,-0.004701996496557479,0,0,0,101325,100
4500000000,0,0,9.81,0,0,-0.002463383075936014,0,0,0,101325,100
4520000000,0,0,9.81,0,0,-0.004466417953979892,0,0,0,101325,100
4540000000,0,0,9.81,0,0,-0.003965304484656446,0,0,0,101325,100
4560000000,0,0,9.81,0,0,-0.005035863350184364,0,0,0,101325,100
4580000000,0,0,9.81,0,0,-0.004718184919798937,0,0,0,101325,100
4600000000,0,0,9.81,0,0,-0.0044037204403514375,0,0,0,101325,100
4620000000,0,0,9.81,0,0,-0.004970528732208263,0,0,0,101325,100
4640000000,0,0,9.81,0,0,-0.0030422210531060425,0,0,0,101325,100
4660000000,0,0,9.81,0,0,-0.004739618770245682,0,0,0,101325,100
4680000000,0,0,9.81,0,0,-0.005203363853168542,0,0,0,101325,100
4700000000,0,0,9.81,0,0,-0.003134761185568383,0,0,0,101325,100
4720000000,0,0,9.81,0,0,-0.0034899007224185453,0,0,0,101325,100
4740000000,0,0,9.81,0,0,-0.006136868121636586,0,0,0,101325,100
4760000000,0,0,9.81,0,0,-0.0046040137338129936,0,0,0,101325,100
4780000000,0,0,9.81,0,0,-0.00323864165213115,0,0,0,101325,100
4800000000,0,0,9.81,0,0,-0.004777775334187983,0,0,0,101325,100
4820000000,0,0,9.81,0,0,-0.004349786552692102,0,0,0,101325,100
4840000000,0,0,9.81,0,0,-0.0043161729108100125,0,0,0,101325,100
4860000000,0,0,9.81,0,0,-0.0060769993417346055,0,0,0,101325,100
4880000000,0,0,9.81,0,0,-0.004880837374013966,0,0,0,101325,100
4900000000,0,0,9.81,0,0,-0.0034345401369105487,0,0,0,101325,100
4920000000,0,0,9.81,0,0,-0.0028400646224762986,0,0,0,101325,100
4940000000,0,0,9.81,0,0,-0.004169808963835172,0,0,0,101325,100
4960000000,0,0,9.81,0,0,-0.004195026826057702,0,0,0,101325,100
4980000000,0,0,9.81,0,0,-0.003616660682974565,0,0,0,101325,100
5000000000,0,0,9.81,0,0,-0.003953316546780877,0,0,0,101325,100
5020000000,0,0,9.81,0,0,-0.0036537685702938134,0,0,0,101325,100
5040000000,0,0,9.81,0,0,-0.004860939989193418,0,0,0,101325,100
5060000000,0,0,9.81,0,0,-0.004077324551654885,0,0,0,101325,100
5080000000,0,0,9.81,0,0,-0.0036562793290465957,0,0,0,101325,100
5100000000,0,0,9.81,0,0,-0.0035761653105759504,0,0,0,101325,100
5120000000,0,0,9.81,0,0,-0.005455628704196647,0,0,0,101325,100
5140000000,0,0,9.81,0,0,-0.0033797796199724704,0,0,0,101325,100
5160000000,0,0,9.81,0,0,-0.0039954362132765785,0,0,0,101325,100
5180000000,0,0,9.81,0,0,-0.003960308447695154,0,0,0,101325,100
5200000000,0,0,9.81,0,0,-0.0056407591430832705,0,0,0,101325,100
5220000000,0,0,9.81,0,0,-0.004061969424081413,0,0,0,101325,100
5240000000,0,0,9.81,0,0,-0.00547552123098078,0,0,0,101325,100
5260000000,0,0,9.81,0,0,-0.006298358554310459,0,0,0,101325,100
5280000000,0,0,9.81,0,0,-0.004012266596682182,0,0,0,101325,100
5300000000,0,0,9.81,0,0,-0.004098157131718899,0,0,0,101325,100
5320000000,0,0,9.81,0,0,-0.004043239682247031,0,0,0,101325,100
5340000000,0,0,9.81,0,0,-0.003938744182787342,0,0,0,101325,100
5360000000,0,0,9.81,0,0,-0.004091322741920434,0,0,0,101325,100
5380000000,0,0,9.81,0,0,-0.0031298940741966057,0,0,0,101325,100
5400000000,0,0,9.81,0,0,-0.003381342841912609,0,0,0,101325,100
5420000000,0,0,9.81,0,0,-0.002667884679112984,0,0,0,101325,100
5440000000,0,0,9.81,0,0,-0.0018798420064809252,0,0,0,101325,100
5460000000,0,0,9.81,0,0,-0.00340769322693453,0,0,0,101325,100
5480000000,0,0,9.81,0,0,-0.0033819413517469617,0,0,0,101325,100
5500000000,0,0,9.81,0,0,-0.002420743097368415,0,0,0,101325,100
5520000000,0,0,9.81,0,0,-0.0048386755248594525,0,0,0,101325,100
5540000000,0,0,9.81,0,0,-0.004359767505199781,0,0,0,101325,100
5560000000,0,0,9.81,0,0,-0.0038520554890152064,0,0,0,101325,100
5580000000,0,0,9.81,0,0,-0.005433414615092759,0,0,0,101325,100
5600000000,0,0,9.81,0,0,-0.003231382925747913,0,0,0,101325,100
5620000000,0,0,9.81,0,0,-0.002696426906816125,0,0,0,101325,100
5640000000,0,0,9.81,0,0,-0.005173665871242378,0,0,0,101325,100
5660000000,0,0,9.81,0,0,-0.004786259012755155,0,0,0,101325,100
5680000000,0,0,9.81,0,0,-0.003290558018754303,0,0,0,101325,100
5700000000,0,0,9.81,0,0,-0.002898313227535523,0,0,0,101325,100
5720000000,0,0,9.81,0,0,-0.005527399670543783,0,0,0,101325,100
5740000000,0,0,9.81,0,0,-0.003611300957756738,0,0,0,101325,100
5760000000,0,0,9.81,0,0,-0.004268599165859631,0,0,0,101325,100
5780000000,0,0,9.81,0,0,-0.005705084954505054,0,0,0,101325,100
5800000000,0,0,9.81,0,0,-0.004465276059630822,0,0,0,101325,100
5820000000,0,0,9.81,0,0,-0.004595582608130586,0,0,0,101325,100
5840000000,0,0,9.81,0,0,-0.00400920090460571,0,0,0,101325,100
5860000000,0,0,9.81,0,0,-0.004071285601116088,0,0,0,101325,100
5880000000,0,0,9.81,0,0,-0.004345358029370505,0,0,0,101325,100
5900000000,0,0,9.81,0,0,-0.0042236630219295215,0,0,0,101325,100
5920000000,0,0,9.81,0,0,-0.0042447030529134564,0,0,0,101325,100
5940000000,0,0,9.81,0,0,-0.003660832097751101,0,0,0,101325,100
5960000000,0,0,9.81,0,0,-0.003266738228429866,0,0,0,101325,100
5980000000,0,0,9.81,0,0,-0.003272157399070759,0,0,0,101325,100
6000000000,0,0,9.81,0,0,-0.004889283469965308,0,0,0,101325,100
6020000000,0,0,9.81,0,0,-0.00480385045380609,0,0,0,101325,100
6040000000,0,0,9.81,0,0,-0.004698543805549324,0,0,0,101325,100
6060000000,0,0,9.81,0,0,-0.002872277668128956,0,0,0,101325,100
6080000000,0,0,9.81,0,0,-0.0036964538468761167,0,0,0,101325,100
6100000000,0,0,9.81,0,0,-0.004783221975601196,0,0,0,101325,100
6120000000,0,0,9.81,0,0,-0.00512441884004162,0,0,0,101325,100
6140000000,0,0,9.81,0,0,-0.004992827321193793,0,0,0,101325,100
6160000000,0,0,9.81,0,0,-0.004089180100198574,0,0,0,101325,100
6180000000,0,0,9.81,0,0,-0.005077562543061669,0,0,0,101325,100
6200000000,0,0,9.81,0,0,-0.004120908842996188,0,0,0,101325,100
6220000000,0,0,9.81,0,0,-0.002938089182384366,0,0,0,101325,100
6240000000,0,0,9.81,0,0,-0.0043378849387487655,0,0,0,101325,100
6260000000,0,0,9.81,0,0,-0.0033683525825827045,0,0,0,101325,100
6280000000,0,0,9.81,0,0,-0.005441989061381581,0,0,0,101325,100
6300000000,0,0,9.81,0,0,-0.0038033282713853616,0,0,0,101325,100
6320000000,0,0,9.81,0,0,-0.003860004516004001,0,0,0,101325,100
6340000000,0,0,9.81,0,0,-0.004919780585377139,0,0,0,101325,100
6360000000,0,0,9.81,0,0,-0.002910803228169138,0,0,0,101325,100
6380000000,0,0,9.81,0,0,-0.004120021047558463,0,0,0,101325,100
6400000000,0,0,9.81,0,0,-0.0047153314822011285,0,0,0,101325,100
6420000000,0,0,9.81,0,0,-0.004370624971920171,0,0,0,101325,100
6440000000,0,0,9.81,0,0,-0.003283035865330295,0,0,0,101325,100
6460000000,0,0,9.81,0,0,-0.005312865386542014,0,0,0,101325,100
6480000000,0,0,9.81,0,0,-0.0039842807820579685,0,0,0,101325,100
6500000000,0,0,9.81,0,0,-0.004953387970299155,0,0,0,101325,100
6520000000,0,0,9.81,0,0,-0.003916311116856573,0,0,0,101325,100
6540000000,0,0,9.81,0,0,-0.004575789550061295,0,0,0,101325,100
6560000000,0,0,9.81,0,0,-0.004178520820552908,0,0,0,101325,100
6580000000,0,0,9.81,0,0,-0.003450557780214044,0,0,0,101325,100
6600000000,0,0,9.81,0,0,-0.00407726486319587,0,0,0,101325,100
6620000000,0,0,9.81,0,0,-0.0036326531096537054,0,0,0,101325,100
6640000000,0,0,9.81,0,0,-0.0035042487538150618,0,0,0,101325,100
6660000000,0,0,9.81,0,0,-0.00375890465774516,0,0,0,101325,100
6680000000,0,0,9.81,0,0,-0.003916706190616541,0,0,0,101325,100
6700000000,0,0,9.81,0,0,-0.004076906134826532,0,0,0,101325,100
6720000000,0,0,9.81,0,0,-0.003557687112059628,0,0,0,101325,100
6740000000,0,0,9.81,0,0,-0.003062891506595663,0,0,0,101325,100
6760000000,0,0,9.81,0,0,-0.002506793031301631,0,0,0,101325,100
6780000000,0,0,9.81,0,0,-0.002577878043313065,0,0,0,101325,100
6800000000,0,0,9.81,0,0,-0.004980562356715094,0,0,0,101325,100
6820000000,0,0,9.81,0,0,-0.003857613209240441,0,0,0,101325,100
6840000000,0,0,9.81,0,0,-0.0036870761473912694,0,0,0,101325,100
6860000000,0,0,9.81,0,0,-0.003053053501271412,0,0,0,101325,100
6880000000,0,0,9.81,0,0,-0.003185779738565321,0,0,0,101325,100
6900000000,0,0,9.81,0,0,-0.005363492694741319,0,0,0,101325,100
6920000000,0,0,9.81,0,0,-0.003873457277073224,0,0,0,101325,100
6940000000,0,0,9.81,0,0,-0.005606794087372604,0,0,0,101325,100
6960000000,0,0,9.81,0,0,-0.004528187347111399,0,0,0,101325,100
6980000000,0,0,9.81,0,0,-0.0049229603565554975,0,0,0,101325,100
7000000000,0,0,9.81,0,0,-0.004648360125092668,0,0,0,101325,100
7020000000,0,0,9.81,0,0,-0.0027338172964131444,0,0,0,101325,100
7040000000,0,0,9.81,0,0,-0.004587955081941808,0,0,0,101325,100
7060000000,0,0,9.81,0,0,-0.004550787824630419,0,0,0,101325,100
7080000000,0,0,9.81,0,0,-0.004006957813771614,0,0,0,101325,100
7100000000,0,0,9.81,0,0,-0.003179599824617016,0,0,0,101325,100
7120000000,0,0,9.81,0,0,-0.005599883056123871,0,0,0,101325,100
7140000000,0,0,9.81,0,0,-0.0026959682931064956,0,0,0,101325,100
7160000000,0,0,9.81,0,0,-0.004781665894334319,0,0,0,101325,100
7180000000,0,0,9.81,0,0,-0.0049826697272337805,0,0,0,101325,100
7200000000,0,0,9.81,0,0,-0.0040037591032025316,0,0,0,101325,100
7220000000,0,0,9.81,0,0,-0.0035281488064194217,0,0,0,101325,100
7240000000,0,0,9.81,0,0,-0.0017531297590394224,0,0,0,101325,100
7260000000,0,0,9.81,0,0,-0.003333158054669916,0,0,0,101325,100
7280000000,0,0,9.81,0,0,-0.004634484703551144,0,0,0,101325,100
7300000000,0,0,9.81,0,0,-0.004297136953332088,0,0,0,101325,100
7320000000,0,0,9.81,0,0,-0.004953516044706961,0,0,0,101325,100
7340000000,0,0,9.81,0,0,-0.0035461862876880468,0,0,0,101325,100
7360000000,0,0,9.81,0,0,-0.003396219576302483,0,0,0,101325,100
7380000000,0,0,9.81,0,0,-0.004410810449664932,0,0,0,101325,100
7400000000,0,0,9.81,0,0,-0.0031313436842226533,0,0,0,101325,100
7420000000,0,0,9.81,0,0,-0.005594388462025866,0,0,0,101325,100
7440000000,0,0,9.81,0,0,-0.004538950918495131,0,0,0,101325,100
7460000000,0,0,9.81,0,0,-0.0049286667201205794,0,0,0,101325,100
7480000000,0,0,9.81,0,0,-0.004637205753013906,0,0,0,101325,100
7500000000,0,0,9.81,0,0,-0.005550944887180208,0,0,0,101325,100
7520000000,0,0,9.81,0,0,-0.0032895194620932173,0,0,0,101325,100
7540000000,0,0,9.81,0,0,-0.004955837835256792,0,0,0,101325,100
7560000000,0,0,9.81,0,0,-0.0042399193600247825,0,0,0,101325,100
7580000000,0,0,9.81,0,0,-0.0030912422969993723,0,0,0,101325,100
7600000000,0,0,9.81,0,0,-0.002719915261137633,0,0,0,101325,100
7620000000,0,0,9.81,0,0,-0.0030926038268868274,0,0,0,101325,100
7640000000,0,0,9.81,0,0,-0.00607373166004465,0,0,0,101325,100
7660000000,0,0,9.81,0,0,-0.004390090652544351,0,0,0,101325,100
7680000000,0,0,9.81,0,0,-0.004431776497008204,0,0,0,101325,100
7700000000,0,0,9.81,0,0,-0.004722854865818943,0,0,0,101325,100
7720000000,0,0,9.81,0,0,-0.004810909870607779,0,0,0,101325,100
7740000000,0,0,9.81,0,0,-0.004608607038174965,0,0,0,101325,100
7760000000,0,0,9.81,0,0,-0.003612157941933375,0,0,0,101325,100
7780000000,0,0,9.81,0,0,-0.004529301773818654,0,0,0,101325,100
7800000000,0,0,9.81,0,0,-0.005301700009018696,0,0,0,101325,100
7820000000,0,0,9.81,0,0,-0.005505138449087412,0,0,0,101325,100
7840000000,0,0,9.81,0,0,-0.003999633852438778,0,0,0,101325,100
7860000000,0,0,9.81,0,0,-0.005630747958029588,0,0,0,101325,100
7880000000,0,0,9.81,0,0,-0.00351184843448668,0,0,0,101325,100
7900000000,0,0,9.81,0,0,-0.004557851262466842,0,0,0,101325,100
7920000000,0,0,9.81,0,0,-0.00456554794754218,0,0,0,101325,100
7940000000,0,0,9.81,0,0,-0.003922900891526632,0,0,0,101325,100
7960000000,0,0,9.81,0,0,-0.004437495430498971,0,0,0,101325,100
7980000000,0,0,9.81,0,0,-0.003501654795173506,0,0,0,101325,100
8000000000,0,0,9.81,0,0,-0.005245173478827483,0,0,0,101325,100
8020000000,0,0,9.81,0,0,-0.005708542477665323,0,0,0,101325,100
8039999999,0,0,9.81,0,0,-0.0024026015191351774,0,0,0,101325,100
8060000000,0,0,9.81,0,0,-0.003970848650796203,0,0,0,101325,100
8080000000,0,0,9.81,0,0,-0.006376548523299079,0,0,0,101325,100
8100000000,0,0,9.81,0,0,-0.0026323918830827315,0,0,0,101325,100
8119999999,0,0,9.81,0,0,-0.005356306918489012,0,0,0,101325,100
8140000000,0,0,9.81,0,0,-0.002319501108311345,0,0,0,101325,100
8160000000,0,0,9.81,0,0,-0.002527192016058496,0,0,0,101325,100
8180000000,0,0,9.81,0,0,-0.003345249241795821,0,0,0,101325,100
8199999999,0,0,9.81,0,0,-0.004112502963132196,0,0,0,101325,100
8220000000,0,0,9.81,0,0,-0.004878601344389234,0,0,0,101325,100
8240000000,0,0,9.81,0,0,-0.0032785034684775813,0,0,0,101325,100
8260000000,0,0,9.81,0,0,-0.004463978903968627,0,0,0,101325,100
8279999999,0,0,9.81,0,0,-0.003161796343390073,0,0,0,101325,100
8300000000,0,0,9.81,0,0,-0.004358200667084934,0,0,0,101325,100
8320000000,0,0,9.81,0,0,-0.005494252525642348,0,0,0,101325,100
8340000000,0,0,9.81,0,0,-0.004727693583465058,0,0,0,101325,100
8359999999,0,0,9.81,0,0,-0.004058710489458121,0,0,0,101325,100
8380000000,0,0,9.81,0,0,-0.004543117757509025,0,0,0,101325,100
8400000000,0,0,9.81,0,0,-0.003988946955894562,0,0,0,101325,100
8420000000,0,0,9.81,0,0,-0.004920981855071277,0,0,0,101325,100
8439999999,0,0,9.81,0,0,-0.0026949763872824153,0,0,0,101325,100
8460000000,0,0,9.81,0,0,-0.004569467225526726,0,0,0,101325,100
8480000000,0,0,9.81,0,0,-0.003652459737091929,0,0,0,101325,100
8500000000,0,0,9.81,0,0,-0.0055756111378249765,0,0,0,101325,100
8520000000,0,0,9.81,0,0,-0.0033808357426411287,0,0,0,101325,100
8539999999,0,0,9.81,0,0,-0.0027503544218394267,0,0,0,101325,100
8560000000,0,0,9.81,0,0,-0.00357709892367279,0,0,0,101325,100
8580000000,0,0,9.81,0,0,-0.004318435047892097,0,0,0,101325,100
8600000000,0,0,9.81,0,0,-0.004917528220465267,0,0,0,101325,100
8620000000,0,0,9.81,0,0,-0.003571275732378784,0,0,0,101325,100
8640000000,0,0,9.81,0,0,-0.003593789483056887,0,0,0,101325,100
8660000000,0,0,9.81,0,0,-0.005244196284959384,0,0,0,101325,100
8680000000,0,0,9.81,0,0,-0.004086894472204452,0,0,0,101325,100
8700000000,0,0,9.81,0,0,-0.003625376792884381,0,0,0,101325,100
8720000000,0,0,9.81,0,0,-0.0047841670150963155,0,0,0,101325,100
8740000000,0,0,9.81,0,0,-0.0035679016727858475,0,0,0,101325,100
8760000000,0,0,9.81,0,0,-0.004336936164346751,0,0,0,101325,100
8780000000,0,0,9.81,0,0,-0.0028265839333566673,0,0,0,101325,100
8800000000,0,0,9.81,0,0,-0.005213891172915561,0,0,0,101325,100
8820000000,0,0,9.81,0,0,-0.003640954159953881,0,0,0,101325,100
8840000000,0,0,9.81,0,0,-0.003995626831751722,0,0,0,101325,100
8860000000,0,0,9.81,0,0,-0.0057443695287739726,0,0,0,101325,100
8880000000,0,0,9.81,0,0,-0.004915718926860662,0,0,0,101325,100
8900000000,0,0,9.81,0,0,-0.004850765312489546,0,0,0,101325,100
8920000000,0,0,9.81,0,0,-0.003284552686456392,0,0,0,101325,100
8940000000,0,0,9.81,0,0,-0.0044152309503467406,0,0,0,101325,100
8960000000,0,0,9.81,0,0,-0.004108428142347485,0,0,0,101325,100
8980000000,0,0,9.81,0,0,-0.003970978821905066,0,0,0,101325,100
9000000000,0,0,9.81,0,0,-0.0018397951462158528,0,0,0,101325,100
9020000000,0,0,9.81,0,0,-0.004311257658319068,0,0,0,101325,100
9040000000,0,0,9.81,0,0,-0.0024066431694142404,0,0,0,101325,100
9060000000,0,0,9.81,0,0,-0.004266445854836622,0,0,0,101325,100
9080000000,0,0,9.81,0,0,-0.00548574060336852,0,0,0,101325,100
9100000000,0,0,9.81,0,0,-0.004819071157116059,0,0,0,101325,100
9120000000,0,0,9.81,0,0,-0.005194086572337438,0,0,0,101325,100
9140000000,0,0,9.81,0,0,-0.00442983492945549,0,0,0,101325,100
9160000000,0,0,9.81,0,0,-0.00538717362905067,0,0,0,101325,100
9180000000,0,0,9.81,0,0,-0.004906966772910757,0,0,0,101325,100
9200000000,0,0,9.81,0,0,-0.002431344876697999,0,0,0,101325,100
9220000000,0,0,9.81,0,0,-0.0038963140902057328,0,0,0,101325,100
9240000000,0,0,9.81,0,0,-0.0038132453275852513,0,0,0,101325,100
9260000000,0,0,9.81,0,0,-0.002513784587856679,0,0,0,101325,100
9280000000,0,0,9.81,0,0,-0.005552964319247466,0,0,0,101325,100
9300000000,0,0,9.81,0,0,-0.003610980826330281,0,0,0,101325,100
9320000000,0,0,9.81,0,0,-0.004519776235643099,0,0,0,101325,100
9340000000,0,0,9.81,0,0,-0.004135181432863016,0,0,0,101325,100
9360000000,0,0,9.81,0,0,-0.0047049762888949605,0,0,0,101325,100
9380000000,0,0,9.81,0,0,-0.00400314946758059,0,0,0,101325,100
9400000000,0,0,9.81,0,0,-0.0030259356554357825,0,0,0,101325,100
9420000000,0,0,9.81,0,0,-0.003052925107880577,0,0,0,101325,100
9440000000,0,0,9.81,0,0,-0.0038900534982369054,0,0,0,101325,100
9460000000,0,0,9.81,0,0,-0.003387383586984628,0,0,0,101325,100
9480000000,0,0,9.81,0,0,-0.005151512488517002,0,0,0,101325,100
9500000000,0,0,9.81,0,0,-0.006666935968950946,0,0,0,101325,100
9520000000,0,0,9.81,0,0,-0.003194890017817905,0,0,0,101325,100
9540000000,0,0,9.81,0,0,-0.0023276529872481243,0,0,0,101325,100
9560000000,0,0,9.81,0,0,-0.003697667255097066,0,0,0,101325,100
9580000000,0,0,9.81,0,0,-0.00464618389193474,0,0,0,101325,100
9600000000,0,0,9.81,0,0,-0.004064707552053303,0,0,0,101325,100
9620000000,0,0,9.81,0,0,-0.0030380529356043183,0,0,0,101325,100
9640000000,0,0,9.81,0,0,-0.005129281243224059,0,0,0,101325,100
9660000000,0,0,9.81,0,0,-0.004043244900850554,0,0,0,101325,100
9680000000,0,0,9.81,0,0,-0.003570131860198239,0,0,0,101325,100
9700000000,0,0,9.81,0,0,-0.005006772694530843,0,0,0,101325,100
9720000000,0,0,9.81,0,0,-0.0022765326610380233,0,0,0,101325,100
9740000000,0,0,9.81,0,0,-0.003394730519309307,0,0,0,101325,100
9760000000,0,0,9.81,0,0,-0.0026533846276153832,0,0,0,101325,100
9780000000,0,0,9.81,0,0,-0.005051468785008829,0,0,0,101325,100
9800000000,0,0,9.81,0,0,-0.003917827977708481,0,0,0,101325,100
9820000000,0,0,9.81,0,0,-0.002766952048225458,0,0,0,101325,100
9840000000,0,0,9.81,0,0,-0.0037138910537405185,0,0,0,101325,100
9860000000,0,0,9.81,0,0,-0.0030040062128782142,0,0,0,101325,100
9880000000,0,0,9.81,0,0,-0.005727371518926241,0,0,0,101325,100
9900000000,0,0,9.81,0,0,-0.004185561737718404,0,0,0,101325,100
9920000000,0,0,9.81,0,0,-0.005855455983690253,0,0,0,101325,100
9940000000,0,0,9.81,0,0,-0.004547203684005718,0,0,0,101325,100
9960000000,0,0,9.81,0,0,-0.003855766319609436,0,0,0,101325,100
9980000000,0,0,9.81,0,0,-0.004208257149548608,0,0,0,101325,100
10000000000,0,0,9.81,0,0,-0.005212223249648082,0,0,0,101325,100
10020000000,0,0,9.81,0,0,-0.0038499736056794224,0,0,0,101325,100
10040000000,0,0,9.81,0,0,-0.0035384110747200613,0,0,0,101325,100
10060000000,0,0,9.81,0,0,-0.004195674216084804,0,0,0,101325,100
10080000000,0,0,9.81,0,0,-0.0034008709658744146,0,0,0,101325,100
10100000000,0,0,9.81,0,0,-0.0031122540695460964,0,0,0,101325,100
10120000000,0,0,9.81,0,0,-0.0030255860554337516,0,0,0,101325,100
10140000000,0,0,9.81,0,0,-0.004406955401478421,0,0,0,101325,100
10160000000,0,0,9.81,0,0,-0.003660567516604614,0,0,0,101325,100
10180000000,0,0,9.81,0,0,-0.004668823625986944,0,0,0,101325,100
10200000000,0,0,9.81,0,0,-0.004187760791052676,0,0,0,101325,100
10220000000,0,0,9.81,0,0,-0.0031751055966700026,0,0,0,101325,100
10240000000,0,0,9.81,0,0,-0.004205739128715018,0,0,0,101325,100
10260000000,0,0,9.81,0,0,-0.004508443495363242,0,0,0,101325,100
10280000000,0,0,9.81,0,0,-0.004632620848283452,0,0,0,101325,100
10300000000,0,0,9.81,0,0,-0.003661052115380021,0,0,0,101325,100
10320000000,0,0,9.81,0,0,-0.0027033603626713683,0,0,0,101325,100
10340000000,0,0,9.81,0,0,-0.003304902076334472,0,0,0,101325,100
10360000000,0,0,9.81,0,0,-0.004309111027131282,0,0,0,101325,100
10380000000,0,0,9.81,0,0,-0.003413350375460841,0,0,0,101325,100
10400000000,0,0,9.81,0,0,-0.0032829316668259298,0,0,0,101325,100
10420000000,0,0,9.81,0,0,-0.0028333452955499397,0,0,0,101325,100
10440000000,0,0,9.81,0,0,-0.004703248397816885,0,0,0,101325,100
10460000000,0,0,9.81,0,0,-0.003557255850636322,0,0,0,101325,100
10480000000,0,0,9.81,0,0,-0.0044632922769336555,0,0,0,101325,100
10500000000,0,0,9.81,0,0,-0.0045877928423080135,0,0,0,101325,100
10520000000,0,0,9.81,0,0,-0.0030175290342007405,0,0,0,101325,100
10540000000,0,0,9.81,0,0,-0.0036361214411535386,0,0,0,101325,100
10560000000,0,0,9.81,0,0,-0.004046906963763026,0,0,0,101325,100
10580000000,0,0,9.81,0,0,-0.002925955484592596,0,0,0,101325,100
10600000000,0,0,9.81,0,0,-0.003967563717763627,0,0,0,101325,100
10620000000,0,0,9.81,0,0,-0.004884648407437334,0,0,0,101325,100
10640000000,0,0,9.81,0,0,-0.0033196744711179683,0,0,0,101325,100
10660000000,0,0,9.81,0,0,-0.004921692287719623,0,0,0,101325,100
10680000000,0,0,9.81,0,0,-0.004871800207836843,0,0,0,101325,100
10700000000,0,0,9.81,0,0,-0.004476990087343966,0,0,0,101325,100
10720000000,0,0,9.81,0,0,-0.004250592461441865,0,0,0,101325,100
10740000000,0,0,9.81,0,0,-0.0033289638074091386,0,0,0,101325,100
10760000000,0,0,9.81,0,0,-0.004423066945621783,0,0,0,101325,100
10780000000,0,0,9.81,0,0,-0.005700713120728202,0,0,0,101325,100
10800000000,0,0,9.81,0,0,-0.004608929347641113,0,0,0,101325,100
10820000000,0,0,9.81,0,0,-0.0038396976200684298,0,0,0,101325,100
10840000000,0,0,9.81,0,0,-0.0042189497237263875,0,0,0,101325,100
10860000000,0,0,9.81,0,0,-0.00421941224080353,0,0,0,101325,100
10880000000,0,0,9.81,0,0,-0.0051774810988119025,0,0,0,101325,100
10900000000,0,0,9.81,0,0,-0.004453322531594929,0,0,0,101325,100
10920000000,0,0,9.81,0,0,-0.0036085016204644898,0,0,0,101325,100
10940000000,0,0,9.81,0,0,-0.0035933670789805644,0,0,0,101325,100
10960000000,0,0,9.81,0,0,-0.004841030445204056,0,0,0,101325,100
10980000000,0,0,9.81,0,0,-0.0047462675990304504,0,0,0,101325,100
11000000000,0,0,9.81,0,0,-0.004959786040643515,0,0,0,101325,100
11020000000,0,0,9.81,0,0,-0.0032985104823435307,0,0,0,101325,100
11040000000,0,0,9.81,0,0,-0.004766989641070936,0,0,0,101325,100
11060000000,0,0,9.81,0,0,-0.004351252674632818,0,0,0,101325,100
11080000000,0,0,9.81,0,0,-0.004832127867240619,0,0,0,101325,100
11100000000,0,0,9.81,0,0,-0.004907537005103871,0,0,0,101325,100
11120000000,0,0,9.81,0,0,-0.0042272860583691205,0,0,0,101325,100
11140000000,0,0,9.81,0,0,-0.0033305247260613366,0,0,0,101325,100
11160000000,0,0,9.81,0,0,-0.004615179339091601,0,0,0,101325,100
11180000000,0,0,9.81,0,0,-0.003091998703854651,0,0,0,101325,100
11200000000,0,0,9.81,0,0,-0.004162265752222748,0,0,0,101325,100
11220000000,0,0,9.81,0,0,-0.0034829494977623443,0,0,0,101325,100
11240000000,0,0,9.81,0,0,-0.0019506089075414425,0,0,0,101325,100
11260000000,0,0,9.81,0,0,-0.0021340433312649057,0,0,0,101325,100
11280000000,0,0,9.81,0,0,-0.0038613092331841203,0,0,0,101325,100
11300000000,0,0,9.81,0,0,-0.0040441014746758755,0,0,0,101325,100
11320000000,0,0,9.81,0,0,-0.004244264581318653,0,0,0,101325,100
11340000000,0,0,9.81,0,0,-0.003492104866812805,0,0,0,101325,100
11360000000,0,0,9.81,0,0,-0.005745146164932502,0,0,0,101325,100
11380000000,0,0,9.81,0,0,-0.004727068605764514,0,0,0,101325,100
11400000000,0,0,9.81,0,0,-0.004231580833070387,0,0,0,101325,100
11420000000,0,0,9.81,0,0,-0.004779558383945662,0,0,0,101325,100
11440000000,0,0,9.81,0,0,-0.004980553524280835,0,0,0,101325,100
11460000000,0,0,9.81,0,0,-0.0029816844657567544,0,0,0,101325,100
11480000000,0,0,9.81,0,0,-0.005386643287011803,0,0,0,101325,100
11500000000,0,0,9.81,0,0,-0.004489591193013108,0,0,0,101325,100
11520000000,0,0,9.81,0,0,-0.0046200751975147844,0,0,0,101325,100
11540000000,0,0,9.81,0,0,-0.004522376527203239,0,0,0,101325,100
11560000000,0,0,9.81,0,0,-0.005026977081241822,0,0,0,101325,100
11580000000,0,0,9.81,0,0,-0.003448566174546749,0,0,0,101325,100
11600000000,0,0,9.81,0,0,-0.004214705824724899,0,0,0,101325,100
11620000000,0,0,9.81,0,0,-0.002593724320715359,0,0,0,101325,100
11640000000,0,0,9.81,0,0,-0.0053047499983798485,0,0,0,101325,100
11660000000,0,0,9.81,0,0,-0.004007029374498291,0,0,0,101325,100
11680000000,0,0,9.81,0,0,-0.005231182357231671,0,0,0,101325,100
11700000000,0,0,9.81,0,0,-0.0039135007431865595,0,0,0,101325,100
11720000000,0,0,9.81,0,0,-0.0030956688568248045,0,0,0,101325,100
11740000000,0,0,9.81,0,0,-0.005110254439413916,0,0,0,101325,100
11760000000,0,0,9.81,0,0,-0.0032503158257599692,0,0,0,101325,100
11780000000,0,0,9.81,0,0,-0.004825972669549985,0,0,0,101325,100
11800000000,0,0,9.81,0,0,-0.005113539775194553,0,0,0,101325,100
11820000000,0,0,9.81,0,0,-0.0038291456535576563,0,0,0,101325,100
11840000000,0,0,9.81,0,0,-0.0034627866715396553,0,0,0,101325,100
11860000000,0,0,9.81,0,0,-0.003997830303413036,0,0,0,101325,100
11880000000,0,0,9.81,0,0,-0.003841984486646096,0,0,0,101325,100
11900000000,0,0,9.81,0,0,-0.004143191214594448,0,0,0,101325,100
11920000000,0,0,9.81,0,0,-0.004557677086448458,0,0,0,101325,100
11940000000,0,0,9.81,0,0,-0.005990339063413027,0,0,0,101325,100
11960000000,0,0,9.81,0,0,-0.004435704423980826,0,0,0,101325,100
11980000000,0,0,9.81,0,0,-0.004728111172539222,0,0,0,101325,100
12000000000,0,0,9.81,0,0,-0.0036336480027396984,0,0,0,101325,100
12020000000,0,0,9.81,0,0,-0.004836253833804596,0,0,0,101325,100
12040000000,0,0,9.81,0,0,-0.002356583000491849,0,0,0,101325,100
12060000000,0,0,9.81,0,0,-0.0035729039238243778,0,0,0,101325,100
12080000000,0,0,9.81,0,0,-0.004481783213545327,0,0,0,101325,100
12100000000,0,0,9.81,0,0,-0.0035406234217494367,0,0,0,101325,100
12120000000,0,0,9.81,0,0,-0.004329744608913002,0,0,0,101325,100
12140000000,0,0,9.81,0,0,-0.00298917929871089,0,0,0,101325,100
12160000000,0,0,9.81,0,0,-0.004481353895679969,0,0,0,101325,100
12180000000,0,0,9.81,0,0,-0.002858186328763868,0,0,0,101325,100
12200000000,0,0,9.81,0,0,-0.00504227628964359,0,0,0,101325,100
12220000000,0,0,9.81,0,0,-0.00401788990670309,0,0,0,101325,100
12240000000,0,0,9.81,0,0,-0.004167273866842744,0,0,0,101325,100
12260000000,0,0,9.81,0,0,-0.004894034743342056,0,0,0,101325,100
12280000000,0,0,9.81,0,0,-0.004391225733176536,0,0,0,101325,100
12300000000,0,0,9.81,0,0,-0.004099125660531311,0,0,0,101325,100
12320000000,0,0,9.81,0,0,-0.005147502520620833,0,0,0,101325,100
12340000000,0,0,9.81,0,0,-0.004853927020684727,0,0,0,101325,100
12360000000,0,0,9.81,0,0,-0.0036832194898129885,0,0,0,101325,100
12380000000,0,0,9.81,0,0,-0.004779304791677655,0,0,0,101325,100
12400000000,0,0,9.81,0,0,-0.0027265013612344548,0,0,0,101325,100
12420000000,0,0,9.81,0,0,-0.0027286301382482077,0,0,0,101325,100
12440000000,0,0,9.81,0,0,-0.00451989271254889,0,0,0,101325,100
12460000000,0,0,9.81,0,0,-0.003797769881967215,0,0,0,101325,100
12480000000,0,0,9.81,0,0,-0.0036442790171491916,0,0,0,101325,100
12500000000,0,0,9.81,0,0,-0.003480533970048754,0,0,0,101325,100
12520000000,0,0,9.81,0,0,-0.004575955736993256,0,0,0,101325,100
12540000000,0,0,9.81,0,0,-0.003459851813269123,0,0,0,101325,100
12560000000,0,0,9.81,0,0,-0.004573802225215215,0,0,0,101325,100
12580000000,0,0,9.81,0,0,-0.004195296856155885,0,0,0,101325,100
12600000000,0,0,9.81,0,0,-0.0030224036040101135,0,0,0,101325,100
12620000000,0,0,9.81,0,0,-0.004182541865441721,0,0,0,101325,100
12640000000,0,0,9.81,0,0,-0.004951648913193745,0,0,0,101325,100
12660000000,0,0,9.81,0,0,-0.004610861664656685,0,0,0,101325,100
12680000000,0,0,9.81,0,0,-0.0038303924681375836,0,0,0,101325,100
12700000000,0,0,9.81,0,0,-0.004776193751172893,0,0,0,101325,100
12720000000,0,0,9.81,0,0,-0.0049596905521696565,0,0,0,101325,100
12740000000,0,0,9.81,0,0,-0.003980154864762709,0,0,0,101325,100
12760000000,0,0,9.81,0,0,-0.004935853074767605,0,0,0,101325,100
12780000000,0,0,9.81,0,0,-0.00227853124450216,0,0,0,101325,100
12800000000,0,0,9.81,0,0,-0.004695776004270584,0,0,0,101325,100
12820000000,0,0,9.81,0,0,-0.0035093845528090598,0,0,0,101325,100
12840000000,0,0,9.81,0,0,-0.005388589043813709,0,0,0,101325,100
12860000000,0,0,9.81,0,0,-0.004403865801843075,0,0,0,101325,100
12880000000,0,0,9.81,0,0,-0.0033947804842729013,0,0,0,101325,100
12900000000,0,0,9.81,0,0,-0.003642954447538816,0,0,0,101325,100
12920000000,0,0,9.81,0,0,-0.0035507635647218354,0,0,0,101325,100
12940000000,0,0,9.81,0,0,-0.004613315122140668,0,0,0,101325,100
12960000000,0,0,9.81,0,0,-0.003943418126293068,0,0,0,101325,100
12980000000,0,0,9.81,0,0,-0.004285471667204682,0,0,0,101325,100
13000000000,0,0,9.81,0,0,-0.005342620590684686,0,0,0,101325,100
13020000000,0,0,9.81,0,0,-0.003114345172838752,0,0,0,101325,100
13040000000,0,0,9.81,0,0,-0.004704733192709717,0,0,0,101325,100
13060000000,0,0,9.81,0,0,-0.004316172878317138,0,0,0,101325,100
13080000000,0,0,9.81,0,0,-0.003363095895145008,0,0,0,101325,100
13100000000,0,0,9.81,0,0,-0.0035372335930138185,0,0,0,101325,100
13120000000,0,0,9.81,0,0,-0.0018457213183099507,0,0,0,101325,100
13140000000,0,0,9.81,0,0,-0.004174606707619866,0,0,0,101325,100
13160000000,0,0,9.81,0,0,-0.0028523582086958646,0,0,0,101325,100
13180000000,0,0,9.81,0,0,-0.004203194759489078,0,0,0,101325,100
13200000000,0,0,9.81,0,0,-0.004082369887504958,0,0,0,101325,100
13220000000,0,0,9.81,0,0,-0.003167140164088123,0,0,0,101325,100
13240000000,0,0,9.81,0,0,-0.0035273951783079986,0,0,0,101325,100
13260000000,0,0,9.81,0,0,-0.00454544483259102,0,0,0,101325,100
13280000000,0,0,9.81,0,0,-0.004180713387947022,0,0,0,101325,100
13300000000,0,0,9.81,0,0,-0.0039490492766129995,0,0,0,101325,100
13320000000,0,0,9.81,0,0,-0.0026314133589265924,0,0,0,101325,100
13340000000,0,0,9.81,0,0,-0.004771237769349898,0,0,0,101325,100
13360000000,0,0,9.81,0,0,-0.003906385183033083,0,0,0,101325,100
13380000000,0,0,9.81,0,0,-0.003574364987264782,0,0,0,101325,100
13400000000,0,0,9.81,0,0,-0.00398403845390088,0,0,0,101325,100
13420000000,0,0,9.81,0,0,-0.0045471163811032726,0,0,0,101325,100
13440000000,0,0,9.81,0,0,-0.0033758360843675773,0,0,0,101325,100
13460000000,0,0,9.81,0,0,-0.00491473928340989,0,0,0,101325,100
13480000000,0,0,9.81,0,0,-0.0024121483338967824,0,0,0,101325,100
13500000000,0,0,9.81,0,0,-0.00639558534099236,0,0,0,101325,100
13520000000,0,0,9.81,0,0,-0.005802209541227385,0,0,0,101325,100
13540000000,0,0,9.81,0,0,-0.003963276338146554,0,0,0,101325,100
13560000000,0,0,9.81,0,0,-0.0035433564512533317,0,0,0,101325,100
13580000000,0,0,9.81,0,0,-0.0036993521780945325,0,0,0,101325,100
13600000000,0,0,9.81,0,0,-0.004617340022103217,0,0,0,101325,100
13620000000,0,0,9.81,0,0,-0.0042322995798511,0,0,0,101325,100
13640000000,0,0,9.81,0,0,-0.004083492348565539,0,0,0,101325,100
13660000000,0,0,9.81,0,0,-0.0048744567996307706,0,0,0,101325,100
13680000000,0,0,9.81,0,0,-0.004432190748562383,0,0,0,101325,100
13700000000,0,0,9.81,0,0,-0.004930972680019627,0,0,0,101325,100
13720000000,0,0,9.81,0,0,-0.0030879527874718956,0,0,0,101325,100
13740000000,0,0,9.81,0,0,-0.0037364272877833823,0,0,0,101325,100
13760000000,0,0,9.81,0,0,-0.004480180127128647,0,0,0,101325,100
13780000000,0,0,9.81,0,0,-0.004428529259227574,0,0,0,101325,100
13800000000,0,0,9.81,0,0,-0.004499123175036945,0,0,0,101325,100
13820000000,0,0,9.81,0,0,-0.004376422395801044,0,0,0,101325,100
13840000000,0,0,9.81,0,0,-0.0038654245351327408,0,0,0,101325,100
13860000000,0,0,9.81,0,0,-0.004412998012440359,0,0,0,101325,100
13880000000,0,0,9.81,0,0,-0.004545317232570728,0,0,0,101325,100
13900000000,0,0,9.81,0,0,-0.003767762096619392,0,0,0,101325,100
13920000000,0,0,9.81,0,0,-0.00424517563134067,0,0,0,101325,100
13940000000,0,0,9.81,0,0,-0.004100551948396134,0,0,0,101325,100
13960000000,0,0,9.81,0,0,-0.004035003077036235,0,0,0,101325,100
13980000000,0,0,9.81,0,0,-0.00426186327495699,0,0,0,101325,100
14000000000,0,0,9.81,0,0,-0.005079345751094292,0,0,0,101325,100
14020000000,0,0,9.81,0,0,-0.004316131686598421,0,0,0,101325,100
14040000000,0,0,9.81,0,0,-0.00305121884094738,0,0,0,101325,100
14060000000,0,0,9.81,0,0,-0.004846667962111303,0,0,0,101325,100
14080000000,0,0,9.81,0,0,-0.004819758057199851,0,0,0,101325,100
14100000000,0,0,9.81,0,0,-0.004469918857281307,0,0,0,101325,100
14120000000,0,0,9.81,0,0,-0.004437189696125015,0,0,0,101325,100
14140000000,0,0,9.81,0,0,-0.0028936366323391817,0,0,0,101325,100
14160000000,0,0,9.81,0,0,-0.004365952484770622,0,0,0,101325,100
14180000000,0,0,9.81,0,0,-0.003092484031000645,0,0,0,101325,100
14200000000,0,0,9.81,0,0,-0.003407468581469269,0,0,0,101325,100
14220000000,0,0,9.81,0,0,-0.003468968708917465,0,0,0,101325,100
14240000000,0,0,9.81,0,0,-0.0035475715396272377,0,0,0,101325,100
14260000000,0,0,9.81,0,0,-0.0037931882284010306,0,0,0,101325,100
14280000000,0,0,9.81,0,0,-0.0036436754119315734,0,0,0,101325,100
14300000000,0,0,9.81,0,0,-0.0030400912854205635,0,0,0,101325,100
14320000000,0,0,9.81,0,0,-0.0058804623953228495,0,0,0,101325,100
14340000000,0,0,9.81,0,0,-0.003788165335112927,0,0,0,101325,100
14360000000,0,0,9.81,0,0,-0.003083952971482313,0,0,0,101325,100
14380000000,0,0,9.81,0,0,-0.004674110039859373,0,0,0,101325,100
14400000000,0,0,9.81,0,0,-0.004142476958230553,0,0,0,101325,100
14420000000,0,0,9.81,0,0,-0.0033547776761839836,0,0,0,101325,100
14440000000,0,0,9.81,0,0,-0.005639273793632333,0,0,0,101325,100
14460000000,0,0,9.81,0,0,-0.003848106145494089,0,0,0,101325,100
14480000000,0,0,9.81,0,0,-0.0050623857605718295,0,0,0,101325,100
14500000000,0,0,9.81,0,0,-0.0039061537109905823,0,0,0,101325,100
14520000000,0,0,9.81,0,0,-0.0037834044162967416,0,0,0,101325,100
14540000000,0,0,9.81,0,0,-0.0038972729411613062,0,0,0,101325,100
14560000000,0,0,9.81,0,0,-0.004994519170549531,0,0,0,101325,100
14580000000,0,0,9.81,0,0,-0.004104403190983392,0,0,0,101325,100
14600000000,0,0,9.81,0,0,-0.004664147215477533,0,0,0,101325,100
14620000000,0,0,9.81,0,0,-0.003844178197318796,0,0,0,101325,100
14640000000,0,0,9.81,0,0,-0.004438802778186817,0,0,0,101325,100
14660000000,0,0,9.81,0,0,-0.004847678461786388,0,0,0,101325,100
14680000000,0,0,9.81,0,0,-0.0032920540586963893,0,0,0,101325,100
14700000000,0,0,9.81,0,0,-0.005176210792435081,0,0,0,101325,100
14720000000,0,0,9.81,0,0,-0.004553843530078103,0,0,0,101325,100
14740000000,0,0,9.81,0,0,-0.0031632640111597904,0,0,0,101325,100
14760000000,0,0,9.81,0,0,-0.0037946861312577766,0,0,0,101325,100
14780000000,0,0,9.81,0,0,-0.003351367086402452,0,0,0,101325,100
14800000000,0,0,9.81,0,0,-0.0049832000911820395,0,0,0,101325,100
14820000000,0,0,9.81,0,0,-0.003961498530192019,0,0,0,101325,100
14840000000,0,0,9.81,0,0,-0.004882079457126688,0,0,0,101325,100
14860000000,0,0,9.81,0,0,-0.005659317583897671,0,0,0,101325,100
14880000000,0,0,9.81,0,0,-0.0036047482857460627,0,0,0,101325,100
14900000000,0,0,9.81,0,0,-0.005014450130764046,0,0,0,101325,100
14920000000,0,0,9.81,0,0,-0.004017523412185152,0,0,0,101325,100
14940000000,0,0,9.81,0,0,-0.004947520964972153,0,0,0,101325,100
14960000000,0,0,9.81,0,0,-0.0036348895025217964,0,0,0,101325,100
14980000000,0,0,9.81,0,0,-0.0036159330937793814,0,0,0,101325,100
15000000000,0,0,9.81,0,0,-0.005004344891933424,0,0,0,101325,100
15020000000,0,0,9.81,0,0,-0.005007883006510961,0,0,0,101325,100
15040000000,0,0,9.81,0,0,-0.006440415653044581,0,0,0,101325,100
15060000000,0,0,9.81,0,0,-0.0045318488417477615,0,0,0,101325,100
15080000000,0,0,9.81,0,0,-0.004328499156051516,0,0,0,101325,100
15100000000,0,0,9.81,0,0,-0.004766746314464406,0,0,0,101325,100
15120000000,0,0,9.81,0,0,-0.003513183304171259,0,0,0,101325,100
15140000000,0,0,9.81,0,0,-0.004196574277070203,0,0,0,101325,100
15160000000,0,0,9.81,0,0,-0.004121262155887512,0,0,0,101325,100
15180000000,0,0,9.81,0,0,-0.004671378616773631,0,0,0,101325,100
15200000000,0,0,9.81,0,0,-0.005442785625818354,0,0,0,101325,100
15220000000,0,0,9.81,0,0,-0.004073711962429833,0,0,0,101325,100
15240000000,0,0,9.81,0,0,-0.003385378341112424,0,0,0,101325,100
15260000000,0,0,9.81,0,0,-0.0030636149713350854,0,0,0,101325,100
15280000000,0,0,9.81,0,0,-0.003969961649660848,0,0,0,101325,100
15300000000,0,0,9.81,0,0,-0.005225266433695127,0,0,0,101325,100
15320000000,0,0,9.81,0,0,-0.004417348432680863,0,0,0,101325,100
15340000000,0,0,9.81,0,0,-0.003989871829963246,0,0,0,101325,100
15360000000,0,0,9.81,0,0,-0.005088942981670678,0,0,0,101325,100
15380000000,0,0,9.81,0,0,-0.004452739309728033,0,0,0,101325,100
15400000000,0,0,9.81,0,0,-0.00468933037129376,0,0,0,101325,100
15420000000,0,0,9.81,0,0,-0.00483358767710079,0,0,0,101325,100
15440000000,0,0,9.81,0,0,-0.005021973962779741,0,0,0,101325,100
15460000000,0,0,9.81,0,0,-0.003853499239267465,0,0,0,101325,100
15480000000,0,0,9.81,0,0,-0.0036521059895714167,0,0,0,101325,100
15500000000,0,0,9.81,0,0,-0.003050330780258223,0,0,0,101325,100
15520000000,0,0,9.81,0,0,-0.0043559410095353,0,0,0,101325,100
15540000000,0,0,9.81,0,0,-0.004068764341979378,0,0,0,101325,100
15560000000,0,0,9.81,0,0,-0.005635499354087397,0,0,0,101325,100
15580000000,0,0,9.81,0,0,-0.0038776005828426727,0,0,0,101325,100
15600000000,0,0,9.81,0,0,-0.002928856300299673,0,0,0,101325,100
15620000000,0,0,9.81,0,0,-0.004805192001485641,0,0,0,101325,100
15640000000,0,0,9.81,0,0,-0.003689749607119962,0,0,0,101325,100
15660000000,0,0,9.81,0,0,-0.004579772351579656,0,0,0,101325,100
15680000000,0,0,9.81,0,0,-0.003669076777430802,0,0,0,101325,100
15700000000,0,0,9.81,0,0,-0.0034886290545929326,0,0,0,101325,100
15720000000,0,0,9.81,0,0,-0.005388914102305728,0,0,0,101325,100
15740000000,0,0,9.81,0,0,-0.004909181337571334,0,0,0,101325,100
15760000000,0,0,9.81,0,0,-0.004775367729295692,0,0,0,101325,100
15780000000,0,0,9.81,0,0,-0.004302015258907089,0,0,0,101325,100
15800000000,0,0,9.81,0,0,-0.0029787792509731,0,0,0,101325,100
15820000000,0,0,9.81,0,0,-0.004086787952765397,0,0,0,101325,100
15840000000,0,0,9.81,0,0,-0.0040057076689551515,0,0,0,101325,100
15860000000,0,0,9.81,0,0,-0.003956133286059723,0,0,0,101325,100
15880000000,0,0,9.81,0,0,-0.00469158695458294,0,0,0,101325,100
15900000000,0,0,9.81,0,0,-0.0031764084281290664,0,0,0,101325,100
15920000000,0,0,9.81,0,0,-0.0036710799299078884,0,0,0,101325,100
15940000000,0,0,9.81,0,0,-0.0034352479476177813,0,0,0,101325,100
15960000000,0,0,9.81,0,0,-0.00389577245415707,0,0,0,101325,100
15980000000,0,0,9.81,0,0,-0.005320452296745713,0,0,0,101325,100
16000000000,0,0,9.81,0,0,-0.0036522201132859864,0,0,0,101325,100
16020000000,0,0,9.81,0,0,-0.004671715120587641,0,0,0,101325,100
16040000000,0,0,9.81,0,0,-0.004917683314466406,0,0,0,101325,100
16059999999,0,0,9.81,0,0,-0.0017666577648137371,0,0,0,101325,100
16079999999,0,0,9.81,0,0,-0.003315189859252078,0,0,0,101325,100
16100000000,0,0,9.81,0,0,-0.004482698715424969,0,0,0,101325,100
16120000000,0,0,9.81,0,0,-0.003393089358651382,0,0,0,101325,100
16140000000,0,0,9.81,0,0,-0.003150705454755351,0,0,0,101325,100
16160000000,0,0,9.81,0,0,-0.003919683095487345,0,0,0,101325,100
16180000000,0,0,9.81,0,0,-0.004466718206358244,0,0,0,101325,100
16200000000,0,0,9.81,0,0,-0.003256161743246005,0,0,0,101325,100
16219999999,0,0,9.81,0,0,-0.0034520376878226697,0,0,0,101325,100
16239999999,0,0,9.81,0,0,-0.003514433524887413,0,0,0,101325,100
16260000000,0,0,9.81,0,0,-0.005580877959091991,0,0,0,101325,100
16280000000,0,0,9.81,0,0,-0.0037320423108636474,0,0,0,101325,100
16300000000,0,0,9.81,0,0,-0.0023124890758064046,0,0,0,101325,100
16320000000,0,0,9.81,0,0,-0.005069641313041566,0,0,0,101325,100
16340000000,0,0,9.81,0,0,-0.004475091651650123,0,0,0,101325,100
16360000000,0,0,9.81,0,0,-0.004811962013283467,0,0,0,101325,100
16379999999,0,0,9.81,0,0,-0.004563132326833814,0,0,0,101325,100
16399999999,0,0,9.81,0,0,-0.0042518707162087725,0,0,0,101325,100
16420000000,0,0,9.81,0,0,-0.0023456803678077506,0,0,0,101325,100
16440000000,0,0,9.81,0,0,-0.004385828675137739,0,0,0,101325,100
16460000000,0,0,9.81,0,0,-0.002711483617883346,0,0,0,101325,100
16480000000,0,0,9.81,0,0,-0.004953114631497453,0,0,0,101325,100
16500000000,0,0,9.81,0,0,-0.0035618375418708503,0,0,0,101325,100
16520000000,0,0,9.81,0,0,-0.004163761892453656,0,0,0,101325,100
16540000000,0,0,9.81,0,0,-0.004486630779890607,0,0,0,101325,100
16559999999,0,0,9.81,0,0,-0.0038688684254660484,0,0,0,101325,100
16579999999,0,0,9.81,0,0,-0.0029370968559708573,0,0,0,101325,100
16600000000,0,0,9.81,0,0,-0.0037655070884308737,0,0,0,101325,100
16620000000,0,0,9.81,0,0,-0.003530174669387886,0,0,0,101325,100
16640000000,0,0,9.81,0,0,-0.004037183549931512,0,0,0,101325,100
16660000000,0,0,9.81,0,0,-0.0036828947794209617,0,0,0,101325,100
16680000000,0,0,9.81,0,0,-0.0037464908129291753,0,0,0,101325,100
16700000000,0,0,9.81,0,0,-0.0033783125216352156,0,0,0,101325,100
16719999999,0,0,9.81,0,0,-0.004210862431041298,0,0,0,101325,100
16739999999,0,0,9.81,0,0,-0.004623447847941371,0,0,0,101325,100
16760000000,0,0,9.81,0,0,-0.004511000141182824,0,0,0,101325,100
16780000000,0,0,9.81,0,0,-0.004527798936701548,0,0,0,101325,100
16800000000,0,0,9.81,0,0,-0.003622585968216959,0,0,0,101325,100
16820000000,0,0,9.81,0,0,-0.004801131655268612,0,0,0,101325,100
16840000000,0,0,9.81,0,0,-0.003459589209236373,0,0,0,101325,100
16860000000,0,0,9.81,0,0,-0.003879961319898706,0,0,0,101325,100
16879999999,0,0,9.81,0,0,-0.002981783988924178,0,0,0,101325,100
16899999999,0,0,9.81,0,0,-0.003907290939023306,0,0,0,101325,100
16920000000,0,0,9.81,0,0,-0.0031454264494776584,0,0,0,101325,100
16940000000,0,0,9.81,0,0,-0.003707564041038739,0,0,0,101325,100
16960000000,0,0,9.81,0,0,-0.0039266069554426755,0,0,0,101325,100
16980000000,0,0,9.81,0,0,-0.004355329080508151,0,0,0,101325,100
17000000000,0,0,9.81,0,0,-0.003675431306344917,0,0,0,101325,100
17020000000,0,0,9.81,0,0,-0.004008714868022826,0,0,0,101325,100
17040000000,0,0,9.81,0,0,-0.004640556514148192,0,0,0,101325,100
17059999999,0,0,9.81,0,0,-0.0045247287860482365,0,0,0,101325,100
17079999999,0,0,9.81,0,0,-0.005795272747683226,0,0,0,101325,100
17100000000,0,0,9.81,0,0,-0.0030720891253363776,0,0,0,101325,100
17120000000,0,0,9.81,0,0,-0.0030900524220295635,0,0,0,101325,100
17140000000,0,0,9.81,0,0,-0.004512558794915921,0,0,0,101325,100
17160000000,0,0,9.81,0,0,-0.005209363808780818,0,0,0,101325,100
17180000000,0,0,9.81,0,0,-0.0035034813170435404,0,0,0,101325,100
17200000000,0,0,9.81,0,0,-0.003117240533002369,0,0,0,101325,100
17220000000,0,0,9.81,0,0,-0.004122789372603691,0,0,0,101325,100
17240000000,0,0,9.81,0,0,-0.004681093426892272,0,0,0,101325,100
17260000000,0,0,9.81,0,0,-0.002982228213809031,0,0,0,101325,100
17280000000,0,0,9.81,0,0,-0.0033195641170347258,0,0,0,101325,100
17300000000,0,0,9.81,0,0,-0.003195970392156525,0,0,0,101325,100
17320000000,0,0,9.81,0,0,-0.0024361726292413295,0,0,0,101325,100
17340000000,0,0,9.81,0,0,-0.0041286049072121285,0,0,0,101325,100
17360000000,0,0,9.81,0,0,-0.003952266148671091,0,0,0,101325,100
17380000000,0,0,9.81,0,0,-0.002329596157211642,0,0,0,101325,100
17400000000,0,0,9.81,0,0,-0.003356719495357708,0,0,0,101325,100
17420000000,0,0,9.81,0,0,-0.0019245803632434015,0,0,0,101325,100
17440000000,0,0,9.81,0,0,-0.006384991068215461,0,0,0,101325,100
17460000000,0,0,9.81,0,0,-0.005447689075875156,0,0,0,101325,100
17480000000,0,0,9.81,0,0,-0.0035946380753784095,0,0,0,101325,100
17500000000,0,0,9.81,0,0,-0.0037038651976451994,0,0,0,101325,100
17520000000,0,0,9.81,0,0,-0.005122426602673018,0,0,0,101325,100
17540000000,0,0,9.81,0,0,-0.004945636949521472,0,0,0,101325,100
17560000000,0,0,9.81,0,0,-0.0049009186387336656,0,0,0,101325,100
17580000000,0,0,9.81,0,0,-0.0035834357676003013,0,0,0,101325,100
17600000000,0,0,9.81,0,0,-0.005395237636860173,0,0,0,101325,100
17620000000,0,0,9.81,0,0,-0.004285956667446567,0,0,0,101325,100
17640000000,0,0,9.81,0,0,-0.004833953924862486,0,0,0,101325,100
17660000000,0,0,9.81,0,0,-0.006803312135497648,0,0,0,101325,100
17680000000,0,0,9.81,0,0,-0.003927976240364834,0,0,0,101325,100
17700000000,0,0,9.81,0,0,-0.0025518304271822004,0,0,0,101325,100
17720000000,0,0,9.81,0,0,-0.004353350522638348,0,0,0,101325,100
17740000000,0,0,9.81,0,0,-0.0035106444040263556,0,0,0,101325,100
17760000000,0,0,9.81,0,0,-0.004138075019281731,0,0,0,101325,100
17780000000,0,0,9.81,0,0,-0.004349540987472807,0,0,0,101325,100
17800000000,0,0,9.81,0,0,-0.005642355139430469,0,0,0,101325,100
17820000000,0,0,9.81,0,0,-0.004340911461007745,0,0,0,101325,100
17840000000,0,0,9.81,0,0,-0.005956729419838214,0,0,0,101325,100
17860000000,0,0,9.81,0,0,-0.0047353454604829905,0,0,0,101325,100
17880000000,0,0,9.81,0,0,-0.004069264229763512,0,0,0,101325,100
17900000000,0,0,9.81,0,0,-0.004042417509212568,0,0,0,101325,100
17920000000,0,0,9.81,0,0,-0.004901090951376306,0,0,0,101325,100
17940000000,0,0,9.81,0,0,-0.004330552401712405,0,0,0,101325,100
17960000000,0,0,9.81,0,0,-0.005102738543944826,0,0,0,101325,100
17980000000,0,0,9.81,0,0,-0.003518594069930153,0,0,0,101325,100
18000000000,0,0,9.81,0,0,-0.005194068367873821,0,0,0,101325,100
18020000000,0,0,9.81,0,0,-0.001759268663087273,0,0,0,101325,100
18040000000,0,0,9.81,0,0,-0.0034338484288257923,0,0,0,101325,100
18060000000,0,0,9.81,0,0,-0.0042237318118228005,0,0,0,101325,100
18080000000,0,0,9.81,0,0,-0.002571449068085969,0,0,0,101325,100
18100000000,0,0,9.81,0,0,-0.0049505488572861075,0,0,0,101325,100
18120000000,0,0,9.81,0,0,-0.003050780778893784,0,0,0,101325,100
18140000000,0,0,9.81,0,0,-0.004689927525218136,0,0,0,101325,100
18160000000,0,0,9.81,0,0,-0.00408716851460978,0,0,0,101325,100
18180000000,0,0,9.81,0,0,-0.004612942063439333,0,0,0,101325,100
18200000000,0,0,9.81,0,0,-0.004802156197490765,0,0,0,101325,100
18220000000,0,0,9.81,0,0,-0.004641144378557099,0,0,0,101325,100
18240000000,0,0,9.81,0,0,-0.003966849878576119,0,0,0,101325,100
18260000000,0,0,9.81,0,0,-0.004399517053827724,0,0,0,101325,100
18280000000,0,0,9.81,0,0,-0.002517168245498207,0,0,0,101325,100
18300000000,0,0,9.81,0,0,-0.00405961036319939,0,0,0,101325,100
18320000000,0,0,9.81,0,0,-0.006479978526086032,0,0,0,101325,100
18340000000,0,0,9.81,0,0,-0.004800640098105576,0,0,0,101325,100
18360000000,0,0,9.81,0,0,-0.00440654570637095,0,0,0,101325,100
18380000000,0,0,9.81,0,0,-0.0038959200588056723,0,0,0,101325,100
18400000000,0,0,9.81,0,0,-0.003643326800021726,0,0,0,101325,100
18420000000,0,0,9.81,0,0,-0.005320741978693287,0,0,0,101325,100
18440000000,0,0,9.81,0,0,-0.00400747600147158,0,0,0,101325,100
18460000000,0,0,9.81,0,0,-0.004940780034640976,0,0,0,101325,100
18480000000,0,0,9.81,0,0,-0.004123486645287903,0,0,0,101325,100
18500000000,0,0,9.81,0,0,-0.004449298765829154,0,0,0,101325,100
18520000000,0,0,9.81,0,0,-0.0031114127240457713,0,0,0,101325,100
18540000000,0,0,9.81,0,0,-0.0033181152947900057,0,0,0,101325,100
18560000000,0,0,9.81,0,0,-0.002862630247571033,0,0,0,101325,100
18580000000,0,0,9.81,0,0,-0.004891810814765205,0,0,0,101325,100
18600000000,0,0,9.81,0,0,-0.004663416448413081,0,0,0,101325,100
18620000000,0,0,9.81,0,0,-0.0041800672293136765,0,0,0,101325,100
18640000000,0,0,9.81,0,0,-0.004709074992840833,0,0,0,101325,100
18660000000,0,0,9.81,0,0,-0.004771071800980432,0,0,0,101325,100
18680000000,0,0,9.81,0,0,-0.0037708294901559664,0,0,0,101325,100
18700000000,0,0,9.81,0,0,-0.0022879902513040845,0,0,0,101325,100
18720000000,0,0,9.81,0,0,-0.003928815509110496,0,0,0,101325,100
18740000000,0,0,9.81,0,0,-0.0028421404253852044,0,0,0,101325,100
18760000000,0,0,9.81,0,0,-0.005465223683886631,0,0,0,101325,100
18780000000,0,0,9.81,0,0,-0.0024505373440689582,0,0,0,101325,100
18800000000,0,0,9.81,0,0,-0.002288213435596523,0,0,0,101325,100
18820000000,0,0,9.81,0,0,-0.004053984245999332,0,0,0,101325,100
18840000000,0,0,9.81,0,0,-0.004649684717212559,0,0,0,101325,100
18860000000,0,0,9.81,0,0,-0.0036696130345083514,0,0,0,101325,100
18880000000,0,0,9.81,0,0,-0.005667287599949342,0,0,0,101325,100
18900000000,0,0,9.81,0,0,-0.003946442498569397,0,0,0,101325,100
18920000000,0,0,9.81,0,0,-0.005746014622020036,0,0,0,101325,100
18940000000,0,0,9.81,0,0,-0.0028161109699636287,0,0,0,101325,100
18960000000,0,0,9.81,0,0,-0.004240093091699234,0,0,0,101325,100
18980000000,0,0,9.81,0,0,-0.004860762031995252,0,0,0,101325,100
19000000000,0,0,9.81,0,0,-0.006044040164328449,0,0,0,101325,100
19020000000,0,0,9.81,0,0,-0.002935242957806284,0,0,0,101325,100
19040000000,0,0,9.81,0,0,-0.004110965437345396,0,0,0,101325,100
19060000000,0,0,9.81,0,0,-0.004669157631078623,0,0,0,101325,100
19080000000,0,0,9.81,0,0,-0.003145794941388712,0,0,0,101325,100
19100000000,0,0,9.81,0,0,-0.005364002984281285,0,0,0,101325,100
19120000000,0,0,9.81,0,0,-0.003227758758848104,0,0,0,101325,100
19140000000,0,0,9.81,0,0,-0.0030250834212185835,0,0,0,101325,100
19160000000,0,0,9.81,0,0,-0.004401169252198134,0,0,0,101325,100
19180000000,0,0,9.81,0,0,-0.003110926195503544,0,0,0,101325,100
19200000000,0,0,9.81,0,0,-0.0026731129925168344,0,0,0,101325,100
19220000000,0,0,9.81,0,0,-0.004795536551065744,0,0,0,101325,100
19240000000,0,0,9.81,0,0,-0.0047512147873091885,0,0,0,101325,100
19260000000,0,0,9.81,0,0,-0.0034151241373512075,0,0,0,101325,100
19280000000,0,0,9.81,0,0,-0.0034657083837668296,0,0,0,101325,100
19300000000,0,0,9.81,0,0,-0.004806938421354564,0,0,0,101325,100
19320000000,0,0,9.81,0,0,-0.006860235811589061,0,0,0,101325,100
19340000000,0,0,9.81,0,0,-0.005476673452746574,0,0,0,101325,100
19360000000,0,0,9.81,0,0,-0.003050286120104472,0,0,0,101325,100
19380000000,0,0,9.81,0,0,-0.004560739032818038,0,0,0,101325,100
19400000000,0,0,9.81,0,0,-0.004947488989872454,0,0,0,101325,100
19420000000,0,0,9.81,0,0,-0.003798931664519558,0,0,0,101325,100
19440000000,0,0,9.81,0,0,-0.005665182688243385,0,0,0,101325,100
19460000000,0,0,9.81,0,0,-0.002178770602040368,0,0,0,101325,100
19480000000,0,0,9.81,0,0,-0.0058210691652793,0,0,0,101325,100
19500000000,0,0,9.81,0,0,-0.004297820485164653,0,0,0,101325,100
19520000000,0,0,9.81,0,0,-0.0037941558515452423,0,0,0,101325,100
19540000000,0,0,9.81,0,0,-0.003587933561436111,0,0,0,101325,100
19560000000,0,0,9.81,0,0,-0.005097933996600052,0,0,0,101325,100
19580000000,0,0,9.81,0,0,-0.004426528519794244,0,0,0,101325,100
19600000000,0,0,9.81,0,0,-0.003222502622959433,0,0,0,101325,100
19620000000,0,0,9.81,0,0,-0.004010331378728602,0,0,0,101325,100
19640000000,0,0,9.81,0,0,-0.0035312832102397094,0,0,0,101325,100
19660000000,0,0,9.81,0,0,-0.003987519948224807,0,0,0,101325,100
19680000000,0,0,9.81,0,0,-0.003951233343841767,0,0,0,101325,100
19700000000,0,0,9.81,0,0,-0.004875696315154248,0,0,0,101325,100
19720000000,0,0,9.81,0,0,-0.0051561194551362375,0,0,0,101325,100
19740000000,0,0,9.81,0,0,-0.0043631439930131456,0,0,0,101325,100
19760000000,0,0,9.81,0,0,-0.0051032600320058035,0,0,0,101325,100
19780000000,0,0,9.81,0,0,-0.002871951839546842,0,0,0,101325,100
19800000000,0,0,9.81,0,0,-0.003494103323449994,0,0,0,101325,100
19820000000,0,0,9.81,0,0,-0.0030415609344180065,0,0,0,101325,100
19840000000,0,0,9.81,0,0,-0.005425621068429699,0,0,0,101325,100
19860000000,0,0,9.81,0,0,-0.005264244945744692,0,0,0,101325,100
19880000000,0,0,9.81,0,0,-0.0035534123706172024,0,0,0,101325,100
19900000000,0,0,9.81,0,0,-0.003982142129724163,0,0,0,101325,100
19920000000,0,0,9.81,0,0,-0.003924250552641841,0,0,0,101325,100
19940000000,0,0,9.81,0,0,-0.003276422134283913,0,0,0,101325,100
19960000000,0,0,9.81,0,0,-0.0050054540671307214,0,0,0,101325,100
19980000000,0,0,9.81,0,0,-0.005235762944801835,0,0,0,101325,100
20000000000,0,0,9.81,0,0,-0.00487580650847276,0,0,0,101325,100
20020000000,0,0,9.81,0,0,-0.0023042355893939225,0,0,0,101325,100
20040000000,0,0,9.81,0,0,-0.004179302451418646,0,0,0,101325,100
20060000000,0,0,9.81,0,0,-0.004818195651800401,0,0,0,101325,100
20080000000,0,0,9.81,0,0,-0.002871723025692278,0,0,0,101325,100
20100000000,0,0,9.81,0,0,-0.0033572788834994568,0,0,0,101325,100
20120000000,0,0,9.81,0,0,-0.003376165225948846,0,0,0,101325,100
20140000000,0,0,9.81,0,0,-0.003593950869148481,0,0,0,101325,100
20160000000,0,0,9.81,0,0,-0.0043270177689731185,0,0,0,101325,100
20180000000,0,0,9.81,0,0,-0.002594271456817645,0,0,0,101325,100
20200000000,0,0,9.81,0,0,-0.003407952071094983,0,0,0,101325,100
20220000000,0,0,9.81,0,0,-0.005174763315810539,0,0,0,101325,100
20240000000,0,0,9.81,0,0,-0.005126098159771367,0,0,0,101325,100
20260000000,0,0,9.81,0,0,-0.004703301400656748,0,0,0,101325,100
20280000000,0,0,9.81,0,0,-0.0033893683076451414,0,0,0,101325,100
20300000000,0,0,9.81,0,0,-0.004674521295108307,0,0,0,101325,100
20320000000,0,0,9.81,0,0,-0.004369183406657058,0,0,0,101325,100
20340000000,0,0,9.81,0,0,-0.004538426214811551,0,0,0,101325,100
20360000000,0,0,9.81,0,0,-0.004071967717149099,0,0,0,101325,100
20380000000,0,0,9.81,0,0,-0.0030584803476503275,0,0,0,101325,100
20400000000,0,0,9.81,0,0,-0.004510980807898589,0,0,0,101325,100
20420000000,0,0,9.81,0,0,-0.004117568651715402,0,0,0,101325,100
20440000000,0,0,9.81,0,0,-0.002630824621568904,0,0,0,101325,100
20460000000,0,0,9.81,0,0,-0.005465455111561327,0,0,0,101325,100
20480000000,0,0,9.81,0,0,-0.0038437210753218673,0,0,0,101325,100
20500000000,0,0,9.81,0,0,-0.003950056726722182,0,0,0,101325,100
20520000000,0,0,9.81,0,0,-0.0041810680650070965,0,0,0,101325,100
20540000000,0,0,9.81,0,0,-0.003231948342457718,0,0,0,101325,100
20560000000,0,0,9.81,0,0,-0.002209264892377152,0,0,0,101325,100
20580000000,0,0,9.81,0,0,-0.004104913097291186,0,0,0,101325,100
20600000000,0,0,9.81,0,0,-0.004148860944079846,0,0,0,101325,100
20620000000,0,0,9.81,0,0,-0.0035512412621826897,0,0,0,101325,100
20640000000,0,0,9.81,0,0,-0.005133250966770976,0,0,0,101325,100
20660000000,0,0,9.81,0,0,-0.004418860135412695,0,0,0,101325,100
20680000000,0,0,9.81,0,0,-0.003838388395512367,0,0,0,101325,100
20700000000,0,0,9.81,0,0,-0.003917833816524992,0,0,0,101325,100
20720000000,0,0,9.81,0,0,-0.004747588809456268,0,0,0,101325,100
20740000000,0,0,9.81,0,0,-0.0031522806435144274,0,0,0,101325,100
20760000000,0,0,9.81,0,0,-0.005098702559566152,0,0,0,101325,100
20780000000,0,0,9.81,0,0,-0.004716455667843539,0,0,0,101325,100
20800000000,0,0,9.81,0,0,-0.0049861297496163436,0,0,0,101325,100
20820000000,0,0,9.81,0,0,-0.0037716135366067595,0,0,0,101325,100
20840000000,0,0,9.81,0,0,-0.0034023814153251804,0,0,0,101325,100
20860000000,0,0,9.81,0,0,-0.00419739720574245,0,0,0,101325,100
20880000000,0,0,9.81,0,0,-0.0030995797222609194,0,0,0,101325,100
20900000000,0,0,9.81,0,0,-0.004465820572955956,0,0,0,101325,100
20920000000,0,0,9.81,0,0,-0.004024836495308692,0,0,0,101325,100
20940000000,0,0,9.81,0,0,-0.003915506236239452,0,0,0,101325,100
20960000000,0,0,9.81,0,0,-0.00413511361614001,0,0,0,101325,100
20980000000,0,0,9.81,0,0,-0.003950955568301219,0,0,0,101325,100
21000000000,0,0,9.81,0,0,-0.004991753359170108,0,0,0,101325,100
21020000000,0,0,9.81,0,0,-0.005924274379644006,0,0,0,101325,100
21040000000,0,0,9.81,0,0,-0.0045824590102084665,0,0,0,101325,100
21060000000,0,0,9.81,0,0,-0.004434922112947295,0,0,0,101325,100
21080000000,0,0,9.81,0,0,-0.004313905023479138,0,0,0,101325,100
21100000000,0,0,9.81,0,0,-0.005014729507977278,0,0,0,101325,100
21120000000,0,0,9.81,0,0,-0.005197243715679524,0,0,0,101325,100
21140000000,0,0,9.81,0,0,-0.002357538835397692,0,0,0,101325,100
21160000000,0,0,9.81,0,0,-0.0034551014026149096,0,0,0,101325,100
21180000000,0,0,9.81,0,0,-0.0038163515075029316,0,0,0,101325,100
21200000000,0,0,9.81,0,0,-0.003962313089120117,0,0,0,101325,100
21220000000,0,0,9.81,0,0,-0.004660917901580491,0,0,0,101325,100
21240000000,0,0,9.81,0,0,-0.00422726028512274,0,0,0,101325,100
21260000000,0,0,9.81,0,0,-0.0031143535882455255,0,0,0,101325,100
21280000000,0,0,9.81,0,0,-0.0032336686462293087,0,0,0,101325,100
21300000000,0,0,9.81,0,0,-0.004599926034596861,0,0,0,101325,100
21320000000,0,0,9.81,0,0,-0.0045298010515316635,0,0,0,101325,100
21340000000,0,0,9.81,0,0,-0.004563340254347979,0,0,0,101325,100
21360000000,0,0,9.81,0,0,-0.004720443173810606,0,0,0,101325,100
21380000000,0,0,9.81,0,0,-0.0033092842609864096,0,0,0,101325,100
21400000000,0,0,9.81,0,0,-0.0035443210778045163,0,0,0,101325,100
21420000000,0,0,9.81,0,0,-0.0038305236300954157,0,0,0,101325,100
21440000000,0,0,9.81,0,0,-0.004628301561804902,0,0,0,101325,100
21460000000,0,0,9.81,0,0,-0.0030123687271509498,0,0,0,101325,100
21480000000,0,0,9.81,0,0,-0.004084577739532876,0,0,0,101325,100
21500000000,0,0,9.81,0,0,-0.006285506677439502,0,0,0,101325,100
21520000000,0,0,9.81,0,0,-0.0030045889739661064,0,0,0,101325,100
21540000000,0,0,9.81,0,0,-0.003907451888040264,0,0,0,101325,100
21560000000,0,0,9.81,0,0,-0.004623296624066774,0,0,0,101325,100
21580000000,0,0,9.81,0,0,-0.0029684114422544624,0,0,0,101325,100
21600000000,0,0,9.81,0,0,-0.006150656563421376,0,0,0,101325,100
21620000000,0,0,9.81,0,0,-0.004681857894422295,0,0,0,101325,100
21640000000,0,0,9.81,0,0,-0.0035171898739056458,0,0,0,101325,100
21660000000,0,0,9.81,0,0,-0.004735622590875939,0,0,0,101325,100
21680000000,0,0,9.81,0,0,-0.0023374073445651482,0,0,0,101325,100
21700000000,0,0,9.81,0,0,-0.0023841513027180335,0,0,0,101325,100
21720000000,0,0,9.81,0,0,-0.0038601969869749677,0,0,0,101325,100
21740000000,0,0,9.81,0,0,-0.003911050778167718,0,0,0,101325,100
21760000000,0,0,9.81,0,0,-0.002602752224376513,0,0,0,101325,100
21780000000,0,0,9.81,0,0,-0.0035553484920398883,0,0,0,101325,100
21800000000,0,0,9.81,0,0,-0.005010210377400977,0,0,0,101325,100
21820000000,0,0,9.81,0,0,-0.004319625741497093,0,0,0,101325,100
21840000000,0,0,9.81,0,0,-0.004861401726314437,0,0,0,101325,100
21860000000,0,0,9.81,0,0,-0.003564664078227692,0,0,0,101325,100
21880000000,0,0,9.81,0,0,-0.003941478653052025,0,0,0,101325,100
21900000000,0,0,9.81,0,0,-0.0028706362620782803,0,0,0,101325,100
21920000000,0,0,9.81,0,0,-0.0038665990281811133,0,0,0,101325,100
21940000000,0,0,9.81,0,0,-0.004759552564930115,0,0,0,101325,100
21960000000,0,0,9.81,0,0,-0.005066266796936579,0,0,0,101325,100
21980000000,0,0,9.81,0,0,-0.002774735604875998,0,0,0,101325,100
22000000000,0,0,9.81,0,0,-0.002978634983137415,0,0,0,101325,100
22020000000,0,0,9.81,0,0,-0.0048210098909123745,0,0,0,101325,100
22040000000,0,0,9.81,0,0,-0.005379709225176035,0,0,0,101325,100
22060000000,0,0,9.81,0,0,-0.005463481517851736,0,0,0,101325,100
22080000000,0,0,9.81,0,0,-0.0032262384014616965,0,0,0,101325,100
22100000000,0,0,9.81,0,0,-0.004416896213764055,0,0,0,101325,100
22120000000,0,0,9.81,0,0,-0.0025116214134198516,0,0,0,101325,100
22140000000,0,0,9.81,0,0,-0.0044496845005324035,0,0,0,101325,100
22160000000,0,0,9.81,0,0,-0.004344676187109598,0,0,0,101325,100
22180000000,0,0,9.81,0,0,-0.004304334735182707,0,0,0,101325,100
22200000000,0,0,9.81,0,0,-0.00354695742884737,0,0,0,101325,100
22220000000,0,0,9.81,0,0,-0.002562079012606006,0,0,0,101325,100
22240000000,0,0,9.81,0,0,-0.004904238522605825,0,0,0,101325,100
22260000000,0,0,9.81,0,0,-0.0033909693213507825,0,0,0,101325,100
22280000000,0,0,9.81,0,0,-0.0028545088807703555,0,0,0,101325,100
22300000000,0,0,9.81,0,0,-0.004206442503913054,0,0,0,101325,100
22320000000,0,0,9.81,0,0,-0.004410333580570583,0,0,0,101325,100
22340000000,0,0,9.81,0,0,-0.0031125274736089935,0,0,0,101325,100
22360000000,0,0,9.81,0,0,-0.004593450130052887,0,0,0,101325,100
22380000000,0,0,9.81,0,0,-0.0043092388680548025,0,0,0,101325,100
22400000000,0,0,9.81,0,0,-0.004890829092130145,0,0,0,101325,100
22420000000,0,0,9.81,0,0,-0.004515452533715325,0,0,0,101325,100
22440000000,0,0,9.81,0,0,-0.003824857029173715,0,0,0,101325,100
22460000000,0,0,9.81,0,0,-0.0037389793594600823,0,0,0,101325,100
22480000000,0,0,9.81,0,0,-0.004256263459347588,0,0,0,101325,100
22500000000,0,0,9.81,0,0,-0.003985583291518273,0,0,0,101325,100
22520000000,0,0,9.81,0,0,-0.005202174391901887,0,0,0,101325,100
22540000000,0,0,9.81,0,0,-0.002257561896758224,0,0,0,101325,100
22560000000,0,0,9.81,0,0,-0.00501609271667589,0,0,0,101325,100
22580000000,0,0,9.81,0,0,-0.0036240122723154742,0,0,0,101325,100
22600000000,0,0,9.81,0,0,-0.004770278344444005,0,0,0,101325,100
22620000000,0,0,9.81,0,0,-0.0040813087306623185,0,0,0,101325,100
22640000000,0,0,9.81,0,0,-0.005853481883375819,0,0,0,101325,100
22660000000,0,0,9.81,0,0,-0.004696463796087004,0,0,0,101325,100
22680000000,0,0,9.81,0,0,-0.0051722252150500905,0,0,0,101325,100
22700000000,0,0,9.81,0,0,-0.0038151674039377903,0,0,0,101325,100
22720000000,0,0,9.81,0,0,-0.004016282242818816,0,0,0,101325,100
22740000000,0,0,9.81,0,0,-0.004910241675724722,0,0,0,101325,100
22760000000,0,0,9.81,0,0,-0.004967174927545577,0,0,0,101325,100
22780000000,0,0,9.81,0,0,-0.0037501958371447238,0,0,0,101325,100
22800000000,0,0,9.81,0,0,-0.004540741212435029,0,0,0,101325,100
22820000000,0,0,9.81,0,0,-0.0036010425006650104,0,0,0,101325,100
22840000000,0,0,9.81,0,0,-0.0038637676126764857,0,0,0,101325,100
22860000000,0,0,9.81,0,0,-0.004524551361526307,0,0,0,101325,100
22880000000,0,0,9.81,0,0,-0.004355955523775319,0,0,0,101325,100
22900000000,0,0,9.81,0,0,-0.005733053016584784,0,0,0,101325,100
22920000000,0,0,9.81,0,0,-0.004135257454196468,0,0,0,101325,100
22940000000,0,0,9.81,0,0,-0.004320868747444142,0,0,0,101325,100
22960000000,0,0,9.81,0,0,-0.004138670494769752,0,0,0,101325,100
22980000000,0,0,9.81,0,0,-0.002839065675172308,0,0,0,101325,100
23000000000,0,0,9.81,0,0,-0.00399343187667406,0,0,0,101325,100
23020000000,0,0,9.81,0,0,-0.004101163494134235,0,0,0,101325,100
23040000000,0,0,9.81,0,0,-0.004118192300960277,0,0,0,101325,100
23060000000,0,0,9.81,0,0,-0.0044843116729916845,0,0,0,101325,100
23080000000,0,0,9.81,0,0,-0.002875479431210771,0,0,0,101325,100
23100000000,0,0,9.81,0,0,-0.004140460223784797,0,0,0,101325,100
23120000000,0,0,9.81,0,0,-0.0030032281230616105,0,0,0,101325,100
23140000000,0,0,9.81,0,0,-0.003492351099325433,0,0,0,101325,100
23160000000,0,0,9.81,0,0,-0.004751745732456561,0,0,0,101325,100
23180000000,0,0,9.81,0,0,-0.003917115821886688,0,0,0,101325,100
23200000000,0,0,9.81,0,0,-0.003131204217131864,0,0,0,101325,100
23220000000,0,0,9.81,0,0,-0.004419675400663806,0,0,0,101325,100
23240000000,0,0,9.81,0,0,-0.004028736630920422,0,0,0,101325,100
23260000000,0,0,9.81,0,0,-0.004292523758532698,0,0,0,101325,100
23280000000,0,0,9.81,0,0,-0.0042719719870047725,0,0,0,101325,100
23300000000,0,0,9.81,0,0,-0.00342186189805571,0,0,0,101325,100
23320000000,0,0,9.81,0,0,-0.004810989588285437,0,0,0,101325,100
23340000000,0,0,9.81,0,0,-0.00438074378750724,0,0,0,101325,100
23360000000,0,0,9.81,0,0,-0.003960834636307421,0,0,0,101325,100
23380000000,0,0,9.81,0,0,-0.0063861190725277486,0,0,0,101325,100
23400000000,0,0,9.81,0,0,-0.00437757061761933,0,0,0,101325,100
23420000000,0,0,9.81,0,0,-0.0040205209158607706,0,0,0,101325,100
23440000000,0,0,9.81,0,0,-0.0037696837265890145,0,0,0,101325,100
23460000000,0,0,9.81,0,0,-0.004672412371350908,0,0,0,101325,100
23480000000,0,0,9.81,0,0,-0.004931409632915449,0,0,0,101325,100
23500000000,0,0,9.81,0,0,-0.0033514773004701248,0,0,0,101325,100
23520000000,0,0,9.81,0,0,-0.004710855298109535,0,0,0,101325,100
23540000000,0,0,9.81,0,0,-0.003726512449755282,0,0,0,101325,100
23560000000,0,0,9.81,0,0,-0.004040583803436768,0,0,0,101325,100
23580000000,0,0,9.81,0,0,-0.004764111219753274,0,0,0,101325,100
23600000000,0,0,9.81,0,0,-0.00452571172248141,0,0,0,101325,100
23620000000,0,0,9.81,0,0,-0.004798501593425507,0,0,0,101325,100
23640000000,0,0,9.81,0,0,-0.0032508334724372684,0,0,0,101325,100
23660000000,0,0,9.81,0,0,-0.003947523210681091,0,0,0,101325,100
23680000000,0,0,9.81,0,0,-0.0056105131736502185,0,0,0,101325,100
23700000000,0,0,9.81,0,0,-0.002499694955356136,0,0,0,101325,100
23720000000,0,0,9.81,0,0,-0.0028964055361284584,0,0,0,101325,100
23740000000,0,0,9.81,0,0,-0.0030021704149379874,0,0,0,101325,100
23760000000,0,0,9.81,0,0,-0.0049020501229635775,0,0,0,101325,100
23780000000,0,0,9.81,0,0,-0.004541981968907682,0,0,0,101325,100
23800000000,0,0,9.81,0,0,-0.004614798090356072,0,0,0,101325,100
23820000000,0,0,9.81,0,0,-0.002831151461007652,0,0,0,101325,100
23840000000,0,0,9.81,0,0,-0.004029685811848485,0,0,0,101325,100
23860000000,0,0,9.81,0,0,-0.0038512815661876365,0,0,0,101325,100
23880000000,0,0,9.81,0,0,-0.00430862989520067,0,0,0,101325,100
23900000000,0,0,9.81,0,0,-0.005307587803286987,0,0,0,101325,100
23920000000,0,0,9.81,0,0,-0.003323203831646708,0,0,0,101325,100
23940000000,0,0,9.81,0,0,-0.0021488693923141485,0,0,0,101325,100
23960000000,0,0,9.81,0,0,-0.004335342136648716,0,0,0,101325,100
23980000000,0,0,9.81,0,0,-0.004874909501078548,0,0,0,101325,100
24000000000,0,0,9.81,0,0,-0.004680983181722999,0,0,0,101325,100
24020000000,0,0,9.81,0,0,-0.004647714675386588,0,0,0,101325,100
24040000000,0,0,9.81,0,0,-0.005379881673539014,0,0,0,101325,100
24060000000,0,0,9.81,0,0,-0.004549222486208842,0,0,0,101325,100
24080000000,0,0,9.81,0,0,-0.004392407985399289,0,0,0,101325,100
24100000000,0,0,9.81,0,0,-0.00541335776604436,0,0,0,101325,100
24120000000,0,0,9.81,0,0,-0.0037304736342049236,0,0,0,101325,100
24140000000,0,0,9.81,0,0,-0.004490404754300927,0,0,0,101325,100
24160000000,0,0,9.81,0,0,-0.0051050470599391315,0,0,0,101325,100
24180000000,0,0,9.81,0,0,-0.004069820438552886,0,0,0,101325,100
24200000000,0,0,9.81,0,0,-0.0027114811236634414,0,0,0,101325,100
24220000000,0,0,9.81,0,0,-0.002880214951726811,0,0,0,101325,100
24240000000,0,0,9.81,0,0,-0.003109090123451219,0,0,0,101325,100
24260000000,0,0,9.81,0,0,-0.0031106756430841634,0,0,0,101325,100
24280000000,0,0,9.81,0,0,-0.003234548317660621,0,0,0,101325,100
24300000000,0,0,9.81,0,0,-0.003445982285517279,0,0,0,101325,100
24320000000,0,0,9.81,0,0,-0.003316422375743143,0,0,0,101325,100
24340000000,0,0,9.81,0,0,-0.002317031916270948,0,0,0,101325,100
24360000000,0,0,9.81,0,0,-0.004409400864824594,0,0,0,101325,100
24380000000,0,0,9.81,0,0,-0.0033559584686441964,0,0,0,101325,100
24400000000,0,0,9.81,0,0,-0.0052609971147310215,0,0,0,101325,100
24420000000,0,0,9.81,0,0,-0.0034940260575015373,0,0,0,101325,100
24440000000,0,0,9.81,0,0,-0.002855949867313986,0,0,0,101325,100
24460000000,0,0,9.81,0,0,-0.00436611207982421,0,0,0,101325,100
24480000000,0,0,9.81,0,0,-0.002572254400054939,0,0,0,101325,100
24500000000,0,0,9.81,0,0,-0.004888637752461356,0,0,0,101325,100
24520000000,0,0,9.81,0,0,-0.002711507417733689,0,0,0,101325,100
24540000000,0,0,9.81,0,0,-0.004280052468243655,0,0,0,101325,100
24560000000,0,0,9.81,0,0,-0.003734672175980324,0,0,0,101325,100
24580000000,0,0,9.81,0,0,-0.004395616737513637,0,0,0,101325,100
24600000000,0,0,9.81,0,0,-0.0035109388098395586,0,0,0,101325,100
24620000000,0,0,9.81,0,0,-0.004205923220340211,0,0,0,101325,100
24640000000,0,0,9.81,0,0,-0.0030856113285710716,0,0,0,101325,100
24660000000,0,0,9.81,0,0,-0.004047042249305472,0,0,0,101325,100
24680000000,0,0,9.81,0,0,-0.003842445731683326,0,0,0,101325,100
24700000000,0,0,9.81,0,0,-0.004284073913569791,0,0,0,101325,100
24720000000,0,0,9.81,0,0,-0.003692608101497602,0,0,0,101325,100
24740000000,0,0,9.81,0,0,-0.004471761691921039,0,0,0,101325,100
24760000000,0,0,9.81,0,0,-0.0042739083793879515,0,0,0,101325,100
24780000000,0,0,9.81,0,0,-0.005269310677626581,0,0,0,101325,100
24800000000,0,0,9.81,0,0,-0.00447366363533094,0,0,0,101325,100
24820000000,0,0,9.81,0,0,-0.004413405167913925,0,0,0,101325,100
24840000000,0,0,9.81,0,0,-0.0041997740189940935,0,0,0,101325,100
24860000000,0,0,9.81,0,0,-0.004027688497863523,0,0,0,101325,100
24880000000,0,0,9.81,0,0,-0.0054157899877827305,0,0,0,101325,100
24900000000,0,0,9.81,0,0,-0.003377408044656504,0,0,0,101325,100
24920000000,0,0,9.81,0,0,-0.002127690468652414,0,0,0,101325,100
24940000000,0,0,9.81,0,0,-0.004043555456986153,0,0,0,101325,100
24960000000,0,0,9.81,0,0,-0.005775243212271135,0,0,0,101325,100
24980000000,0,0,9.81,0,0,-0.0033820182147025076,0,0,0,101325,100
25000000000,0,0,9.81,0,0,-0.004066546759911488,0,0,0,101325,100
25020000000,0,0,9.81,0,0,-0.004249834049238353,0,0,0,101325,100
25040000000,0,0,9.81,0,0,-0.003933156464113452,0,0,0,101325,100
25060000000,0,0,9.81,0,0,-0.00405389762094072,0,0,0,101325,100
25080000000,0,0,9.81,0,0,-0.004249573844954855,0,0,0,101325,100
25100000000,0,0,9.81,0,0,-0.003576544492064096,0,0,0,101325,100
25120000000,0,0,9.81,0,0,-0.003837603518741225,0,0,0,101325,100
25140000000,0,0,9.81,0,0,-0.004334073458617624,0,0,0,101325,100
25160000000,0,0,9.81,0,0,-0.0034425435889716216,0,0,0,101325,100
25180000000,0,0,9.81,0,0,-0.0029559836110672573,0,0,0,101325,100
25200000000,0,0,9.81,0,0,-0.0029284494942306886,0,0,0,101325,100
25220000000,0,0,9.81,0,0,-0.004909366852404933,0,0,0,101325,100
25240000000,0,0,9.81,0,0,-0.003992452810800915,0,0,0,101325,100
25260000000,0,0,9.81,0,0,-0.003502824403632108,0,0,0,101325,100
25280000000,0,0,9.81,0,0,-0.0038990066878780245,0,0,0,101325,100
25300000000,0,0,9.81,0,0,-0.004143112867502166,0,0,0,101325,100
25320000000,0,0,9.81,0,0,-0.0030283617290742405,0,0,0,101325,100
25340000000,0,0,9.81,0,0,-0.003736406862818152,0,0,0,101325,100
25360000000,0,0,9.81,0,0,-0.003628746203955175,0,0,0,101325,100
25380000000,0,0,9.81,0,0,-0.005339037555391997,0,0,0,101325,100
25400000000,0,0,9.81,0,0,-0.005271977596146971,0,0,0,101325,100
25420000000,0,0,9.81,0,0,-0.004467280225083553,0,0,0,101325,100
25440000000,0,0,9.81,0,0,-0.003875862061013275,0,0,0,101325,100
25460000000,0,0,9.81,0,0,-0.0032300699914997793,0,0,0,101325,100
25480000000,0,0,9.81,0,0,-0.004711760318538299,0,0,0,101325,100
25500000000,0,0,9.81,0,0,-0.0026543706976988246,0,0,0,101325,100
25520000000,0,0,9.81,0,0,-0.00387457291560639,0,0,0,101325,100
25540000000,0,0,9.81,0,0,-0.004439393836207053,0,0,0,101325,100
25560000000,0,0,9.81,0,0,-0.00333563317018493,0,0,0,101325,100
25580000000,0,0,9.81,0,0,-0.0027811456760694305,0,0,0,101325,100
25600000000,0,0,9.81,0,0,-0.003968001959642405,0,0,0,101325,100
25620000000,0,0,9.81,0,0,-0.003988197830770372,0,0,0,101325,100
25640000000,0,0,9.81,0,0,-0.0037850647319085363,0,0,0,101325,100
25660000000,0,0,9.81,0,0,-0.0033533710708580494,0,0,0,101325,100
25680000000,0,0,9.81,0,0,-0.004222392648847843,0,0,0,101325,100
25700000000,0,0,9.81,0,0,-0.004061537412720353,0,0,0,101325,100
25720000000,0,0,9.81,0,0,-0.0038857883987361286,0,0,0,101325,100
25740000000,0,0,9.81,0,0,-0.0041583459530026125,0,0,0,101325,100
25760000000,0,0,9.81,0,0,-0.0037219228949737317,0,0,0,101325,100
25780000000,0,0,9.81,0,0,-0.004645397382131988,0,0,0,101325,100
25800000000,0,0,9.81,0,0,-0.005742321597312295,0,0,0,101325,100
25820000000,0,0,9.81,0,0,-0.0044999285159054115,0,0,0,101325,100
25840000000,0,0,9.81,0,0,-0.004375324554021153,0,0,0,101325,100
25860000000,0,0,9.81,0,0,-0.002415336756947533,0,0,0,101325,100
25880000000,0,0,9.81,0,0,-0.0031342624855858047,0,0,0,101325,100
25900000000,0,0,9.81,0,0,-0.003720541712551327,0,0,0,101325,100
25920000000,0,0,9.81,0,0,-0.004484794873206175,0,0,0,101325,100
25940000000,0,0,9.81,0,0,-0.005084107218184419,0,0,0,101325,100
25960000000,0,0,9.81,0,0,-0.004642562987446075,0,0,0,101325,100
25980000000,0,0,9.81,0,0,-0.003642148696911795,0,0,0,101325,100
26000000000,0,0,9.81,0,0,-0.004198024895293276,0,0,0,101325,100
26020000000,0,0,9.81,0,0,-0.004977649075349833,0,0,0,101325,100
26040000000,0,0,9.81,0,0,-0.00391825014442443,0,0,0,101325,100
26060000000,0,0,9.81,0,0,-0.004670808516144675,0,0,0,101325,100
26080000000,0,0,9.81,0,0,-0.0037016028936361074,0,0,0,101325,100
26100000000,0,0,9.81,0,0,-0.0024430568910097294,0,0,0,101325,100
26120000000,0,0,9.81,0,0,-0.0033274446192030627,0,0,0,101325,100
26140000000,0,0,9.81,0,0,-0.006244736008583165,0,0,0,101325,100
26160000000,0,0,9.81,0,0,-0.00311688855771946,0,0,0,101325,100
26180000000,0,0,9.81,0,0,-0.0045486966909226234,0,0,0,101325,100
26200000000,0,0,9.81,0,0,-0.0038512105121701907,0,0,0,101325,100
26220000000,0,0,9.81,0,0,-0.003796275762655217,0,0,0,101325,100
26240000000,0,0,9.81,0,0,-0.0038818216953010894,0,0,0,101325,100
26260000000,0,0,9.81,0,0,-0.005636966283886515,0,0,0,101325,100
26280000000,0,0,9.81,0,0,-0.0029942552070912646,0,0,0,101325,100
26300000000,0,0,9.81,0,0,-0.004916558668108313,0,0,0,101325,100
26320000000,0,0,9.81,0,0,-0.004876035621861831,0,0,0,101325,100
26340000000,0,0,9.81,0,0,-0.0038818588201815648,0,0,0,101325,100
26360000000,0,0,9.81,0,0,-0.0034727247240486973,0,0,0,101325,100
26380000000,0,0,9.81,0,0,-0.004584266430909736,0,0,0,101325,100
26400000000,0,0,9.81,0,0,-0.005467853198524282,0,0,0,101325,100
26420000000,0,0,9.81,0,0,-0.0037189642017726853,0,0,0,101325,100
26440000000,0,0,9.81,0,0,-0.004338120497232578,0,0,0,101325,100
26460000000,0,0,9.81,0,0,-0.003346475345329189,0,0,0,101325,100
26480000000,0,0,9.81,0,0,-0.0030136036558897766,0,0,0,101325,100
26500000000,0,0,9.81,0,0,-0.005160944278096937,0,0,0,101325,100
26520000000,0,0,9.81,0,0,-0.00518832970697327,0,0,0,101325,100
26540000000,0,0,9.81,0,0,-0.004228011142089432,0,0,0,101325,100
26560000000,0,0,9.81,0,0,-0.00483454501980222,0,0,0,101325,100
26580000000,0,0,9.81,0,0,-0.0026123439489828607,0,0,0,101325,100
26600000000,0,0,9.81,0,0,-0.0039818239881068826,0,0,0,101325,100
26620000000,0,0,9.81,0,0,-0.003970303859863724,0,0,0,101325,100
26640000000,0,0,9.81,0,0,-0.0038582158073268494,0,0,0,101325,100
26660000000,0,0,9.81,0,0,-0.0027749903770233875,0,0,0,101325,100
26680000000,0,0,9.81,0,0,-0.0036921405040542033,0,0,0,101325,100
26700000000,0,0,9.81,0,0,-0.003344363524510605,0,0,0,101325,100
26720000000,0,0,9.81,0,0,-0.00465527731196999,0,0,0,101325,100
26740000000,0,0,9.81,0,0,-0.003402592657748523,0,0,0,101325,100
26760000000,0,0,9.81,0,0,-0.004391818533689256,0,0,0,101325,100
26780000000,0,0,9.81,0,0,-0.004537472366908359,0,0,0,101325,100
26800000000,0,0,9.81,0,0,-0.0045590047916038955,0,0,0,101325,100
26820000000,0,0,9.81,0,0,-0.0030238200634239605,0,0,0,101325,100
26840000000,0,0,9.81,0,0,-0.004346818037818031,0,0,0,101325,100
26860000000,0,0,9.81,0,0,-0.0037159440282176167,0,0,0,101325,100
26880000000,0,0,9.81,0,0,-0.003977716660304637,0,0,0,101325,100
26900000000,0,0,9.81,0,0,-0.003622550392082208,0,0,0,101325,100
26920000000,0,0,9.81,0,0,-0.004577455033475477,0,0,0,101325,100
26940000000,0,0,9.81,0,0,-0.005229089193661459,0,0,0,101325,100
26960000000,0,0,9.81,0,0,-0.004358214506876854,0,0,0,101325,100
26980000000,0,0,9.81,0,0,-0.00398824575521838,0,0,0,101325,100
27000000000,0,0,9.81,0,0,-0.004822417094170449,0,0,0,101325,100
27020000000,0,0,9.81,0,0,-0.004109482476083351,0,0,0,101325,100
27040000000,0,0,9.81,0,0,-0.003500583352147808,0,0,0,101325,100
27060000000,0,0,9.81,0,0,-0.005832164446706085,0,0,0,101325,100
27080000000,0,0,9.81,0,0,-0.002781451302040347,0,0,0,101325,100
27100000000,0,0,9.81,0,0,-0.0032116151941136454,0,0,0,101325,100
27120000000,0,0,9.81,0,0,-0.0038125512904677015,0,0,0,101325,100
27140000000,0,0,9.81,0,0,-0.003047553523616147,0,0,0,101325,100
27160000000,0,0,9.81,0,0,-0.005825820852100724,0,0,0,101325,100
27180000000,0,0,9.81,0,0,-0.0039194432470545295,0,0,0,101325,100
27200000000,0,0,9.81,0,0,-0.0037260530844178733,0,0,0,101325,100
27220000000,0,0,9.81,0,0,-0.003636293027752858,0,0,0,101325,100
27240000000,0,0,9.81,0,0,-0.0036717293596669437,0,0,0,101325,100
27260000000,0,0,9.81,0,0,-0.002465794910646386,0,0,0,101325,100
27280000000,0,0,9.81,0,0,-0.0034526885059864426,0,0,0,101325,100
27300000000,0,0,9.81,0,0,-0.004595625051057026,0,0,0,101325,100
27320000000,0,0,9.81,0,0,-0.005325314122901763,0,0,0,101325,100
27340000000,0,0,9.81,0,0,-0.004904222162602552,0,0,0,101325,100
27360000000,0,0,9.81,0,0,-0.004392980301864048,0,0,0,101325,100
27380000000,0,0,9.81,0,0,-0.0038795056561815055,0,0,0,101325,100
27400000000,0,0,9.81,0,0,-0.004078793319881433,0,0,0,101325,100
27420000000,0,0,9.81,0,0,-0.003850077086666932,0,0,0,101325,100
27440000000,0,0,9.81,0,0,-0.004571289793056548,0,0,0,101325,100
27460000000,0,0,9.81,0,0,-0.00442182955229777,0,0,0,101325,100
27480000000,0,0,9.81,0,0,-0.003734983083941008,0,0,0,101325,100
27500000000,0,0,9.81,0,0,-0.004282987882697458,0,0,0,101325,100
27520000000,0,0,9.81,0,0,-0.004664736496469955,0,0,0,101325,100
27540000000,0,0,9.81,0,0,-0.004485514740193976,0,0,0,101325,100
27560000000,0,0,9.81,0,0,-0.0036812799997396044,0,0,0,101325,100
27580000000,0,0,9.81,0,0,-0.004547978520953164,0,0,0,101325,100
27600000000,0,0,9.81,0,0,-0.004364258606761237,0,0,0,101325,100
27620000000,0,0,9.81,0,0,-0.002507700097819738,0,0,0,101325,100
27640000000,0,0,9.81,0,0,-0.004201993443736207,0,0,0,101325,100
27660000000,0,0,9.81,0,0,-0.003923067810083658,0,0,0,101325,100
27680000000,0,0,9.81,0,0,-0.003125613274625621,0,0,0,101325,100
27700000000,0,0,9.81,0,0,-0.002585214202013429,0,0,0,101325,100
27720000000,0,0,9.81,0,0,-0.0034958951364017906,0,0,0,101325,100
27740000000,0,0,9.81,0,0,-0.005221995786119324,0,0,0,101325,100
27760000000,0,0,9.81,0,0,-0.0020115283838939408,0,0,0,101325,100
27780000000,0,0,9.81,0,0,-0.004890648136461667,0,0,0,101325,100
27800000000,0,0,9.81,0,0,-0.005117968903328154,0,0,0,101325,100
27820000000,0,0,9.81,0,0,-0.0048148402971134084,0,0,0,101325,100
27840000000,0,0,9.81,0,0,-0.0028314967350612234,0,0,0,101325,100
27860000000,0,0,9.81,0,0,-0.004146107274002462,0,0,0,101325,100
27880000000,0,0,9.81,0,0,-0.0057694966346856225,0,0,0,101325,100
27900000000,0,0,9.81,0,0,-0.002469139456814314,0,0,0,101325,100
27920000000,0,0,9.81,0,0,-0.005474483071006099,0,0,0,101325,100
27940000000,0,0,9.81,0,0,-0.002471657339609766,0,0,0,101325,100
27960000000,0,0,9.81,0,0,-0.006325444526341666,0,0,0,101325,100
27980000000,0,0,9.81,0,0,-0.004222496210684473,0,0,0,101325,100
28000000000,0,0,9.81,0,0,-0.004086352478753928,0,0,0,101325,100
28020000000,0,0,9.81,0,0,-0.004630253966132409,0,0,0,101325,100
28040000000,0,0,9.81,0,0,-0.004173661738737977,0,0,0,101325,100
28060000000,0,0,9.81,0,0,-0.003172369829143549,0,0,0,101325,100
28080000000,0,0,9.81,0,0,-0.003936476895328447,0,0,0,101325,100
28100000000,0,0,9.81,0,0,-0.003478969217313473,0,0,0,101325,100
28120000000,0,0,9.81,0,0,-0.004001058665894195,0,0,0,101325,100
28140000000,0,0,9.81,0,0,-0.003938040057738424,0,0,0,101325,100
28160000000,0,0,9.81,0,0,-0.004610790845527492,0,0,0,101325,100
28180000000,0,0,9.81,0,0,-0.004158992142895236,0,0,0,101325,100
28200000000,0,0,9.81,0,0,-0.003315372753564111,0,0,0,101325,100
28220000000,0,0,9.81,0,0,-0.0031366804602936224,0,0,0,101325,100
28240000000,0,0,9.81,0,0,-0.005120582053810328,0,0,0,101325,100
28260000000,0,0,9.81,0,0,-0.004649294609340529,0,0,0,101325,100
28280000000,0,0,9.81,0,0,-0.003951222473509404,0,0,0,101325,100
28300000000,0,0,9.81,0,0,-0.004216630441143027,0,0,0,101325,100
28320000000,0,0,9.81,0,0,-0.004813233554684337,0,0,0,101325,100
28340000000,0,0,9.81,0,0,-0.005901158792087793,0,0,0,101325,100
28360000000,0,0,9.81,0,0,-0.003859808164281625,0,0,0,101325,100
28380000000,0,0,9.81,0,0,-0.004715143872964731,0,0,0,101325,100
28400000000,0,0,9.81,0,0,-0.002307918957431799,0,0,0,101325,100
28420000000,0,0,9.81,0,0,-0.0030752182297574494,0,0,0,101325,100
28440000000,0,0,9.81,0,0,-0.003724319645854145,0,0,0,101325,100
28460000000,0,0,9.81,0,0,-0.005246261811781367,0,0,0,101325,100
28480000000,0,0,9.81,0,0,-0.004736498091353286,0,0,0,101325,100
28500000000,0,0,9.81,0,0,-0.0031247876173398246,0,0,0,101325,100
28520000000,0,0,9.81,0,0,-0.004787287437404984,0,0,0,101325,100
28540000000,0,0,9.81,0,0,-0.004315807702044451,0,0,0,101325,100
28560000000,0,0,9.81,0,0,-0.0037174977799169884,0,0,0,101325,100
28580000000,0,0,9.81,0,0,-0.003565488670074332,0,0,0,101325,100
28600000000,0,0,9.81,0,0,-0.004410099845473497,0,0,0,101325,100
28620000000,0,0,9.81,0,0,-0.003651785882240453,0,0,0,101325,100
28640000000,0,0,9.81,0,0,-0.0055598300722133,0,0,0,101325,100
28660000000,0,0,9.81,0,0,-0.0041039313822797035,0,0,0,101325,100
28680000000,0,0,9.81,0,0,-0.004206876845728182,0,0,0,101325,100
28700000000,0,0,9.81,0,0,-0.0026301610715888657,0,0,0,101325,100
28720000000,0,0,9.81,0,0,-0.0037297158677826923,0,0,0,101325,100
28740000000,0,0,9.81,0,0,-0.00606089400786889,0,0,0,101325,100
28760000000,0,0,9.81,0,0,-0.0027507303589939794,0,0,0,101325,100
28780000000,0,0,9.81,0,0,-0.001719590113652502,0,0,0,101325,100
28800000000,0,0,9.81,0,0,-0.003603000921753705,0,0,0,101325,100
28820000000,0,0,9.81,0,0,-0.003487084788203062,0,0,0,101325,100
28840000000,0,0,9.81,0,0,-0.002699625960799818,0,0,0,101325,100
28860000000,0,0,9.81,0,0,-0.0041061344538350685,0,0,0,101325,100
28880000000,0,0,9.81,0,0,-0.004139390244481279,0,0,0,101325,100
28900000000,0,0,9.81,0,0,-0.00388177934931712,0,0,0,101325,100
28920000000,0,0,9.81,0,0,-0.007007449617562682,0,0,0,101325,100
28940000000,0,0,9.81,0,0,-0.00459728050191163,0,0,0,101325,100
28960000000,0,0,9.81,0,0,-0.0035158790244055227,0,0,0,101325,100
28980000000,0,0,9.81,0,0,-0.003575768595953816,0,0,0,101325,100
29000000000,0,0,9.81,0,0,-0.005449689059761919,0,0,0,101325,100
29020000000,0,0,9.81,0,0,-0.004327121906300196,0,0,0,101325,100
29040000000,0,0,9.81,0,0,-0.004603599668424372,0,0,0,101325,100
29060000000,0,0,9.81,0,0,-0.004748640630852861,0,0,0,101325,100
29080000000,0,0,9.81,0,0,-0.0032951682230912727,0,0,0,101325,100
29100000000,0,0,9.81,0,0,-0.004894542407496071,0,0,0,101325,100
29120000000,0,0,9.81,0,0,-0.00431522822514297,0,0,0,101325,100
29140000000,0,0,9.81,0,0,-0.0035580974009211744,0,0,0,101325,100
29160000000,0,0,9.81,0,0,-0.00493679532672294,0,0,0,101325,100
29180000000,0,0,9.81,0,0,-0.004150385115466358,0,0,0,101325,100
29200000000,0,0,9.81,0,0,-0.00500689134831743,0,0,0,101325,100
29220000000,0,0,9.81,0,0,-0.00416184108061011,0,0,0,101325,100
29240000000,0,0,9.81,0,0,-0.004243544145589973,0,0,0,101325,100
29260000000,0,0,9.81,0,0,-0.003590572459656419,0,0,0,101325,100
29280000000,0,0,9.81,0,0,-0.004553032572740753,0,0,0,101325,100
29300000000,0,0,9.81,0,0,-0.0044034399926104585,0,0,0,101325,100
29320000000,0,0,9.81,0,0,-0.005564781032548359,0,0,0,101325,100
29340000000,0,0,9.81,0,0,-0.004716017939846929,0,0,0,101325,100
29360000000,0,0,9.81,0,0,-0.005070924993438055,0,0,0,101325,100
29380000000,0,0,9.81,0,0,-0.005302873542674497,0,0,0,101325,100
29400000000,0,0,9.81,0,0,-0.004482187789050103,0,0,0,101325,100
29420000000,0,0,9.81,0,0,-0.00417056190588259,0,0,0,101325,100
29440000000,0,0,9.81,0,0,-0.004221036074134512,0,0,0,101325,100
29460000000,0,0,9.81,0,0,-0.003189646388542287,0,0,0,101325,100
29480000000,0,0,9.81,0,0,-0.004642555495271426,0,0,0,101325,100
29500000000,0,0,9.81,0,0,-0.00480714107925603,0,0,0,101325,100
29520000000,0,0,9.81,0,0,-0.006042382852904843,0,0,0,101325,100
29540000000,0,0,9.81,0,0,-0.0031647902165383157,0,0,0,101325,100
29560000000,0,0,9.81,0,0,-0.0035323599802552182,0,0,0,101325,100
29580000000,0,0,9.81,0,0,-0.0035862966917272095,0,0,0,101325,100
29600000000,0,0,9.81,0,0,-0.004819560064945994,0,0,0,101325,100
29620000000,0,0,9.81,0,0,-0.004680363224312549,0,0,0,101325,100
29640000000,0,0,9.81,0,0,-0.004646051274275256,0,0,0,101325,100
29660000000,0,0,9.81,0,0,-0.005289578369316147,0,0,0,101325,100
29680000000,0,0,9.81,0,0,-0.0038163975127030727,0,0,0,101325,100
29700000000,0,0,9.81,0,0,-0.004232582124049289,0,0,0,101325,100
29720000000,0,0,9.81,0,0,-0.0030699510281185817,0,0,0,101325,100
29740000000,0,0,9.81,0,0,-0.003978457367121784,0,0,0,101325,100
29760000000,0,0,9.81,0,0,-0.004322397107821213,0,0,0,101325,100
29780000000,0,0,9.81,0,0,-0.0035584591410713668,0,0,0,101325,100
29800000000,0,0,9.81,0,0,-0.0035131315307758686,0,0,0,101325,100
29820000000,0,0,9.81,0,0,-0.005092967761843464,0,0,0,101325,100
29840000000,0,0,9.81,0,0,-0.005557772146170892,0,0,0,101325,100
29860000000,0,0,9.81,0,0,-0.005166927494904607,0,0,0,101325,100
29880000000,0,0,9.81,0,0,-0.0033286266700743587,0,0,0,101325,100
29900000000,0,0,9.81,0,0,-0.003579350923111105,0,0,0,101325,100
29920000000,0,0,9.81,0,0,-0.0029540533812813597,0,0,0,101325,100
29940000000,0,0,9.81,0,0,-0.004072572004036637,0,0,0,101325,100
29960000000,0,0,9.81,0,0,-0.003795698819841422,0,0,0,101325,100
29980000000,0,0,9.81,0,0,-0.004475342185994638,0,0,0,101325,100
30000000000,0,0,9.81,0,0,-0.0024027397176951118,0,0,0,101325,100
30020000000,0,0,9.81,0,0,-0.003519861665253682,0,0,0,101325,100
30040000000,0,0,9.81,0,0,-0.00276380520617568,0,0,0,101325,100
30060000000,0,0,9.81,0,0,-0.003694118359665831,0,0,0,101325,100
30080000000,0,0,9.81,0,0,-0.0047908984556706575,0,0,0,101325,100
30100000000,0,0,9.81,0,0,-0.003248427860133318,0,0,0,101325,100
30120000000,0,0,9.81,0,0,-0.005455283410693847,0,0,0,101325,100
30140000000,0,0,9.81,0,0,-0.0034142205789963616,0,0,0,101325,100
30160000000,0,0,9.81,0,0,-0.0042272380212219855,0,0,0,101325,100
30180000000,0,0,9.81,0,0,-0.0037702580480477314,0,0,0,101325,100
30200000000,0,0,9.81,0,0,-0.005172334078584523,0,0,0,101325,100
30220000000,0,0,9.81,0,0,-0.004056310819599935,0,0,0,101325,100
30240000000,0,0,9.81,0,0,-0.0046758118006248964,0,0,0,101325,100
30260000000,0,0,9.81,0,0,-0.004869246336079076,0,0,0,101325,100
30280000000,0,0,9.81,0,0,-0.002891864200823872,0,0,0,101325,100
30300000000,0,0,9.81,0,0,-0.0036689055951831476,0,0,0,101325,100
30320000000,0,0,9.81,0,0,-0.004448936511735687,0,0,0,101325,100
30340000000,0,0,9.81,0,0,-0.0047012158341748645,0,0,0,101325,100
30360000000,0,0,9.81,0,0,-0.004454067165226149,0,0,0,101325,100
30380000000,0,0,9.81,0,0,-0.003978055219328087,0,0,0,101325,100
30400000000,0,0,9.81,0,0,-0.0038368142076259095,0,0,0,101325,100
30420000000,0,0,9.81,0,0,-0.004043610491370477,0,0,0,101325,100
30440000000,0,0,9.81,0,0,-0.00563071210321916,0,0,0,101325,100
30460000000,0,0,9.81,0,0,-0.004109004835936247,0,0,0,101325,100
30480000000,0,0,9.81,0,0,-0.003914743985253394,0,0,0,101325,100
30500000000,0,0,9.81,0,0,-0.003473897072321092,0,0,0,101325,100
30520000000,0,0,9.81,0,0,-0.004151268242275749,0,0,0,101325,100
30540000000,0,0,9.81,0,0,-0.004263825493066991,0,0,0,101325,100
30560000000,0,0,9.81,0,0,-0.004066483844882167,0,0,0,101325,100
30580000000,0,0,9.81,0,0,-0.004594405567669622,0,0,0,101325,100
30600000000,0,0,9.81,0,0,-0.0023146188262073387,0,0,0,101325,100
30620000000,0,0,9.81,0,0,-0.004790959658331215,0,0,0,101325,100
30640000000,0,0,9.81,0,0,-0.004973921193979158,0,0,0,101325,100
30660000000,0,0,9.81,0,0,-0.003887271545858638,0,0,0,101325,100
30680000000,0,0,9.81,0,0,-0.0039006367743939924,0,0,0,101325,100
30700000000,0,0,9.81,0,0,-0.0035690575641044832,0,0,0,101325,100
30720000000,0,0,9.81,0,0,-0.004283746928053345,0,0,0,101325,100
30740000000,0,0,9.81,0,0,-0.004622405168663874,0,0,0,101325,100
30760000000,0,0,9.81,0,0,-0.004896373746945074,0,0,0,101325,100
30780000000,0,0,9.81,0,0,-0.0041275318891953825,0,0,0,101325,100
30800000000,0,0,9.81,0,0,-0.0038980825062292154,0,0,0,101325,100
30820000000,0,0,9.81,0,0,-0.004172498375314597,0,0,0,101325,100
30840000000,0,0,9.81,0,0,-0.005200022262857693,0,0,0,101325,100
30860000000,0,0,9.81,0,0,-0.005273181129043809,0,0,0,101325,100
30880000000,0,0,9.81,0,0,-0.0031709417703164318,0,0,0,101325,100
30900000000,0,0,9.81,0,0,-0.00410864163321588,0,0,0,101325,100
30920000000,0,0,9.81,0,0,-0.004286716969218211,0,0,0,101325,100
30940000000,0,0,9.81,0,0,-0.0025699898244392477,0,0,0,101325,100
30960000000,0,0,9.81,0,0,-0.003330218830481688,0,0,0,101325,100
30980000000,0,0,9.81,0,0,-0.005287328994636992,0,0,0,101325,100
31000000000,0,0,9.81,0,0,-0.004396977780002107,0,0,0,101325,100
31020000000,0,0,9.81,0,0,-0.0032937785257301667,0,0,0,101325,100
31040000000,0,0,9.81,0,0,-0.003583025763443433,0,0,0,101325,100
31060000000,0,0,9.81,0,0,-0.0038607787007175326,0,0,0,101325,100
31080000000,0,0,9.81,0,0,-0.002742271211922804,0,0,0,101325,100
31100000000,0,0,9.81,0,0,-0.005285522819650666,0,0,0,101325,100
31120000000,0,0,9.81,0,0,-0.003401516690988043,0,0,0,101325,100
31140000000,0,0,9.81,0,0,-0.004564763480138318,0,0,0,101325,100
31160000000,0,0,9.81,0,0,-0.0030514833251501197,0,0,0,101325,100
31180000000,0,0,9.81,0,0,-0.004153281640734559,0,0,0,101325,100
31200000000,0,0,9.81,0,0,-0.005505050185455136,0,0,0,101325,100
31220000000,0,0,9.81,0,0,-0.003882381514734212,0,0,0,101325,100
31240000000,0,0,9.81,0,0,-0.0062922626172197205,0,0,0,101325,100
31260000000,0,0,9.81,0,0,-0.00313373590233945,0,0,0,101325,100
31280000000,0,0,9.81,0,0,-0.003803690770950128,0,0,0,101325,100
31300000000,0,0,9.81,0,0,-0.0030559377723176863,0,0,0,101325,100
31320000000,0,0,9.81,0,0,-0.0038236158706118537,0,0,0,101325,100
31340000000,0,0,9.81,0,0,-0.003916777997836951,0,0,0,101325,100
31360000000,0,0,9.81,0,0,-0.002807892788340276,0,0,0,101325,100
31380000000,0,0,9.81,0,0,-0.003371458351230087,0,0,0,101325,100
31400000000,0,0,9.81,0,0,-0.005339521669816459,0,0,0,101325,100
31420000000,0,0,9.81,0,0,-0.004528479705290128,0,0,0,101325,100
31440000000,0,0,9.81,0,0,-0.0027715022788748107,0,0,0,101325,100
31460000000,0,0,9.81,0,0,-0.005114300280463591,0,0,0,101325,100
31480000000,0,0,9.81,0,0,-0.005188042868996585,0,0,0,101325,100
31500000000,0,0,9.81,0,0,-0.004820280606656143,0,0,0,101325,100
31520000000,0,0,9.81,0,0,-0.0054030616917297054,0,0,0,101325,100
31540000000,0,0,9.81,0,0,-0.00399591525034494,0,0,0,101325,100
31560000000,0,0,9.81,0,0,-0.0042982540093552185,0,0,0,101325,100
31580000000,0,0,9.81,0,0,-0.00324678894448266,0,0,0,101325,100
31600000000,0,0,9.81,0,0,-0.00437666843275901,0,0,0,101325,100
31620000000,0,0,9.81,0,0,-0.0027274941721754115,0,0,0,101325,100
31640000000,0,0,9.81,0,0,-0.0043820766573840755,0,0,0,101325,100
31660000000,0,0,9.81,0,0,-0.0033366650992613174,0,0,0,101325,100
31680000000,0,0,9.81,0,0,-0.0030964310932268006,0,0,0,101325,100
31700000000,0,0,9.81,0,0,-0.003796289602231789,0,0,0,101325,100
31720000000,0,0,9.81,0,0,-0.004299562105114796,0,0,0,101325,100
31740000000,0,0,9.81,0,0,-0.005300468614066509,0,0,0,101325,100
31760000000,0,0,9.81,0,0,-0.005092415535662578,0,0,0,101325,100
31780000000,0,0,9.81,0,0,-0.003656543260411424,0,0,0,101325,100
31800000000,0,0,9.81,0,0,-0.0044797292538528745,0,0,0,101325,100
31820000000,0,0,9.81,0,0,-0.003612893283589197,0,0,0,101325,100
31840000000,0,0,9.81,0,0,-0.00474732006289457,0,0,0,101325,100
31860000000,0,0,9.81,0,0,-0.004138315739051552,0,0,0,101325,100
31880000000,0,0,9.81,0,0,-0.004083620019304972,0,0,0,101325,100
31900000000,0,0,9.81,0,0,-0.0035029930697544737,0,0,0,101325,100
31920000000,0,0,9.81,0,0,-0.004452679149923239,0,0,0,101325,100
31940000000,0,0,9.81,0,0,-0.0035160921369533013,0,0,0,101325,100
31960000000,0,0,9.81,0,0,-0.005585442614784741,0,0,0,101325,100
31980000000,0,0,9.81,0,0,-0.005268150656759691,0,0,0,101325,100
32000000000,0,0,9.81,0,0,-0.004059540706575204,0,0,0,101325,100
32020000000,0,0,9.81,0,0,-0.004282536271983533,0,0,0,101325,100
32040000000,0,0,9.81,0,0,-0.00373285080266842,0,0,0,101325,100
32060000000,0,0,9.81,0,0,-0.005560291248764595,0,0,0,101325,100
32080000000,0,0,9.81,0,0,-0.0038965552014060497,0,0,0,101325,100
32100000000,0,0,9.81,0,0,-0.00562888388360464,0,0,0,101325,100
32119999999,0,0,9.81,0,0,-0.0029951887114253546,0,0,0,101325,100
32140000000,0,0,9.81,0,0,-0.0047792533981196915,0,0,0,101325,100
32159999999,0,0,9.81,0,0,-0.004540996958488473,0,0,0,101325,100
32180000000,0,0,9.81,0,0,-0.003645416693547452,0,0,0,101325,100
32200000000,0,0,9.81,0,0,-0.003815262892592982,0,0,0,101325,100
32220000000,0,0,9.81,0,0,-0.004612484193703455,0,0,0,101325,100
32240000000,0,0,9.81,0,0,-0.0042936795276504415,0,0,0,101325,100
32259999999,0,0,9.81,0,0,-0.002649069392410718,0,0,0,101325,100
32280000000,0,0,9.81,0,0,-0.004949219824746623,0,0,0,101325,100
32299999999,0,0,9.81,0,0,-0.0027760382785869103,0,0,0,101325,100
32320000000,0,0,9.81,0,0,-0.0045866372145794134,0,0,0,101325,100
32340000000,0,0,9.81,0,0,-0.0051640649020893645,0,0,0,101325,100
32360000000,0,0,9.81,0,0,-0.002989330564405337,0,0,0,101325,100
32380000000,0,0,9.81,0,0,-0.003544570390749542,0,0,0,101325,100
32400000000,0,0,9.81,0,0,-0.004006099509746865,0,0,0,101325,100
32420000000,0,0,9.81,0,0,-0.0031876596921634193,0,0,0,101325,100
32439999999,0,0,9.81,0,0,-0.004208467081219081,0,0,0,101325,100
32460000000,0,0,9.81,0,0,-0.004457091609961819,0,0,0,101325,100
32479999999,0,0,9.81,0,0,-0.003569385333915397,0,0,0,101325,100
32500000000,0,0,9.81,0,0,-0.003791652341949067,0,0,0,101325,100
32520000000,0,0,9.81,0,0,-0.004616584646477044,0,0,0,101325,100
32540000000,0,0,9.81,0,0,-0.002926920328487667,0,0,0,101325,100
32560000000,0,0,9.81,0,0,-0.0036389081172632847,0,0,0,101325,100
32580000000,0,0,9.81,0,0,-0.002590103854645805,0,0,0,101325,100
32600000000,0,0,9.81,0,0,-0.00098589511100418,0,0,0,101325,100
32619999999,0,0,9.81,0,0,-0.005088736346069473,0,0,0,101325,100
32640000000,0,0,9.81,0,0,-0.003497611309721507,0,0,0,101325,100
32659999999,0,0,9.81,0,0,-0.003651308144233543,0,0,0,101325,100
32680000000,0,0,9.81,0,0,-0.005001515088611271,0,0,0,101325,100
32700000000,0,0,9.81,0,0,-0.0035297949092575748,0,0,0,101325,100
32720000000,0,0,9.81,0,0,-0.006212352254865324,0,0,0,101325,100
32740000000,0,0,9.81,0,0,-0.0050608219361639485,0,0,0,101325,100
32759999999,0,0,9.81,0,0,-0.003337980221087463,0,0,0,101325,100
32780000000,0,0,9.81,0,0,-0.005253187384843229,0,0,0,101325,100
32799999999,0,0,9.81,0,0,-0.00463758290171103,0,0,0,101325,100
32820000000,0,0,9.81,0,0,-0.0041425665889764825,0,0,0,101325,100
32840000000,0,0,9.81,0,0,-0.005209773828739741,0,0,0,101325,100
32860000000,0,0,9.81,0,0,-0.004683908799518853,0,0,0,101325,100
32880000000,0,0,9.81,0,0,-0.003795204417217216,0,0,0,101325,100
32900000000,0,0,9.81,0,0,-0.00402722191754599,0,0,0,101325,100
32920000000,0,0,9.81,0,0,-0.004317683276116537,0,0,0,101325,100
32939999999,0,0,9.81,0,0,-0.002966082024327357,0,0,0,101325,100
32960000000,0,0,9.81,0,0,-0.0042830594777836795,0,0,0,101325,100
32979999999,0,0,9.81,0,0,-0.0034378268309618125,0,0,0,101325,100
33000000000,0,0,9.81,0,0,-0.004026988938792963,0,0,0,101325,100
33020000000,0,0,9.81,0,0,-0.0052906545942278775,0,0,0,101325,100
33040000000,0,0,9.81,0,0,-0.004912505912841622,0,0,0,101325,100
33060000000,0,0,9.81,0,0,-0.0036330463427218834,0,0,0,101325,100
33080000000,0,0,9.81,0,0,-0.005338769250820104,0,0,0,101325,100
33100000000,0,0,9.81,0,0,-0.00392024721203747,0,0,0,101325,100
33119999999,0,0,9.81,0,0,-0.0035265270501889812,0,0,0,101325,100
33140000000,0,0,9.81,0,0,-0.005054394478264474,0,0,0,101325,100
33159999999,0,0,9.81,0,0,-0.005678886454931805,0,0,0,101325,100
33180000000,0,0,9.81,0,0,-0.0031377613062154456,0,0,0,101325,100
33200000000,0,0,9.81,0,0,-0.0025944819722956876,0,0,0,101325,100
33220000000,0,0,9.81,0,0,-0.003891400664644735,0,0,0,101325,100
33240000000,0,0,9.81,0,0,-0.0026012925880841142,0,0,0,101325,100
33259999999,0,0,9.81,0,0,-0.0035774940356105072,0,0,0,101325,100
33280000000,0,0,9.81,0,0,-0.0045685255248770285,0,0,0,101325,100
33299999999,0,0,9.81,0,0,-0.003952720294615196,0,0,0,101325,100
33320000000,0,0,9.81,0,0,-0.0034948787148714054,0,0,0,101325,100
33340000000,0,0,9.81,0,0,-0.006890738248904708,0,0,0,101325,100
33360000000,0,0,9.81,0,0,-0.0038568733329313295,0,0,0,101325,100
33380000000,0,0,9.81,0,0,-0.0030015518491793925,0,0,0,101325,100
33400000000,0,0,9.81,0,0,-0.003459932021822011,0,0,0,101325,100
33420000000,0,0,9.81,0,0,-0.004390865476512299,0,0,0,101325,100
33439999999,0,0,9.81,0,0,-0.004361119204808476,0,0,0,101325,100
33460000000,0,0,9.81,0,0,-0.00573561493304213,0,0,0,101325,100
33479999999,0,0,9.81,0,0,-0.003374652659188058,0,0,0,101325,100
33500000000,0,0,9.81,0,0,-0.006023309934041368,0,0,0,101325,100
33520000000,0,0,9.81,0,0,-0.003423117581535882,0,0,0,101325,100
33540000000,0,0,9.81,0,0,-0.0037602414929020947,0,0,0,101325,100
33560000000,0,0,9.81,0,0,-0.004454692729529282,0,0,0,101325,100
33580000000,0,0,9.81,0,0,-0.0036529217720948455,0,0,0,101325,100
33600000000,0,0,9.81,0,0,-0.003260577206627947,0,0,0,101325,100
33619999999,0,0,9.81,0,0,-0.004547314679001162,0,0,0,101325,100
33640000000,0,0,9.81,0,0,-0.005283069135418997,0,0,0,101325,100
33659999999,0,0,9.81,0,0,-0.0033041663342256175,0,0,0,101325,100
33680000000,0,0,9.81,0,0,-0.004181965419798495,0,0,0,101325,100
33700000000,0,0,9.81,0,0,-0.0038722976272766436,0,0,0,101325,100
33720000000,0,0,9.81,0,0,-0.0050557308666424345,0,0,0,101325,100
33740000000,0,0,9.81,0,0,-0.002868595717328143,0,0,0,101325,100
33759999999,0,0,9.81,0,0,-0.00332353750393438,0,0,0,101325,100
33780000000,0,0,9.81,0,0,-0.005278509110193544,0,0,0,101325,100
33799999999,0,0,9.81,0,0,-0.005721449796166388,0,0,0,101325,100
33820000000,0,0,9.81,0,0,-0.0038869197738427333,0,0,0,101325,100
33840000000,0,0,9.81,0,0,-0.004271090709567661,0,0,0,101325,100
33860000000,0,0,9.81,0,0,-0.004676547474573134,0,0,0,101325,100
33880000000,0,0,9.81,0,0,-0.004749337659684424,0,0,0,101325,100
33900000000,0,0,9.81,0,0,-0.004202297534148237,0,0,0,101325,100
33920000000,0,0,9.81,0,0,-0.003989626388557862,0,0,0,101325,100
33939999999,0,0,9.81,0,0,-0.003955600337600564,0,0,0,101325,100
33960000000,0,0,9.81,0,0,-0.0026234740979104963,0,0,0,101325,100
33979999999,0,0,9.81,0,0,-0.0027375533360683856,0,0,0,101325,100
34000000000,0,0,9.81,0,0,-0.006103192640650446,0,0,0,101325,100
34020000000,0,0,9.81,0,0,-0.0033270917476056197,0,0,0,101325,100
34040000000,0,0,9.81,0,0,-0.002896161529457191,0,0,0,101325,100
34060000000,0,0,9.81,0,0,-0.00551818251679846,0,0,0,101325,100
34080000000,0,0,9.81,0,0,-0.004660377597143071,0,0,0,101325,100
34100000000,0,0,9.81,0,0,-0.004498319149447646,0,0,0,101325,100
34119999999,0,0,9.81,0,0,-0.003434369220863852,0,0,0,101325,100
34140000000,0,0,9.81,0,0,-0.0037496649357289112,0,0,0,101325,100
34159999999,0,0,9.81,0,0,-0.0038339849349870916,0,0,0,101325,100
34180000000,0,0,9.81,0,0,-0.00392073385934272,0,0,0,101325,100
34200000000,0,0,9.81,0,0,-0.0032693135661440963,0,0,0,101325,100
34220000000,0,0,9.81,0,0,-0.0038061743987413544,0,0,0,101325,100
34240000000,0,0,9.81,0,0,-0.004936084307314668,0,0,0,101325,100
34259999999,0,0,9.81,0,0,-0.0049369855380292,0,0,0,101325,100
34280000000,0,0,9.81,0,0,-0.004666562313749427,0,0,0,101325,100
34299999999,0,0,9.81,0,0,-0.0025011236416365677,0,0,0,101325,100
34320000000,0,0,9.81,0,0,-0.003755524931567581,0,0,0,101325,100
34340000000,0,0,9.81,0,0,-0.0034439615586369875,0,0,0,101325,100
34360000000,0,0,9.81,0,0,-0.002580971839806692,0,0,0,101325,100
34380000000,0,0,9.81,0,0,-0.0037333019578586206,0,0,0,101325,100
34400000000,0,0,9.81,0,0,-0.005820982714987969,0,0,0,101325,100
34420000000,0,0,9.81,0,0,-0.0038041704061499934,0,0,0,101325,100
34440000000,0,0,9.81,0,0,-0.00460177441804419,0,0,0,101325,100
34460000000,0,0,9.81,0,0,-0.004553081499525719,0,0,0,101325,100
34480000000,0,0,9.81,0,0,-0.004704993848680375,0,0,0,101325,100
34500000000,0,0,9.81,0,0,-0.004211479865865981,0,0,0,101325,100
34520000000,0,0,9.81,0,0,-0.005151063094850437,0,0,0,101325,100
34540000000,0,0,9.81,0,0,-0.0032316777141425963,0,0,0,101325,100
34560000000,0,0,9.81,0,0,-0.003515469557850348,0,0,0,101325,100
34580000000,0,0,9.81,0,0,-0.0036957958438746433,0,0,0,101325,100
34600000000,0,0,9.81,0,0,-0.0037516102293566446,0,0,0,101325,100
34620000000,0,0,9.81,0,0,-0.005011049892317588,0,0,0,101325,100
34640000000,0,0,9.81,0,0,-0.003319223141018292,0,0,0,101325,100
34660000000,0,0,9.81,0,0,-0.004942658695326561,0,0,0,101325,100
34680000000,0,0,9.81,0,0,-0.0055185455740831306,0,0,0,101325,100
34700000000,0,0,9.81,0,0,-0.004379196522546464,0,0,0,101325,100
34720000000,0,0,9.81,0,0,-0.00396548284361375,0,0,0,101325,100
34740000000,0,0,9.81,0,0,-0.003918171157067515,0,0,0,101325,100
34760000000,0,0,9.81,0,0,-0.0031318817723645217,0,0,0,101325,100
34780000000,0,0,9.81,0,0,-0.004414706424197305,0,0,0,101325,100
34800000000,0,0,9.81,0,0,-0.0029970994304221767,0,0,0,101325,100
34820000000,0,0,9.81,0,0,-0.002692041505012333,0,0,0,101325,100
34840000000,0,0,9.81,0,0,-0.003751952962147013,0,0,0,101325,100
34860000000,0,0,9.81,0,0,-0.004965713043966011,0,0,0,101325,100
34880000000,0,0,9.81,0,0,-0.002879278401094058,0,0,0,101325,100
34900000000,0,0,9.81,0,0,-0.004036084911534925,0,0,0,101325,100
34920000000,0,0,9.81,0,0,-0.003908273928557975,0,0,0,101325,100
34940000000,0,0,9.81,0,0,-0.005313140967975624,0,0,0,101325,100
34960000000,0,0,9.81,0,0,-0.0056549288138804145,0,0,0,101325,100
34980000000,0,0,9.81,0,0,-0.0026653534178643253,0,0,0,101325,100
35000000000,0,0,9.81,0,0,-0.003352576845045156,0,0,0,101325,100
35020000000,0,0,9.81,0,0,-0.004726247419324455,0,0,0,101325,100
35040000000,0,0,9.81,0,0,-0.0044415322129730895,0,0,0,101325,100
35060000000,0,0,9.81,0,0,-0.0051092028087216254,0,0,0,101325,100
35080000000,0,0,9.81,0,0,-0.00406526352999962,0,0,0,101325,100
35100000000,0,0,9.81,0,0,-0.005856878003442024,0,0,0,101325,100
35120000000,0,0,9.81,0,0,-0.0033480639563788564,0,0,0,101325,100
35140000000,0,0,9.81,0,0,-0.0036977560721984924,0,0,0,101325,100
35160000000,0,0,9.81,0,0,-0.0030779153548916175,0,0,0,101325,100
35180000000,0,0,9.81,0,0,-0.003986697370112665,0,0,0,101325,100
35200000000,0,0,9.81,0,0,-0.0035113246771525195,0,0,0,101325,100
35220000000,0,0,9.81,0,0,-0.0036763922931851603,0,0,0,101325,100
35240000000,0,0,9.81,0,0,-0.00360975584794584,0,0,0,101325,100
35260000000,0,0,9.81,0,0,-0.004580755998612693,0,0,0,101325,100
35280000000,0,0,9.81,0,0,-0.0030986225649293386,0,0,0,101325,100
35300000000,0,0,9.81,0,0,-0.005216908297906105,0,0,0,101325,100
35320000000,0,0,9.81,0,0,-0.004543671329633494,0,0,0,101325,100
35340000000,0,0,9.81,0,0,-0.004138262995451335,0,0,0,101325,100
35360000000,0,0,9.81,0,0,-0.0020587578325941117,0,0,0,101325,100
35380000000,0,0,9.81,0,0,-0.004937676624042174,0,0,0,101325,100
35400000000,0,0,9.81,0,0,-0.0038242968675717285,0,0,0,101325,100
35420000000,0,0,9.81,0,0,-0.0037104206887058127,0,0,0,101325,100
35440000000,0,0,9.81,0,0,-0.005532538332126535,0,0,0,101325,100
35460000000,0,0,9.81,0,0,-0.00194994944840503,0,0,0,101325,100
35480000000,0,0,9.81,0,0,-0.003161070526304175,0,0,0,101325,100
35500000000,0,0,9.81,0,0,-0.0038062291255372112,0,0,0,101325,100
35520000000,0,0,9.81,0,0,-0.004263863763223205,0,0,0,101325,100
35540000000,0,0,9.81,0,0,-0.003398244266139012,0,0,0,101325,100
35560000000,0,0,9.81,0,0,-0.00609033645590879,0,0,0,101325,100
35580000000,0,0,9.81,0,0,-0.002653456561053768,0,0,0,101325,100
35600000000,0,0,9.81,0,0,-0.0043726161694682695,0,0,0,101325,100
35620000000,0,0,9.81,0,0,-0.003192069520620971,0,0,0,101325,100
35640000000,0,0,9.81,0,0,-0.0049887223656581445,0,0,0,101325,100
35660000000,0,0,9.81,0,0,-0.004637304411329752,0,0,0,101325,100
35680000000,0,0,9.81,0,0,-0.006181261510287334,0,0,0,101325,100
35700000000,0,0,9.81,0,0,-0.004356476417728422,0,0,0,101325,100
35720000000,0,0,9.81,0,0,-0.00416649923085499,0,0,0,101325,100
35740000000,0,0,9.81,0,0,-0.004721556568456728,0,0,0,101325,100
35760000000,0,0,9.81,0,0,-0.0027286121020301327,0,0,0,101325,100
35780000000,0,0,9.81,0,0,-0.004243528069056121,0,0,0,101325,100
35800000000,0,0,9.81,0,0,-0.004222594370959122,0,0,0,101325,100
35820000000,0,0,9.81,0,0,-0.004957330996548502,0,0,0,101325,100
35840000000,0,0,9.81,0,0,0.4113163916913225,0,0,0,101325,100
35860000000,0,0,9.81,0,0,0.4103746174911167,0,0,0,101325,100
35880000000,0,0,9.81,0,0,0.4106987748329322,0,0,0,101325,100
35900000000,0,0,9.81,0,0,0.4099091794501488,0,0,0,101325,100
35920000000,0,0,9.81,0,0,0.41182349436470167,0,0,0,101325,100
35940000000,0,0,9.81,0,0,0.4120203861750872,0,0,0,101325,100
35960000000,0,0,9.81,0,0,0.41055067210653157,0,0,0,101325,100
35980000000,0,0,9.81,0,0,0.41116701131821715,0,0,0,101325,100
36000000000,0,0,9.81,0,0,0.41027031177271445,0,0,0,101325,100
36020000000,0,0,9.81,0,0,0.411673128829694,0,0,0,101325,100
36040000000,0,0,9.81,0,0,0.411638228876324,0,0,0,101325,100
36060000000,0,0,9.81,0,0,0.41021004880309186,0,0,0,101325,100
36080000000,0,0,9.81,0,0,0.4113652125560558,0,0,0,101325,100
36100000000,0,0,9.81,0,0,0.4092454443004281,0,0,0,101325,100
36120000000,0,0,9.81,0,0,0.4107232635108252,0,0,0,101325,100
36140000000,0,0,9.81,0,0,0.409918570684939,0,0,0,101325,100
36160000000,0,0,9.81,0,0,0.4110035181875036,0,0,0,101325,100
36180000000,0,0,9.81,0,0,0.4110265993244682,0,0,0,101325,100
36200000000,0,0,9.81,0,0,0.4096513974126475,0,0,0,101325,100
36220000000,0,0,9.81,0,0,0.40982168264947605,0,0,0,101325,100
36240000000,0,0,9.81,0,0,0.41037545468242,0,0,0,101325,100
36260000000,0,0,9.81,0,0,0.4105288146090628,0,0,0,101325,100
36280000000,0,0,9.81,0,0,0.4105804237353473,0,0,0,101325,100
36300000000,0,0,9.81,0,0,0.4109127346455392,0,0,0,101325,100
36320000000,0,0,9.81,0,0,0.4104184030720783,0,0,0,101325,100
36340000000,0,0,9.81,0,0,0.4125478384803351,0,0,0,101325,100
36360000000,0,0,9.81,0,0,0.4111981020503189,0,0,0,101325,100
36380000000,0,0,9.81,0,0,0.410267211701714,0,0,0,101325,100
36400000000,0,0,9.81,0,0,0.41190498058165265,0,0,0,101325,100
36420000000,0,0,9.81,0,0,0.4114044504850516,0,0,0,101325,100
36440000000,0,0,9.81,0,0,0.41185392729535064,0,0,0,101325,100
36460000000,0,0,9.81,0,0,0.41185505853980575,0,0,0,101325,100
36480000000,0,0,9.81,0,0,0.4099089479229209,0,0,0,101325,100
36500000000,0,0,9.81,0,0,0.41052549212373884,0,0,0,101325,100
36520000000,0,0,9.81,0,0,0.41075458961154376,0,0,0,101325,100
36540000000,0,0,9.81,0,0,0.4095346005091309,0,0,0,101325,100
36560000000,0,0,9.81,0,0,0.4113534033943368,0,0,0,101325,100
36580000000,0,0,9.81,0,0,0.4102077168931363,0,0,0,101325,100
36600000000,0,0,9.81,0,0,0.41144873179438857,0,0,0,101325,100
36620000000,0,0,9.81,0,0,0.4115188245090111,0,0,0,101325,100
36640000000,0,0,9.81,0,0,0.4105056599176387,0,0,0,101325,100
36660000000,0,0,9.81,0,0,0.40920651011059306,0,0,0,101325,100
36680000000,0,0,9.81,0,0,0.41145137182180197,0,0,0,101325,100
36700000000,0,0,9.81,0,0,0.410182721705647,0,0,0,101325,100
36720000000,0,0,9.81,0,0,0.41139004793194484,0,0,0,101325,100
36740000000,0,0,9.81,0,0,0.4091580148312703,0,0,0,101325,100
36760000000,0,0,9.81,0,0,0.41212489643838807,0,0,0,101325,100
36780000000,0,0,9.81,0,0,0.4110387007604998,0,0,0,101325,100
36800000000,0,0,9.81,0,0,0.4115327171786819,0,0,0,101325,100
36820000000,0,0,9.81,0,0,0.41099974431948993,0,0,0,101325,100
36840000000,0,0,9.81,0,0,0.4121010390044032,0,0,0,101325,100
36860000000,0,0,9.81,0,0,0.412309620042766,0,0,0,101325,100
36880000000,0,0,9.81,0,0,0.41025611286029423,0,0,0,101325,100
36900000000,0,0,9.81,0,0,0.410569920677062,0,0,0,101325,100
36920000000,0,0,9.81,0,0,0.4113761876684138,0,0,0,101325,100
36940000000,0,0,9.81,0,0,0.41164902905162976,0,0,0,101325,100
36960000000,0,0,9.81,0,0,0.409061661417348,0,0,0,101325,100
36980000000,0,0,9.81,0,0,0.41112183741480496,0,0,0,101325,100
37000000000,0,0,9.81,0,0,0.4096883658318506,0,0,0,101325,100
37020000000,0,0,9.81,0,0,0.4119880826713247,0,0,0,101325,100
37040000000,0,0,9.81,0,0,0.41127164919841597,0,0,0,101325,100
37060000000,0,0,9.81,0,0,0.4101108362601272,0,0,0,101325,100
37080000000,0,0,9.81,0,0,0.4101661550674513,0,0,0,101325,100
37100000000,0,0,9.81,0,0,0.41237587263664754,0,0,0,101325,100
37120000000,0,0,9.81,0,0,0.4125700380939052,0,0,0,101325,100
37140000000,0,0,9.81,0,0,0.41089357631091455,0,0,0,101325,100
37160000000,0,0,9.81,0,0,0.4105820475352736,0,0,0,101325,100
37180000000,0,0,9.81,0,0,0.4115142285595168,0,0,0,101325,100
37200000000,0,0,9.81,0,0,0.4101015447240005,0,0,0,101325,100
37220000000,0,0,9.81,0,0,0.4108684106286487,0,0,0,101325,100
37240000000,0,0,9.81,0,0,0.4113084613645633,0,0,0,101325,100
37260000000,0,0,9.81,0,0,0.41132795771667147,0,0,0,101325,100
37280000000,0,0,9.81,0,0,0.41143780538006636,0,0,0,101325,100
37300000000,0,0,9.81,0,0,0.4108001209501488,0,0,0,101325,100
37320000000,0,0,9.81,0,0,0.4107246528625301,0,0,0,101325,100
37340000000,0,0,9.81,0,0,0.4098149953834258,0,0,0,101325,100
37360000000,0,0,9.81,0,0,0.40925458957563243,0,0,0,101325,100
37380000000,0,0,9.81,0,0,0.4113088909363668,0,0,0,101325,100
37400000000,0,0,9.81,0,0,0.4107544833949809,0,0,0,101325,100
37420000000,0,0,9.81,0,0,0.41223070663964057,0,0,0,101325,100
37440000000,0,0,9.81,0,0,0.41141298128720966,0,0,0,101325,100
37460000000,0,0,9.81,0,0,0.40948854564641,0,0,0,101325,100
37480000000,0,0,9.81,0,0,0.4117040582219396,0,0,0,101325,100
37500000000,0,0,9.81,0,0,0.41018718700690127,0,0,0,101325,100
37520000000,0,0,9.81,0,0,0.4106369775639283,0,0,0,101325,100
37540000000,0,0,9.81,0,0,0.4102993376125136,0,0,0,101325,100
37560000000,0,0,9.81,0,0,0.4091440065815563,0,0,0,101325,100
37580000000,0,0,9.81,0,0,0.41220715451065143,0,0,0,101325,100
37600000000,0,0,9.81,0,0,0.41072222460285823,0,0,0,101325,100
37620000000,0,0,9.81,0,0,0.4111855707794593,0,0,0,101325,100
37640000000,0,0,9.81,0,0,0.41046945717901134,0,0,0,101325,100
37660000000,0,0,9.81,0,0,0.4099779127461202,0,0,0,101325,100
37680000000,0,0,9.81,0,0,0.410290692879221,0,0,0,101325,100
37700000000,0,0,9.81,0,0,0.41235088531335995,0,0,0,101325,100
37720000000,0,0,9.81,0,0,0.41033375162997476,0,0,0,101325,100
37740000000,0,0,9.81,0,0,0.4098245168610865,0,0,0,101325,100
37760000000,0,0,9.81,0,0,0.4126011563249354,0,0,0,101325,100
37780000000,0,0,9.81,0,0,0.41052992194062643,0,0,0,101325,100
37800000000,0,0,9.81,0,0,0.4101773525390945,0,0,0,101325,100
37820000000,0,0,9.81,0,0,0.4118091537811476,0,0,0,101325,100
37840000000,0,0,9.81,0,0,0.4101266238820155,0,0,0,101325,100
37860000000,0,0,9.81,0,0,0.41117527778483404,0,0,0,101325,100
37880000000,0,0,9.81,0,0,0.41081385512983587,0,0,0,101325,100
37900000000,0,0,9.81,0,0,0.4100714588675041,0,0,0,101325,100
37920000000,0,0,9.81,0,0,0.40970277870448774,0,0,0,101325,100
37940000000,0,0,9.81,0,0,0.411969459804208,0,0,0,101325,100
37960000000,0,0,9.81,0,0,0.4116407665868082,0,0,0,101325,100
37980000000,0,0,9.81,0,0,0.41256144794296945,0,0,0,101325,100
38000000000,0,0,9.81,0,0,0.4109570165923008,0,0,0,101325,100
38020000000,0,0,9.81,0,0,0.4107781621710413,0,0,0,101325,100
38040000000,0,0,9.81,0,0,0.41111549620088655,0,0,0,101325,100
38060000000,0,0,9.81,0,0,0.41136728481888707,0,0,0,101325,100
38080000000,0,0,9.81,0,0,0.41195681484220936,0,0,0,101325,100
38100000000,0,0,9.81,0,0,0.4091876798016401,0,0,0,101325,100
38120000000,0,0,9.81,0,0,0.4117615489167122,0,0,0,101325,100
38140000000,0,0,9.81,0,0,0.41059333619589433,0,0,0,101325,100
38160000000,0,0,9.81,0,0,0.4111377203265169,0,0,0,101325,100
38180000000,0,0,9.81,0,0,0.41022673014630384,0,0,0,101325,100
38200000000,0,0,9.81,0,0,0.4109311713502316,0,0,0,101325,100
38220000000,0,0,9.81,0,0,0.4124281190193876,0,0,0,101325,100
38240000000,0,0,9.81,0,0,0.40913185656382145,0,0,0,101325,100
38260000000,0,0,9.81,0,0,0.4112721150518727,0,0,0,101325,100
38280000000,0,0,9.81,0,0,0.4109141347172082,0,0,0,101325,100
38300000000,0,0,9.81,0,0,0.41062315647957276,0,0,0,101325,100
38320000000,0,0,9.81,0,0,0.41087281617040217,0,0,0,101325,100
38340000000,0,0,9.81,0,0,0.4112763061053394,0,0,0,101325,100
38360000000,0,0,9.81,0,0,0.4105185487828085,0,0,0,101325,100
38380000000,0,0,9.81,0,0,0.41084321586984035,0,0,0,101325,100
38400000000,0,0,9.81,0,0,0.41073770363817946,0,0,0,101325,100
38420000000,0,0,9.81,0,0,0.41107305270824973,0,0,0,101325,100
38440000000,0,0,9.81,0,0,0.41058526807800105,0,0,0,101325,100
38460000000,0,0,9.81,0,0,0.41078174178782556,0,0,0,101325,100
38480000000,0,0,9.81,0,0,0.41159818335728704,0,0,0,101325,100
38500000000,0,0,9.81,0,0,0.41125925409183484,0,0,0,101325,100
38520000000,0,0,9.81,0,0,0.4120641335437728,0,0,0,101325,100
38540000000,0,0,9.81,0,0,0.4105515359160342,0,0,0,101325,100
38560000000,0,0,9.81,0,0,0.40920421678055646,0,0,0,101325,100
38580000000,0,0,9.81,0,0,0.410808368066789,0,0,0,101325,100
38600000000,0,0,9.81,0,0,0.4100653328030378,0,0,0,101325,100
38620000000,0,0,9.81,0,0,0.40999245477271734,0,0,0,101325,100
38640000000,0,0,9.81,0,0,0.4110705762202189,0,0,0,101325,100
38660000000,0,0,9.81,0,0,0.41056216167360643,0,0,0,101325,100
38680000000,0,0,9.81,0,0,0.4111576218411012,0,0,0,101325,100
38700000000,0,0,9.81,0,0,0.4123070598509316,0,0,0,101325,100
38720000000,0,0,9.81,0,0,0.41239484923875896,0,0,0,101325,100
38740000000,0,0,9.81,0,0,0.4112284696697524,0,0,0,101325,100
38760000000,0,0,9.81,0,0,0.41146831068586087,0,0,0,101325,100
38780000000,0,0,9.81,0,0,0.41168010092078505,0,0,0,101325,100
38800000000,0,0,9.81,0,0,0.4119632455299664,0,0,0,101325,100
38820000000,0,0,9.81,0,0,0.4097099046415414,0,0,0,101325,100
38840000000,0,0,9.81,0,0,0.40940709516263485,0,0,0,101325,100
38860000000,0,0,9.81,0,0,0.4121126490941711,0,0,0,101325,100
38880000000,0,0,9.81,0,0,0.4101524999853388,0,0,0,101325,100
38900000000,0,0,9.81,0,0,0.4091333286527057,0,0,0,101325,100
38920000000,0,0,9.81,0,0,0.41078640534837607,0,0,0,101325,100
38940000000,0,0,9.81,0,0,0.40998162418746936,0,0,0,101325,100
38960000000,0,0,9.81,0,0,0.4118883502499487,0,0,0,101325,100
38980000000,0,0,9.81,0,0,0.41193123843117513,0,0,0,101325,100
39000000000,0,0,9.81,0,0,0.41117649675882934,0,0,0,101325,100
39020000000,0,0,9.81,0,0,0.4106505448284019,0,0,0,101325,100
39040000000,0,0,9.81,0,0,0.4109361149703283,0,0,0,101325,100
39060000000,0,0,9.81,0,0,0.41036962760782786,0,0,0,101325,100
39080000000,0,0,9.81,0,0,0.4108746535191156,0,0,0,101325,100
39100000000,0,0,9.81,0,0,0.41100764890683406,0,0,0,101325,100
39120000000,0,0,9.81,0,0,0.4103770991824035,0,0,0,101325,100
39140000000,0,0,9.81,0,0,0.41048015391123044,0,0,0,101325,100
39160000000,0,0,9.81,0,0,0.41046790851352405,0,0,0,101325,100
39180000000,0,0,9.81,0,0,0.41228492635861486,0,0,0,101325,100
39200000000,0,0,9.81,0,0,0.41084499955841575,0,0,0,101325,100
39220000000,0,0,9.81,0,0,0.4099542255311542,0,0,0,101325,100
39240000000,0,0,9.81,0,0,0.4118505099134165,0,0,0,101325,100
39260000000,0,0,9.81,0,0,0.4106433078102167,0,0,0,101325,100
39280000000,0,0,9.81,0,0,0.4103652476018011,0,0,0,101325,100
39300000000,0,0,9.81,0,0,0.408428535951897,0,0,0,101325,100
39320000000,0,0,9.81,0,0,0.4100169320522591,0,0,0,101325,100
39340000000,0,0,9.81,0,0,0.4095731599497268,0,0,0,101325,100
39360000000,0,0,9.81,0,0,0.4106719645973508,0,0,0,101325,100
39380000000,0,0,9.81,0,0,0.41044208070817717,0,0,0,101325,100
39400000000,0,0,9.81,0,0,0.4109183647467229,0,0,0,101325,100
39420000000,0,0,9.81,0,0,0.410987959961179,0,0,0,101325,100
39440000000,0,0,9.81,0,0,0.4098973338996898,0,0,0,101325,100
39460000000,0,0,9.81,0,0,0.4088177739689401,0,0,0,101325,100
39480000000,0,0,9.81,0,0,0.4111612018823531,0,0,0,101325,100
39500000000,0,0,9.81,0,0,0.4104152395350807,0,0,0,101325,100
39520000000,0,0,9.81,0,0,0.4100350345530992,0,0,0,101325,100
39540000000,0,0,9.81,0,0,0.4097209891815869,0,0,0,101325,100
39560000000,0,0,9.81,0,0,0.4098708678868633,0,0,0,101325,100
39580000000,0,0,9.81,0,0,0.41308735492994886,0,0,0,101325,100
39600000000,0,0,9.81,0,0,0.4103792821809971,0,0,0,101325,100
39620000000,0,0,9.81,0,0,0.41123709575539036,0,0,0,101325,100
39640000000,0,0,9.81,0,0,0.41016278676247914,0,0,0,101325,100
39660000000,0,0,9.81,0,0,0.40946337610788375,0,0,0,101325,100
39680000000,0,0,9.81,0,0,0.41165938421416504,0,0,0,101325,100
39700000000,0,0,9.81,0,0,0.41194780024565025,0,0,0,101325,100
39720000000,0,0,9.81,0,0,0.41223374278331193,0,0,0,101325,100
39740000000,0,0,9.81,0,0,0.4109232954930798,0,0,0,101325,100
39760000000,0,0,9.81,0,0,0.4105776032783491,0,0,0,101325,100
39780000000,0,0,9.81,0,0,0.41180852688935315,0,0,0,101325,100
39800000000,0,0,9.81,0,0,0.4112074630445334,0,0,0,101325,100
39820000000,0,0,9.81,0,0,0.4119433124393439,0,0,0,101325,100
39840000000,0,0,9.81,0,0,0.41162553197963164,0,0,0,101325,100
39860000000,0,0,9.81,0,0,0.4128032231566916,0,0,0,101325,100
39880000000,0,0,9.81,0,0,0.4109046018614686,0,0,0,101325,100
39900000000,0,0,9.81,0,0,0.41122453945766707,0,0,0,101325,100
39920000000,0,0,9.81,0,0,0.4096306903615437,0,0,0,101325,100
39940000000,0,0,9.81,0,0,0.4117727832990129,0,0,0,101325,100
39960000000,0,0,9.81,0,0,0.4104454242213439,0,0,0,101325,100
39980000000,0,0,9.81,0,0,0.41188316657526725,0,0,0,101325,100
40000000000,0,0,9.81,0,0,0.4098919991754405,0,0,0,101325,100
40020000000,0,0,9.81,0,0,0.4112315466991512,0,0,0,101325,100
40040000000,0,0,9.81,0,0,0.41007209521456384,0,0,0,101325,100
40060000000,0,0,9.81,0,0,0.41000907233628253,0,0,0,101325,100
40080000000,0,0,9.81,0,0,0.41039046187404515,0,0,0,101325,100
40100000000,0,0,9.81,0,0,0.4136380779030468,0,0,0,101325,100
40120000000,0,0,9.81,0,0,0.41083670979043013,0,0,0,101325,100
40140000000,0,0,9.81,0,0,0.4096255410130931,0,0,0,101325,100
40160000000,0,0,9.81,0,0,0.41171073149518783,0,0,0,101325,100
40180000000,0,0,9.81,0,0,0.41098021606531765,0,0,0,101325,100
40200000000,0,0,9.81,0,0,0.41004936834805433,0,0,0,101325,100
40220000000,0,0,9.81,0,0,0.4119169835161318,0,0,0,101325,100
40240000000,0,0,9.81,0,0,0.40988168667901415,0,0,0,101325,100
40260000000,0,0,9.81,0,0,0.40994501533754873,0,0,0,101325,100
40280000000,0,0,9.81,0,0,0.409385381212529,0,0,0,101325,100
40300000000,0,0,9.81,0,0,0.4108100320785893,0,0,0,101325,100
40320000000,0,0,9.81,0,0,0.41031867757789714,0,0,0,101325,100
40340000000,0,0,9.81,0,0,0.4111805518058989,0,0,0,101325,100
40360000000,0,0,9.81,0,0,0.4124588227086587,0,0,0,101325,100
40380000000,0,0,9.81,0,0,0.4096424150215989,0,0,0,101325,100
40400000000,0,0,9.81,0,0,0.4105976236454801,0,0,0,101325,100
40420000000,0,0,9.81,0,0,0.4107848291186912,0,0,0,101325,100
40440000000,0,0,9.81,0,0,0.41163423541204003,0,0,0,101325,100
40460000000,0,0,9.81,0,0,0.41063955983591655,0,0,0,101325,100
40480000000,0,0,9.81,0,0,0.4102032275440762,0,0,0,101325,100
40500000000,0,0,9.81,0,0,0.4114651164759003,0,0,0,101325,100
40520000000,0,0,9.81,0,0,0.4103395842065332,0,0,0,101325,100
40540000000,0,0,9.81,0,0,0.41074295236355884,0,0,0,101325,100
40560000000,0,0,9.81,0,0,0.4114582828841632,0,0,0,101325,100
40580000000,0,0,9.81,0,0,0.41093267283442914,0,0,0,101325,100
40600000000,0,0,9.81,0,0,0.4120307667376977,0,0,0,101325,100
40620000000,0,0,9.81,0,0,0.4117343059249622,0,0,0,101325,100
40640000000,0,0,9.81,0,0,0.41010968953492344,0,0,0,101325,100
40660000000,0,0,9.81,0,0,0.4111543899245869,0,0,0,101325,100
40680000000,0,0,9.81,0,0,0.41097523639718286,0,0,0,101325,100
40700000000,0,0,9.81,0,0,0.4101305957035719,0,0,0,101325,100
40720000000,0,0,9.81,0,0,0.4108002982988492,0,0,0,101325,100
40740000000,0,0,9.81,0,0,0.41144123758337325,0,0,0,101325,100
40760000000,0,0,9.81,0,0,0.41128945034503134,0,0,0,101325,100
40780000000,0,0,9.81,0,0,0.41147327627139235,0,0,0,101325,100
40800000000,0,0,9.81,0,0,0.4101610851315595,0,0,0,101325,100
40820000000,0,0,9.81,0,0,0.41058710606416426,0,0,0,101325,100
40840000000,0,0,9.81,0,0,0.4114098188245274,0,0,0,101325,100
40860000000,0,0,9.81,0,0,0.4099178641507475,0,0,0,101325,100
40880000000,0,0,9.81,0,0,0.41021705285413756,0,0,0,101325,100
40900000000,0,0,9.81,0,0,0.4119075581353679,0,0,0,101325,100
40920000000,0,0,9.81,0,0,0.4101887465896025,0,0,0,101325,100
40940000000,0,0,9.81,0,0,0.410529025410252,0,0,0,101325,100
40960000000,0,0,9.81,0,0,0.412391412910389,0,0,0,101325,100
40980000000,0,0,9.81,0,0,0.4105164630894288,0,0,0,101325,100
41000000000,0,0,9.81,0,0,0.4108371872143254,0,0,0,101325,100
41020000000,0,0,9.81,0,0,0.40967086798377567,0,0,0,101325,100
41040000000,0,0,9.81,0,0,0.41057226762412247,0,0,0,101325,100
41060000000,0,0,9.81,0,0,0.4103522522395335,0,0,0,101325,100
41080000000,0,0,9.81,0,0,0.40969327608244416,0,0,0,101325,100
41100000000,0,0,9.81,0,0,0.4091668118182701,0,0,0,101325,100
41120000000,0,0,9.81,0,0,0.4103487003446645,0,0,0,101325,100
41140000000,0,0,9.81,0,0,0.4103536473557877,0,0,0,101325,100
41160000000,0,0,9.81,0,0,0.41103853849875405,0,0,0,101325,100
41180000000,0,0,9.81,0,0,0.41206326846314534,0,0,0,101325,100
41200000000,0,0,9.81,0,0,0.4109826265724493,0,0,0,101325,100
41220000000,0,0,9.81,0,0,0.4112501169197206,0,0,0,101325,100
41240000000,0,0,9.81,0,0,0.41015195019183953,0,0,0,101325,100
41260000000,0,0,9.81,0,0,0.4105980681826635,0,0,0,101325,100
41280000000,0,0,9.81,0,0,0.4114797038171085,0,0,0,101325,100
41300000000,0,0,9.81,0,0,0.4121368427664493,0,0,0,101325,100
41320000000,0,0,9.81,0,0,0.4096254983098639,0,0,0,101325,100
41340000000,0,0,9.81,0,0,0.4109572115732324,0,0,0,101325,100
41360000000,0,0,9.81,0,0,0.4116667679824795,0,0,0,101325,100
41380000000,0,0,9.81,0,0,0.4104847223172354,0,0,0,101325,100
41400000000,0,0,9.81,0,0,0.4120445490056137,0,0,0,101325,100
41420000000,0,0,9.81,0,0,0.4103066638693906,0,0,0,101325,100
41440000000,0,0,9.81,0,0,0.4107130997212074,0,0,0,101325,100
41460000000,0,0,9.81,0,0,0.41118291305609833,0,0,0,101325,100
41480000000,0,0,9.81,0,0,0.4098001862318608,0,0,0,101325,100
41500000000,0,0,9.81,0,0,0.4103540716347062,0,0,0,101325,100
41520000000,0,0,9.81,0,0,0.41094097232860993,0,0,0,101325,100
41540000000,0,0,9.81,0,0,0.4108348155258662,0,0,0,101325,100
41560000000,0,0,9.81,0,0,0.4119740710589491,0,0,0,101325,100
41580000000,0,0,9.81,0,0,0.41054110368274,0,0,0,101325,100
41600000000,0,0,9.81,0,0,0.410767100764195,0,0,0,101325,100
41620000000,0,0,9.81,0,0,0.4101749203788248,0,0,0,101325,100
41640000000,0,0,9.81,0,0,0.41025427577324575,0,0,0,101325,100
41660000000,0,0,9.81,0,0,0.41155451543218546,0,0,0,101325,100
41680000000,0,0,9.81,0,0,0.4117086773343061,0,0,0,101325,100
41700000000,0,0,9.81,0,0,0.4111125884567146,0,0,0,101325,100
41720000000,0,0,9.81,0,0,0.41117157840464386,0,0,0,101325,100
41740000000,0,0,9.81,0,0,0.4103468859354588,0,0,0,101325,100
41760000000,0,0,9.81,0,0,0.41099944651606657,0,0,0,101325,100
41780000000,0,0,9.81,0,0,0.4124230629944648,0,0,0,101325,100
41800000000,0,0,9.81,0,0,0.4122970315308597,0,0,0,101325,100
41820000000,0,0,9.81,0,0,0.4088141919107893,0,0,0,101325,100
41840000000,0,0,9.81,0,0,0.4112426802935529,0,0,0,101325,100
41860000000,0,0,9.81,0,0,0.41208000907464665,0,0,0,101325,100
41880000000,0,0,9.81,0,0,0.41003076617203,0,0,0,101325,100
41900000000,0,0,9.81,0,0,0.4115063877185636,0,0,0,101325,100
41920000000,0,0,9.81,0,0,0.4120075631264869,0,0,0,101325,100
41940000000,0,0,9.81,0,0,0.40971523299026824,0,0,0,101325,100
41960000000,0,0,9.81,0,0,0.41089548446963325,0,0,0,101325,100
41980000000,0,0,9.81,0,0,0.41107710775449974,0,0,0,101325,100
42000000000,0,0,9.81,0,0,0.41065258539431765,0,0,0,101325,100
42020000000,0,0,9.81,0,0,0.40923969631474755,0,0,0,101325,100
42040000000,0,0,9.81,0,0,0.4111484281020127,0,0,0,101325,100
42060000000,0,0,9.81,0,0,0.4117881852992644,0,0,0,101325,100
42080000000,0,0,9.81,0,0,0.4100006405083125,0,0,0,101325,100
42100000000,0,0,9.81,0,0,0.409746976601862,0,0,0,101325,100
42120000000,0,0,9.81,0,0,0.4115596967810626,0,0,0,101325,100
42140000000,0,0,9.81,0,0,0.40998649985256175,0,0,0,101325,100
42160000000,0,0,9.81,0,0,0.41069152707052836,0,0,0,101325,100
42180000000,0,0,9.81,0,0,0.4111625805025001,0,0,0,101325,100
42200000000,0,0,9.81,0,0,0.4102085573798576,0,0,0,101325,100
42220000000,0,0,9.81,0,0,0.4109988404221617,0,0,0,101325,100
42240000000,0,0,9.81,0,0,0.41115511338774535,0,0,0,101325,100
42260000000,0,0,9.81,0,0,0.4105401480762334,0,0,0,101325,100
42280000000,0,0,9.81,0,0,0.40883891089288094,0,0,0,101325,100
42300000000,0,0,9.81,0,0,0.4099624257289852,0,0,0,101325,100
42320000000,0,0,9.81,0,0,0.4109567065925374,0,0,0,101325,100
42340000000,0,0,9.81,0,0,0.4094327930919681,0,0,0,101325,100
42360000000,0,0,9.81,0,0,0.4093733149032461,0,0,0,101325,100
42380000000,0,0,9.81,0,0,0.41084028548327545,0,0,0,101325,100
42400000000,0,0,9.81,0,0,0.41099639635698537,0,0,0,101325,100
42420000000,0,0,9.81,0,0,0.4096770843618914,0,0,0,101325,100
42440000000,0,0,9.81,0,0,0.4114104171572486,0,0,0,101325,100
42460000000,0,0,9.81,0,0,0.41098745205267756,0,0,0,101325,100
42480000000,0,0,9.81,0,0,0.4095350178649764,0,0,0,101325,100
42500000000,0,0,9.81,0,0,0.41135589249166715,0,0,0,101325,100
42520000000,0,0,9.81,0,0,0.4093265219126342,0,0,0,101325,100
42540000000,0,0,9.81,0,0,0.4106070828836266,0,0,0,101325,100
42560000000,0,0,9.81,0,0,0.41141814194843873,0,0,0,101325,100
42580000000,0,0,9.81,0,0,0.4109147556214761,0,0,0,101325,100
42600000000,0,0,9.81,0,0,0.4100742143702831,0,0,0,101325,100
42620000000,0,0,9.81,0,0,0.4101204287360964,0,0,0,101325,100
42640000000,0,0,9.81,0,0,0.4123801465662649,0,0,0,101325,100
42660000000,0,0,9.81,0,0,0.4099972728055721,0,0,0,101325,100
42680000000,0,0,9.81,0,0,0.41179257940249353,0,0,0,101325,100
42700000000,0,0,9.81,0,0,0.41075554657923397,0,0,0,101325,100
42720000000,0,0,9.81,0,0,0.4105482721387237,0,0,0,101325,100
42740000000,0,0,9.81,0,0,0.4106502763547382,0,0,0,101325,100
42760000000,0,0,9.81,0,0,0.4124317127883837,0,0,0,101325,100
42780000000,0,0,9.81,0,0,0.4099844963689579,0,0,0,101325,100
42800000000,0,0,9.81,0,0,0.41115537507065425,0,0,0,101325,100
42820000000,0,0,9.81,0,0,0.41088891577719844,0,0,0,101325,100
42840000000,0,0,9.81,0,0,0.41135891480825937,0,0,0,101325,100
42860000000,0,0,9.81,0,0,0.40948606343585603,0,0,0,101325,100
42880000000,0,0,9.81,0,0,0.41119000180319193,0,0,0,101325,100
42900000000,0,0,9.81,0,0,0.4111176656139462,0,0,0,101325,100
42920000000,0,0,9.81,0,0,0.4105837347161338,0,0,0,101325,100
42940000000,0,0,9.81,0,0,0.4114666586535169,0,0,0,101325,100
42960000000,0,0,9.81,0,0,0.4091523420727667,0,0,0,101325,100
42980000000,0,0,9.81,0,0,0.4094828840080362,0,0,0,101325,100
43000000000,0,0,9.81,0,0,0.4103695118549305,0,0,0,101325,100
43020000000,0,0,9.81,0,0,0.41217335495051793,0,0,0,101325,100
43040000000,0,0,9.81,0,0,0.41074194057529123,0,0,0,101325,100
43060000000,0,0,9.81,0,0,0.4107562447638672,0,0,0,101325,100
43080000000,0,0,9.81,0,0,0.41185089278602127,0,0,0,101325,100
43100000000,0,0,9.81,0,0,0.410984540630226,0,0,0,101325,100
43120000000,0,0,9.81,0,0,0.4103900850675369,0,0,0,101325,100
43140000000,0,0,9.81,0,0,0.4124920799842016,0,0,0,101325,100
43160000000,0,0,9.81,0,0,0.41146590410357814,0,0,0,101325,100
43180000000,0,0,9.81,0,0,0.4112062930914713,0,0,0,101325,100
43200000000,0,0,9.81,0,0,0.4104617227237932,0,0,0,101325,100
43220000000,0,0,9.81,0,0,0.4113104992443713,0,0,0,101325,100
43240000000,0,0,9.81,0,0,0.40960957200763237,0,0,0,101325,100
43260000000,0,0,9.81,0,0,0.41087774352045037,0,0,0,101325,100
43280000000,0,0,9.81,0,0,0.4111986315199684,0,0,0,101325,100
43300000000,0,0,9.81,0,0,0.411818742688779,0,0,0,101325,100
43320000000,0,0,9.81,0,0,0.41201551592222624,0,0,0,101325,100
43340000000,0,0,9.81,0,0,0.41125806541732746,0,0,0,101325,100
43360000000,0,0,9.81,0,0,0.41184943729130746,0,0,0,101325,100
43380000000,0,0,9.81,0,0,0.41041172419543415,0,0,0,101325,100
43400000000,0,0,9.81,0,0,0.41070087512948356,0,0,0,101325,100
43420000000,0,0,9.81,0,0,0.4111243926865,0,0,0,101325,100
43440000000,0,0,9.81,0,0,0.411937899899869,0,0,0,101325,100
43460000000,0,0,9.81,0,0,0.41145935068142664,0,0,0,101325,100
43480000000,0,0,9.81,0,0,0.4096381232884632,0,0,0,101325,100
43500000000,0,0,9.81,0,0,0.4089974907872132,0,0,0,101325,100
43520000000,0,0,9.81,0,0,0.4110536092261818,0,0,0,101325,100
43540000000,0,0,9.81,0,0,0.40979466021052957,0,0,0,101325,100
43560000000,0,0,9.81,0,0,0.40990409350692797,0,0,0,101325,100
43580000000,0,0,9.81,0,0,0.41126060949505966,0,0,0,101325,100
43600000000,0,0,9.81,0,0,0.4109270672308897,0,0,0,101325,100
43620000000,0,0,9.81,0,0,0.4119793203762102,0,0,0,101325,100
43640000000,0,0,9.81,0,0,0.4101378120108512,0,0,0,101325,100
43660000000,0,0,9.81,0,0,0.41015502797988435,0,0,0,101325,100
43680000000,0,0,9.81,0,0,0.41135819698089293,0,0,0,101325,100
43700000000,0,0,9.81,0,0,0.41224286385316317,0,0,0,101325,100
43720000000,0,0,9.81,0,0,0.41214793419428297,0,0,0,101325,100
43740000000,0,0,9.81,0,0,0.40962107005104365,0,0,0,101325,100
43760000000,0,0,9.81,0,0,0.41030994226741935,0,0,0,101325,100
43780000000,0,0,9.81,0,0,0.4114436550496038,0,0,0,101325,100
43800000000,0,0,9.81,0,0,0.41160635134626355,0,0,0,101325,100
43820000000,0,0,9.81,0,0,0.4104822679366139,0,0,0,101325,100
43840000000,0,0,9.81,0,0,0.4099883701529,0,0,0,101325,100
43860000000,0,0,9.81,0,0,0.4101836749009222,0,0,0,101325,100
43880000000,0,0,9.81,0,0,0.41232247409081124,0,0,0,101325,100
43900000000,0,0,9.81,0,0,0.411311047328958,0,0,0,101325,100
43920000000,0,0,9.81,0,0,0.408624998576904,0,0,0,101325,100
43940000000,0,0,9.81,0,0,0.40875613335769795,0,0,0,101325,100
43960000000,0,0,9.81,0,0,0.4112938207469677,0,0,0,101325,100
43980000000,0,0,9.81,0,0,0.409953899214548,0,0,0,101325,100
44000000000,0,0,9.81,0,0,0.41112932622533577,0,0,0,101325,100
44020000000,0,0,9.81,0,0,0.4104589663978776,0,0,0,101325,100
44040000000,0,0,9.81,0,0,0.410042768672145,0,0,0,101325,100
44060000000,0,0,9.81,0,0,0.4110819173455536,0,0,0,101325,100
44080000000,0,0,9.81,0,0,0.40979567856591176,0,0,0,101325,100
44100000000,0,0,9.81,0,0,0.41145479079167696,0,0,0,101325,100
44120000000,0,0,9.81,0,0,0.4099579735583872,0,0,0,101325,100
44140000000,0,0,9.81,0,0,0.4099012568942655,0,0,0,101325,100
44160000000,0,0,9.81,0,0,0.409868783294272,0,0,0,101325,100
44180000000,0,0,9.81,0,0,0.41096249139263363,0,0,0,101325,100
44200000000,0,0,9.81,0,0,0.41201162418163106,0,0,0,101325,100
44220000000,0,0,9.81,0,0,0.4108692493282169,0,0,0,101325,100
44240000000,0,0,9.81,0,0,0.41157669757600973,0,0,0,101325,100
44260000000,0,0,9.81,0,0,0.41009933223418704,0,0,0,101325,100
44280000000,0,0,9.81,0,0,0.41203770572460346,0,0,0,101325,100
44300000000,0,0,9.81,0,0,0.41009849917887997,0,0,0,101325,100
44320000000,0,0,9.81,0,0,0.4098320184707258,0,0,0,101325,100
44340000000,0,0,9.81,0,0,0.41149686496199306,0,0,0,101325,100
44360000000,0,0,9.81,0,0,0.4115363000967824,0,0,0,101325,100
44380000000,0,0,9.81,0,0,0.4122136949360666,0,0,0,101325,100
44400000000,0,0,9.81,0,0,0.4135949731555608,0,0,0,101325,100
44420000000,0,0,9.81,0,0,0.41054396107077273,0,0,0,101325,100
44440000000,0,0,9.81,0,0,0.411874127336778,0,0,0,101325,100
44460000000,0,0,9.81,0,0,0.41004925886011195,0,0,0,101325,100
44480000000,0,0,9.81,0,0,0.4111746195427714,0,0,0,101325,100
44500000000,0,0,9.81,0,0,0.4095483446522077,0,0,0,101325,100
44520000000,0,0,9.81,0,0,0.41269935616047165,0,0,0,101325,100
44540000000,0,0,9.81,0,0,0.4112972727607462,0,0,0,101325,100
44560000000,0,0,9.81,0,0,0.41106431794210113,0,0,0,101325,100
44580000000,0,0,9.81,0,0,0.4103100147897488,0,0,0,101325,100
44600000000,0,0,9.81,0,0,0.4110744739404021,0,0,0,101325,100
44620000000,0,0,9.81,0,0,0.4107520612352749,0,0,0,101325,100
44640000000,0,0,9.81,0,0,0.4117777807453272,0,0,0,101325,100
44660000000,0,0,9.81,0,0,0.4106674727596908,0,0,0,101325,100
44680000000,0,0,9.81,0,0,0.4099218442070768,0,0,0,101325,100
44700000000,0,0,9.81,0,0,0.4114096735700015,0,0,0,101325,100
44720000000,0,0,9.81,0,0,0.41102376820483144,0,0,0,101325,100
44740000000,0,0,9.81,0,0,0.4107680454959437,0,0,0,101325,100
44760000000,0,0,9.81,0,0,0.41188973717801874,0,0,0,101325,100
44780000000,0,0,9.81,0,0,0.40999765063180077,0,0,0,101325,100
44800000000,0,0,9.81,0,0,0.41044584969363757,0,0,0,101325,100
44820000000,0,0,9.81,0,0,0.4111878477109179,0,0,0,101325,100
44840000000,0,0,9.81,0,0,0.41108644362951513,0,0,0,101325,100
44860000000,0,0,9.81,0,0,0.4102346435020802,0,0,0,101325,100
44880000000,0,0,9.81,0,0,0.40980982523418835,0,0,0,101325,100
44900000000,0,0,9.81,0,0,0.41163545143445324,0,0,0,101325,100
44920000000,0,0,9.81,0,0,0.41169677548413885,0,0,0,101325,100
44940000000,0,0,9.81,0,0,0.4127635309516766,0,0,0,101325,100
44960000000,0,0,9.81,0,0,0.41069642711891297,0,0,0,101325,100
44980000000,0,0,9.81,0,0,0.4111769417826492,0,0,0,101325,100
45000000000,0,0,9.81,0,0,0.41075286678158074,0,0,0,101325,100
45020000000,0,0,9.81,0,0,0.4112592070876024,0,0,0,101325,100
45040000000,0,0,9.81,0,0,0.4115498593055095,0,0,0,101325,100
45060000000,0,0,9.81,0,0,0.4117376873001855,0,0,0,101325,100
45080000000,0,0,9.81,0,0,0.4120492247314852,0,0,0,101325,100
45100000000,0,0,9.81,0,0,0.4114436783508208,0,0,0,101325,100
45120000000,0,0,9.81,0,0,0.4110544650136353,0,0,0,101325,100
45140000000,0,0,9.81,0,0,0.41173666454076396,0,0,0,101325,100
45160000000,0,0,9.81,0,0,0.4103887958467879,0,0,0,101325,100
45180000000,0,0,9.81,0,0,0.4114211847712943,0,0,0,101325,100
45200000000,0,0,9.81,0,0,0.4109290799129008,0,0,0,101325,100
45220000000,0,0,9.81,0,0,0.41228508016848453,0,0,0,101325,100
45240000000,0,0,9.81,0,0,0.41186396016497345,0,0,0,101325,100
45260000000,0,0,9.81,0,0,0.41193423701764276,0,0,0,101325,100
45280000000,0,0,9.81,0,0,0.4109997740485982,0,0,0,101325,100
45300000000,0,0,9.81,0,0,0.41016206235786723,0,0,0,101325,100
45320000000,0,0,9.81,0,0,0.4103702333537696,0,0,0,101325,100
45340000000,0,0,9.81,0,0,0.4105536259019339,0,0,0,101325,100
45360000000,0,0,9.81,0,0,0.41112883845505355,0,0,0,101325,100
45380000000,0,0,9.81,0,0,0.41085946217190367,0,0,0,101325,100
45400000000,0,0,9.81,0,0,0.41094917012991156,0,0,0,101325,100
45420000000,0,0,9.81,0,0,0.41162156030239344,0,0,0,101325,100
45440000000,0,0,9.81,0,0,0.41168680458241,0,0,0,101325,100
45460000000,0,0,9.81,0,0,0.41139950837371186,0,0,0,101325,100
45480000000,0,0,9.81,0,0,0.4109232013093864,0,0,0,101325,100
45500000000,0,0,9.81,0,0,0.4118634067731061,0,0,0,101325,100
45520000000,0,0,9.81,0,0,0.4104040674144176,0,0,0,101325,100
45540000000,0,0,9.81,0,0,0.4110483435257327,0,0,0,101325,100
45560000000,0,0,9.81,0,0,0.41047568756252795,0,0,0,101325,100
45580000000,0,0,9.81,0,0,0.4112471028737233,0,0,0,101325,100
45600000000,0,0,9.81,0,0,0.4094811761094916,0,0,0,101325,100
45620000000,0,0,9.81,0,0,0.41105193895749387,0,0,0,101325,100
45640000000,0,0,9.81,0,0,0.409896324642181,0,0,0,101325,100
45660000000,0,0,9.81,0,0,0.4095161277285009,0,0,0,101325,100
45680000000,0,0,9.81,0,0,0.41042480926527214,0,0,0,101325,100
45700000000,0,0,9.81,0,0,0.41109072877753156,0,0,0,101325,100
45720000000,0,0,9.81,0,0,0.41061828259221844,0,0,0,101325,100
45740000000,0,0,9.81,0,0,0.4117520070497826,0,0,0,101325,100
45760000000,0,0,9.81,0,0,0.41182420201353315,0,0,0,101325,100
45780000000,0,0,9.81,0,0,0.4099425039398143,0,0,0,101325,100
45800000000,0,0,9.81,0,0,0.409333235565047,0,0,0,101325,100
45820000000,0,0,9.81,0,0,0.40984676138010745,0,0,0,101325,100
45840000000,0,0,9.81,0,0,0.41183982294100174,0,0,0,101325,100
45860000000,0,0,9.81,0,0,0.41021143930346504,0,0,0,101325,100
45880000000,0,0,9.81,0,0,0.4108968527248262,0,0,0,101325,100
45900000000,0,0,9.81,0,0,0.41197775008264076,0,0,0,101325,100
45920000000,0,0,9.81,0,0,0.4101488568687248,0,0,0,101325,100
45940000000,0,0,9.81,0,0,0.4104280667660214,0,0,0,101325,100
45960000000,0,0,9.81,0,0,0.410953126739904,0,0,0,101325,100
45980000000,0,0,9.81,0,0,0.4108690233124993,0,0,0,101325,100
46000000000,0,0,9.81,0,0,0.4111678400680056,0,0,0,101325,100
46020000000,0,0,9.81,0,0,0.41048354397005626,0,0,0,101325,100
46040000000,0,0,9.81,0,0,0.4102091741633334,0,0,0,101325,100
46060000000,0,0,9.81,0,0,0.41031973609804423,0,0,0,101325,100
46080000000,0,0,9.81,0,0,0.40987199378076455,0,0,0,101325,100
46100000000,0,0,9.81,0,0,0.41148691595741627,0,0,0,101325,100
46120000000,0,0,9.81,0,0,0.41094140866355755,0,0,0,101325,100
46140000000,0,0,9.81,0,0,0.4104531601468125,0,0,0,101325,100
46160000000,0,0,9.81,0,0,0.41293391341402036,0,0,0,101325,100
46180000000,0,0,9.81,0,0,0.4100012447370748,0,0,0,101325,100
46200000000,0,0,9.81,0,0,0.4099556830590833,0,0,0,101325,100
46220000000,0,0,9.81,0,0,0.40985987474720487,0,0,0,101325,100
46240000000,0,0,9.81,0,0,0.4101016366426642,0,0,0,101325,100
46260000000,0,0,9.81,0,0,0.4111773663061357,0,0,0,101325,100
46280000000,0,0,9.81,0,0,0.410919749109734,0,0,0,101325,100
46300000000,0,0,9.81,0,0,0.40968432304015145,0,0,0,101325,100
46320000000,0,0,9.81,0,0,0.4112255125373341,0,0,0,101325,100
46340000000,0,0,9.81,0,0,0.41267809786571885,0,0,0,101325,100
46360000000,0,0,9.81,0,0,0.41156602413557886,0,0,0,101325,100
46380000000,0,0,9.81,0,0,0.4115173617553625,0,0,0,101325,100
46400000000,0,0,9.81,0,0,0.4111466265581426,0,0,0,101325,100
46420000000,0,0,9.81,0,0,0.4101036683565728,0,0,0,101325,100
46440000000,0,0,9.81,0,0,0.41279623458652914,0,0,0,101325,100
46460000000,0,0,9.81,0,0,0.4113028388379005,0,0,0,101325,100
46480000000,0,0,9.81,0,0,0.4126495109752114,0,0,0,101325,100
46500000000,0,0,9.81,0,0,0.4116038075478916,0,0,0,101325,100
46520000000,0,0,9.81,0,0,0.4120483556105635,0,0,0,101325,100
46540000000,0,0,9.81,0,0,0.41115319308928433,0,0,0,101325,100
46560000000,0,0,9.81,0,0,0.4110699427401202,0,0,0,101325,100
46580000000,0,0,9.81,0,0,0.409307701855411,0,0,0,101325,100
46600000000,0,0,9.81,0,0,0.4120480564887479,0,0,0,101325,100
46620000000,0,0,9.81,0,0,0.4118880233853761,0,0,0,101325,100
46640000000,0,0,9.81,0,0,0.4105463283051551,0,0,0,101325,100
46660000000,0,0,9.81,0,0,0.410981222410737,0,0,0,101325,100
46680000000,0,0,9.81,0,0,0.4110297660755795,0,0,0,101325,100
46700000000,0,0,9.81,0,0,0.41082885930953944,0,0,0,101325,100
46720000000,0,0,9.81,0,0,0.4107939194084807,0,0,0,101325,100
46740000000,0,0,9.81,0,0,0.41157017856490147,0,0,0,101325,100
46760000000,0,0,9.81,0,0,0.41068700942489783,0,0,0,101325,100
46780000000,0,0,9.81,0,0,0.411317205475893,0,0,0,101325,100
46800000000,0,0,9.81,0,0,0.411654067685368,0,0,0,101325,100
46820000000,0,0,9.81,0,0,0.4101818662803312,0,0,0,101325,100
46840000000,0,0,9.81,0,0,0.411378269333292,0,0,0,101325,100
46860000000,0,0,9.81,0,0,0.41112472745056783,0,0,0,101325,100
46880000000,0,0,9.81,0,0,0.41146239730696543,0,0,0,101325,100
46900000000,0,0,9.81,0,0,0.41087065815204893,0,0,0,101325,100
46920000000,0,0,9.81,0,0,0.4102791520844827,0,0,0,101325,100
46940000000,0,0,9.81,0,0,0.4117003054275905,0,0,0,101325,100
46960000000,0,0,9.81,0,0,0.40954808896222306,0,0,0,101325,100
46980000000,0,0,9.81,0,0,0.4091848993620168,0,0,0,101325,100
47000000000,0,0,9.81,0,0,0.41202612070296496,0,0,0,101325,100
47020000000,0,0,9.81,0,0,0.41110674363633615,0,0,0,101325,100
47040000000,0,0,9.81,0,0,0.4095853184193376,0,0,0,101325,100
47060000000,0,0,9.81,0,0,0.40960477551757224,0,0,0,101325,100
47080000000,0,0,9.81,0,0,0.41045269178052474,0,0,0,101325,100
47100000000,0,0,9.81,0,0,0.4092482471506942,0,0,0,101325,100
47120000000,0,0,9.81,0,0,0.4117294346628657,0,0,0,101325,100
47140000000,0,0,9.81,0,0,0.4090511323320481,0,0,0,101325,100
47160000000,0,0,9.81,0,0,0.40973919442234347,0,0,0,101325,100
47180000000,0,0,9.81,0,0,0.41024233598000165,0,0,0,101325,100
47200000000,0,0,9.81,0,0,0.41065664334296265,0,0,0,101325,100
47220000000,0,0,9.81,0,0,0.4088997880536567,0,0,0,101325,100
47240000000,0,0,9.81,0,0,0.4089758668846416,0,0,0,101325,100
47260000000,0,0,9.81,0,0,0.41127051770036244,0,0,0,101325,100
47280000000,0,0,9.81,0,0,0.4118634845299719,0,0,0,101325,100
47300000000,0,0,9.81,0,0,0.4104775250577393,0,0,0,101325,100
47320000000,0,0,9.81,0,0,0.4099701407405726,0,0,0,101325,100
47340000000,0,0,9.81,0,0,0.4118940662622488,0,0,0,101325,100
47360000000,0,0,9.81,0,0,0.41269035921425656,0,0,0,101325,100
47380000000,0,0,9.81,0,0,0.41124160059592096,0,0,0,101325,100
47400000000,0,0,9.81,0,0,0.40952622744104783,0,0,0,101325,100
47420000000,0,0,9.81,0,0,0.4104224332783039,0,0,0,101325,100
47440000000,0,0,9.81,0,0,0.4109928921399747,0,0,0,101325,100
47460000000,0,0,9.81,0,0,0.4096115219449937,0,0,0,101325,100
47480000000,0,0,9.81,0,0,0.41121898947742086,0,0,0,101325,100
47500000000,0,0,9.81,0,0,0.41085535867055667,0,0,0,101325,100
47520000000,0,0,9.81,0,0,0.4115866298885129,0,0,0,101325,100
47540000000,0,0,9.81,0,0,0.4112042311370896,0,0,0,101325,100
47560000000,0,0,9.81,0,0,0.41229779595647403,0,0,0,101325,100
47580000000,0,0,9.81,0,0,0.4122204269943887,0,0,0,101325,100
47600000000,0,0,9.81,0,0,0.41019932178429486,0,0,0,101325,100
47620000000,0,0,9.81,0,0,0.41225142872657683,0,0,0,101325,100
47640000000,0,0,9.81,0,0,0.4113335411110872,0,0,0,101325,100
47660000000,0,0,9.81,0,0,0.41074084805424727,0,0,0,101325,100
47680000000,0,0,9.81,0,0,0.40982455511781224,0,0,0,101325,100
47700000000,0,0,9.81,0,0,0.4097279986716895,0,0,0,101325,100
47720000000,0,0,9.81,0,0,0.41090757112665605,0,0,0,101325,100
47740000000,0,0,9.81,0,0,0.41192139812868184,0,0,0,101325,100
47760000000,0,0,9.81,0,0,0.410189918326154,0,0,0,101325,100
47780000000,0,0,9.81,0,0,0.4099595304758287,0,0,0,101325,100
47800000000,0,0,9.81,0,0,0.40910364867782506,0,0,0,101325,100
47820000000,0,0,9.81,0,0,0.41205401505935324,0,0,0,101325,100
47840000000,0,0,9.81,0,0,0.40960601189056745,0,0,0,101325,100
47860000000,0,0,9.81,0,0,0.4103471336325818,0,0,0,101325,100
47880000000,0,0,9.81,0,0,0.41066390160181704,0,0,0,101325,100
47900000000,0,0,9.81,0,0,0.41091044189838094,0,0,0,101325,100
47920000000,0,0,9.81,0,0,0.411004648054164,0,0,0,101325,100
47940000000,0,0,9.81,0,0,0.41163235348811394,0,0,0,101325,100
47960000000,0,0,9.81,0,0,0.41023750530083203,0,0,0,101325,100
47980000000,0,0,9.81,0,0,0.4108756734154036,0,0,0,101325,100
48000000000,0,0,9.81,0,0,0.411362685931447,0,0,0,101325,100
48020000000,0,0,9.81,0,0,0.4109537961298404,0,0,0,101325,100
48040000000,0,0,9.81,0,0,0.41043912669728033,0,0,0,101325,100
48060000000,0,0,9.81,0,0,0.41120638856478164,0,0,0,101325,100
48080000000,0,0,9.81,0,0,0.41111508643784056,0,0,0,101325,100
48100000000,0,0,9.81,0,0,0.4102719354573072,0,0,0,101325,100
48120000000,0,0,9.81,0,0,0.410627162017882,0,0,0,101325,100
48140000000,0,0,9.81,0,0,0.4106821611346084,0,0,0,101325,100
48160000000,0,0,9.81,0,0,0.41077520759945496,0,0,0,101325,100
48180000000,0,0,9.81,0,0,0.4124813793324178,0,0,0,101325,100
48200000000,0,0,9.81,0,0,0.4094762747264715,0,0,0,101325,100
48220000000,0,0,9.81,0,0,0.4121344720131533,0,0,0,101325,100
48240000000,0,0,9.81,0,0,0.41091851782401334,0,0,0,101325,100
48260000000,0,0,9.81,0,0,0.4115862919424011,0,0,0,101325,100
48280000000,0,0,9.81,0,0,0.41083281030517715,0,0,0,101325,100
48300000000,0,0,9.81,0,0,0.40951628761401476,0,0,0,101325,100
48320000000,0,0,9.81,0,0,0.41124446231884076,0,0,0,101325,100
48340000000,0,0,9.81,0,0,0.4107960029624458,0,0,0,101325,100
48360000000,0,0,9.81,0,0,0.41264380781308013,0,0,0,101325,100
48380000000,0,0,9.81,0,0,0.4088748303575615,0,0,0,101325,100
48400000000,0,0,9.81,0,0,0.41274343943746894,0,0,0,101325,100
48420000000,0,0,9.81,0,0,0.40941676072628624,0,0,0,101325,100
48440000000,0,0,9.81,0,0,0.4096966370202377,0,0,0,101325,100
48460000000,0,0,9.81,0,0,0.4104592543854001,0,0,0,101325,100
48480000000,0,0,9.81,0,0,0.41126204295073804,0,0,0,101325,100
48500000000,0,0,9.81,0,0,0.41192376311236145,0,0,0,101325,100
48520000000,0,0,9.81,0,0,0.41196279979034345,0,0,0,101325,100
48540000000,0,0,9.81,0,0,0.41132157067645103,0,0,0,101325,100
48560000000,0,0,9.81,0,0,0.41107691999307,0,0,0,101325,100
48580000000,0,0,9.81,0,0,0.409819290415483,0,0,0,101325,100
48600000000,0,0,9.81,0,0,0.41181741663501065,0,0,0,101325,100
48620000000,0,0,9.81,0,0,0.4108882347168949,0,0,0,101325,100
48640000000,0,0,9.81,0,0,0.40935680727496426,0,0,0,101325,100
48660000000,0,0,9.81,0,0,0.40934363377264105,0,0,0,101325,100
48680000000,0,0,9.81,0,0,0.41225170743558415,0,0,0,101325,100
48700000000,0,0,9.81,0,0,0.409757733530206,0,0,0,101325,100
48720000000,0,0,9.81,0,0,0.4106896251480145,0,0,0,101325,100
48740000000,0,0,9.81,0,0,0.409563679203158,0,0,0,101325,100
48760000000,0,0,9.81,0,0,0.41133213709409044,0,0,0,101325,100
48780000000,0,0,9.81,0,0,0.41002672086216674,0,0,0,101325,100
48800000000,0,0,9.81,0,0,0.41100917186279745,0,0,0,101325,100
48820000000,0,0,9.81,0,0,0.41095819268036016,0,0,0,101325,100
48840000000,0,0,9.81,0,0,0.41161017766702535,0,0,0,101325,100
48860000000,0,0,9.81,0,0,0.4104147984287038,0,0,0,101325,100
48880000000,0,0,9.81,0,0,0.40971675855303147,0,0,0,101325,100
48900000000,0,0,9.81,0,0,0.4118293311957224,0,0,0,101325,100
48920000000,0,0,9.81,0,0,0.4095233891687712,0,0,0,101325,100
48940000000,0,0,9.81,0,0,0.41093946704712575,0,0,0,101325,100
48960000000,0,0,9.81,0,0,0.41089840067418487,0,0,0,101325,100
48980000000,0,0,9.81,0,0,0.41060725518308594,0,0,0,101325,100
49000000000,0,0,9.81,0,0,0.4105460811377064,0,0,0,101325,100
49020000000,0,0,9.81,0,0,0.4119967712872387,0,0,0,101325,100
49040000000,0,0,9.81,0,0,0.4097307288303896,0,0,0,101325,100
49060000000,0,0,9.81,0,0,0.4108895844275108,0,0,0,101325,100
49080000000,0,0,9.81,0,0,0.409986252583149,0,0,0,101325,100
49100000000,0,0,9.81,0,0,0.4137206413796551,0,0,0,101325,100
49120000000,0,0,9.81,0,0,0.4111047900702928,0,0,0,101325,100
49140000000,0,0,9.81,0,0,0.41121360735429524,0,0,0,101325,100
49160000000,0,0,9.81,0,0,0.40947578463897805,0,0,0,101325,100
49180000000,0,0,9.81,0,0,0.4095249129059927,0,0,0,101325,100
49200000000,0,0,9.81,0,0,0.4095760082093129,0,0,0,101325,100
49220000000,0,0,9.81,0,0,0.4102806265852271,0,0,0,101325,100
49240000000,0,0,9.81,0,0,0.41217522044090715,0,0,0,101325,100
49260000000,0,0,9.81,0,0,0.41158459522340557,0,0,0,101325,100
49280000000,0,0,9.81,0,0,0.41076476291123887,0,0,0,101325,100
49300000000,0,0,9.81,0,0,0.41045739585574337,0,0,0,101325,100
49320000000,0,0,9.81,0,0,0.4104679145863767,0,0,0,101325,100
49340000000,0,0,9.81,0,0,0.41146454286020884,0,0,0,101325,100
49360000000,0,0,9.81,0,0,0.41077680242351805,0,0,0,101325,100
49380000000,0,0,9.81,0,0,0.4116223154009258,0,0,0,101325,100
49400000000,0,0,9.81,0,0,0.4111467913042367,0,0,0,101325,100
49420000000,0,0,9.81,0,0,0.41055157437307493,0,0,0,101325,100
49440000000,0,0,9.81,0,0,0.41101944953032,0,0,0,101325,100
49460000000,0,0,9.81,0,0,0.4106245783576644,0,0,0,101325,100
49480000000,0,0,9.81,0,0,0.4100650360111996,0,0,0,101325,100
49500000000,0,0,9.81,0,0,0.40969789765758213,0,0,0,101325,100
49520000000,0,0,9.81,0,0,0.4108981961317655,0,0,0,101325,100
49540000000,0,0,9.81,0,0,0.4120371421644221,0,0,0,101325,100
49560000000,0,0,9.81,0,0,0.410572524659222,0,0,0,101325,100
49580000000,0,0,9.81,0,0,0.4122201354679007,0,0,0,101325,100
49600000000,0,0,9.81,0,0,0.4101743830788029,0,0,0,101325,100
49620000000,0,0,9.81,0,0,0.4104559719758571,0,0,0,101325,100
49640000000,0,0,9.81,0,0,0.4119795568303233,0,0,0,101325,100
49660000000,0,0,9.81,0,0,0.4107494414119763,0,0,0,101325,100
49680000000,0,0,9.81,0,0,0.41063496677206895,0,0,0,101325,100
49700000000,0,0,9.81,0,0,0.4111765766924975,0,0,0,101325,100
49720000000,0,0,9.81,0,0,0.41085744483460046,0,0,0,101325,100
49740000000,0,0,9.81,0,0,0.4107463309746011,0,0,0,101325,100
49760000000,0,0,9.81,0,0,0.4112131163976555,0,0,0,101325,100
49780000000,0,0,9.81,0,0,0.41177688843336846,0,0,0,101325,100
49800000000,0,0,9.81,0,0,0.4098078987926868,0,0,0,101325,100
49820000000,0,0,9.81,0,0,0.4118251723271315,0,0,0,101325,100
49840000000,0,0,9.81,0,0,0.4093288872180649,0,0,0,101325,100
49860000000,0,0,9.81,0,0,0.41098665821705965,0,0,0,101325,100
49880000000,0,0,9.81,0,0,0.4105392240179917,0,0,0,101325,100
49900000000,0,0,9.81,0,0,0.4113884546577183,0,0,0,101325,100
49920000000,0,0,9.81,0,0,0.4122808298915381,0,0,0,101325,100
49940000000,0,0,9.81,0,0,0.4116689465427915,0,0,0,101325,100
49960000000,0,0,9.81,0,0,0.41104860660289533,0,0,0,101325,100
49980000000,0,0,9.81,0,0,0.41089220713050906,0,0,0,101325,100
50000000000,0,0,9.81,0,0,0.4115353546738203,0,0,0,101325,100
50020000000,0,0,9.81,0,0,0.4098715441300699,0,0,0,101325,100
50040000000,0,0,9.81,0,0,0.40965609212987547,0,0,0,101325,100
50060000000,0,0,9.81,0,0,0.4103135738127272,0,0,0,101325,100
50080000000,0,0,9.81,0,0,0.4093813869722256,0,0,0,101325,100
50100000000,0,0,9.81,0,0,0.4117241917423812,0,0,0,101325,100
50120000000,0,0,9.81,0,0,0.412693709027298,0,0,0,101325,100
50140000000,0,0,9.81,0,0,0.4109625080612732,0,0,0,101325,100
50160000000,0,0,9.81,0,0,0.4099237249440287,0,0,0,101325,100
50180000000,0,0,9.81,0,0,0.41024000192415533,0,0,0,101325,100
50200000000,0,0,9.81,0,0,0.4092062451533885,0,0,0,101325,100
50220000000,0,0,9.81,0,0,0.4102910595526799,0,0,0,101325,100
50240000000,0,0,9.81,0,0,0.4122824258526408,0,0,0,101325,100
50260000000,0,0,9.81,0,0,0.41177471912861674,0,0,0,101325,100
50280000000,0,0,9.81,0,0,0.41146071057967837,0,0,0,101325,100
50300000000,0,0,9.81,0,0,0.41161185737462014,0,0,0,101325,100
50320000000,0,0,9.81,0,0,0.4098347710751233,0,0,0,101325,100
50340000000,0,0,9.81,0,0,0.4103117074713132,0,0,0,101325,100
50360000000,0,0,9.81,0,0,0.41168436921327234,0,0,0,101325,100
50380000000,0,0,9.81,0,0,0.4113301552554595,0,0,0,101325,100
50400000000,0,0,9.81,0,0,0.4116030302590698,0,0,0,101325,100
50420000000,0,0,9.81,0,0,0.41056674936613385,0,0,0,101325,100
50440000000,0,0,9.81,0,0,0.40984643213590766,0,0,0,101325,100
50460000000,0,0,9.81,0,0,0.411922413220749,0,0,0,101325,100
50480000000,0,0,9.81,0,0,0.41070405685998446,0,0,0,101325,100
50500000000,0,0,9.81,0,0,0.40977967751174715,0,0,0,101325,100
50520000000,0,0,9.81,0,0,0.41232731580892235,0,0,0,101325,100
50540000000,0,0,9.81,0,0,0.41017406031834536,0,0,0,101325,100
50560000000,0,0,9.81,0,0,0.41056161673082103,0,0,0,101325,100
50580000000,0,0,9.81,0,0,0.41233187208390487,0,0,0,101325,100
50600000000,0,0,9.81,0,0,0.41137660650476554,0,0,0,101325,100
50620000000,0,0,9.81,0,0,0.41041868509309903,0,0,0,101325,100
50640000000,0,0,9.81,0,0,0.41078305520651676,0,0,0,101325,100
50660000000,0,0,9.81,0,0,0.4100963946530587,0,0,0,101325,100
50680000000,0,0,9.81,0,0,0.4104946212559532,0,0,0,101325,100
50700000000,0,0,9.81,0,0,0.4118574922240279,0,0,0,101325,100
50720000000,0,0,9.81,0,0,0.4083471700665182,0,0,0,101325,100
50740000000,0,0,9.81,0,0,0.41012587917639387,0,0,0,101325,100
50760000000,0,0,9.81,0,0,0.4113988238936138,0,0,0,101325,100
50780000000,0,0,9.81,0,0,0.4089745707467157,0,0,0,101325,100
50800000000,0,0,9.81,0,0,0.410507207809366,0,0,0,101325,100
50820000000,0,0,9.81,0,0,0.41252999933781226,0,0,0,101325,100
50840000000,0,0,9.81,0,0,0.4125414319608809,0,0,0,101325,100
50860000000,0,0,9.81,0,0,0.41028442240855945,0,0,0,101325,100
50880000000,0,0,9.81,0,0,0.4106522023222774,0,0,0,101325,100
50900000000,0,0,9.81,0,0,0.41132016980626157,0,0,0,101325,100
50920000000,0,0,9.81,0,0,0.4092896406982912,0,0,0,101325,100
50940000000,0,0,9.81,0,0,0.40957401486736356,0,0,0,101325,100
50960000000,0,0,9.81,0,0,0.40942853234451004,0,0,0,101325,100
50980000000,0,0,9.81,0,0,0.4109898130168514,0,0,0,101325,100
51000000000,0,0,9.81,0,0,0.40955797313892794,0,0,0,101325,100
51020000000,0,0,9.81,0,0,0.4117480861968882,0,0,0,101325,100
51040000000,0,0,9.81,0,0,0.4101590731983437,0,0,0,101325,100
51060000000,0,0,9.81,0,0,0.40998726249741535,0,0,0,101325,100
51080000000,0,0,9.81,0,0,0.4111925845755997,0,0,0,101325,100
51100000000,0,0,9.81,0,0,0.40946583076172,0,0,0,101325,100
51120000000,0,0,9.81,0,0,0.41045655415459814,0,0,0,101325,100
51140000000,0,0,9.81,0,0,0.4106864373587757,0,0,0,101325,100
51160000000,0,0,9.81,0,0,0.41056002624135735,0,0,0,101325,100
51180000000,0,0,9.81,0,0,0.41211744159678976,0,0,0,101325,100
51200000000,0,0,9.81,0,0,0.41154179378274564,0,0,0,101325,100
51220000000,0,0,9.81,0,0,0.41206949866031417,0,0,0,101325,100
51240000000,0,0,9.81,0,0,0.410571628788769,0,0,0,101325,100
51260000000,0,0,9.81,0,0,0.4093442704878413,0,0,0,101325,100
51280000000,0,0,9.81,0,0,0.41030038162786564,0,0,0,101325,100
51300000000,0,0,9.81,0,0,0.41152694335350914,0,0,0,101325,100
51320000000,0,0,9.81,0,0,0.4118589265456885,0,0,0,101325,100
51340000000,0,0,9.81,0,0,0.410426159494224,0,0,0,101325,100
51360000000,0,0,9.81,0,0,0.4097299580256365,0,0,0,101325,100
51380000000,0,0,9.81,0,0,0.4102932542546833,0,0,0,101325,100
51400000000,0,0,9.81,0,0,0.409197253760246,0,0,0,101325,100
51420000000,0,0,9.81,0,0,0.41060596109879643,0,0,0,101325,100
51440000000,0,0,9.81,0,0,0.40968197168644227,0,0,0,101325,100
51460000000,0,0,9.81,0,0,0.4092330797085547,0,0,0,101325,100
51480000000,0,0,9.81,0,0,0.40899451631782047,0,0,0,101325,100
51500000000,0,0,9.81,0,0,0.4118127163386953,0,0,0,101325,100
51520000000,0,0,9.81,0,0,0.41006548535075343,0,0,0,101325,100
51540000000,0,0,9.81,0,0,0.4111482811407318,0,0,0,101325,100
51560000000,0,0,9.81,0,0,0.41127864854597335,0,0,0,101325,100
51580000000,0,0,9.81,0,0,0.41113862198846896,0,0,0,101325,100
51600000000,0,0,9.81,0,0,0.41066056591984745,0,0,0,101325,100
51620000000,0,0,9.81,0,0,0.4086019514818996,0,0,0,101325,100
51640000000,0,0,9.81,0,0,0.4095590702093805,0,0,0,101325,100
51660000000,0,0,9.81,0,0,0.40937721815381695,0,0,0,101325,100
51680000000,0,0,9.81,0,0,0.41146116947530065,0,0,0,101325,100
51700000000,0,0,9.81,0,0,0.4113703541904488,0,0,0,101325,100
51720000000,0,0,9.81,0,0,0.41099094755281773,0,0,0,101325,100
51740000000,0,0,9.81,0,0,0.4103673712316284,0,0,0,101325,100
51760000000,0,0,9.81,0,0,0.4116576940520074,0,0,0,101325,100
51780000000,0,0,9.81,0,0,0.4111424016932526,0,0,0,101325,100
51800000000,0,0,9.81,0,0,0.41146917511087466,0,0,0,101325,100
51820000000,0,0,9.81,0,0,0.4104181714183041,0,0,0,101325,100
51840000000,0,0,9.81,0,0,0.4104128824543108,0,0,0,101325,100
51860000000,0,0,9.81,0,0,0.41020491427727473,0,0,0,101325,100
51880000000,0,0,9.81,0,0,0.4102342403931824,0,0,0,101325,100
51900000000,0,0,9.81,0,0,0.40950304450863995,0,0,0,101325,100
51920000000,0,0,9.81,0,0,0.40995455546905446,0,0,0,101325,100
51940000000,0,0,9.81,0,0,0.40984587098066777,0,0,0,101325,100
51960000000,0,0,9.81,0,0,0.4119688078615766,0,0,0,101325,100
51980000000,0,0,9.81,0,0,0.4116294699321211,0,0,0,101325,100
52000000000,0,0,9.81,0,0,0.41149998884431094,0,0,0,101325,100
52020000000,0,0,9.81,0,0,0.4098101640002439,0,0,0,101325,100
52040000000,0,0,9.81,0,0,0.4104331056269845,0,0,0,101325,100
52060000000,0,0,9.81,0,0,0.4114454968045872,0,0,0,101325,100
52080000000,0,0,9.81,0,0,0.410599442487844,0,0,0,101325,100
52100000000,0,0,9.81,0,0,0.4099129039354895,0,0,0,101325,100
52120000000,0,0,9.81,0,0,0.4110656866185535,0,0,0,101325,100
52140000000,0,0,9.81,0,0,0.41152298300904544,0,0,0,101325,100
52160000000,0,0,9.81,0,0,0.41203545451086093,0,0,0,101325,100
52180000000,0,0,9.81,0,0,0.4113044037084532,0,0,0,101325,100
52200000000,0,0,9.81,0,0,0.41024577469109536,0,0,0,101325,100
52220000000,0,0,9.81,0,0,0.41131402818918805,0,0,0,101325,100
52240000000,0,0,9.81,0,0,0.41112431253804244,0,0,0,101325,100
52260000000,0,0,9.81,0,0,0.4087490492716201,0,0,0,101325,100
52280000000,0,0,9.81,0,0,0.41182836523413296,0,0,0,101325,100
52300000000,0,0,9.81,0,0,0.41137416008537137,0,0,0,101325,100
52320000000,0,0,9.81,0,0,0.4109952272266149,0,0,0,101325,100
52340000000,0,0,9.81,0,0,0.41235001919305225,0,0,0,101325,100
52360000000,0,0,9.81,0,0,0.4112623321297039,0,0,0,101325,100
52380000000,0,0,9.81,0,0,0.4117944873148434,0,0,0,101325,100
52400000000,0,0,9.81,0,0,0.41146303161697484,0,0,0,101325,100
52420000000,0,0,9.81,0,0,0.40994927537900994,0,0,0,101325,100
52440000000,0,0,9.81,0,0,0.4106570778598548,0,0,0,101325,100
52460000000,0,0,9.81,0,0,0.410840400302051,0,0,0,101325,100
52480000000,0,0,9.81,0,0,0.410701896926065,0,0,0,101325,100
52500000000,0,0,9.81,0,0,0.4120457257159848,0,0,0,101325,100
52520000000,0,0,9.81,0,0,0.4093098597111301,0,0,0,101325,100
52540000000,0,0,9.81,0,0,0.41085463716284903,0,0,0,101325,100
52560000000,0,0,9.81,0,0,0.40942505056330164,0,0,0,101325,100
52580000000,0,0,9.81,0,0,0.41223897948946386,0,0,0,101325,100
52600000000,0,0,9.81,0,0,0.4114992866669102,0,0,0,101325,100
52620000000,0,0,9.81,0,0,0.41165128364045256,0,0,0,101325,100
52640000000,0,0,9.81,0,0,0.4093047472133864,0,0,0,101325,100
52660000000,0,0,9.81,0,0,0.4108923979294366,0,0,0,101325,100
52680000000,0,0,9.81,0,0,0.41101529536643305,0,0,0,101325,100
52700000000,0,0,9.81,0,0,0.4093776428607345,0,0,0,101325,100
52720000000,0,0,9.81,0,0,0.41205255947078806,0,0,0,101325,100
52740000000,0,0,9.81,0,0,0.41286733418886945,0,0,0,101325,100
52760000000,0,0,9.81,0,0,0.41023773619566684,0,0,0,101325,100
52780000000,0,0,9.81,0,0,0.4111284507060511,0,0,0,101325,100
52800000000,0,0,9.81,0,0,0.4094267276635317,0,0,0,101325,100
52820000000,0,0,9.81,0,0,0.410320915184189,0,0,0,101325,100
52840000000,0,0,9.81,0,0,0.41139747422916795,0,0,0,101325,100
52860000000,0,0,9.81,0,0,0.4108094898442675,0,0,0,101325,100
52880000000,0,0,9.81,0,0,0.4116610473576467,0,0,0,101325,100
52900000000,0,0,9.81,0,0,0.41030404786445157,0,0,0,101325,100
52920000000,0,0,9.81,0,0,0.4113526043149019,0,0,0,101325,100
52940000000,0,0,9.81,0,0,0.40853243932588523,0,0,0,101325,100
52960000000,0,0,9.81,0,0,0.409373062317213,0,0,0,101325,100
52980000000,0,0,9.81,0,0,0.4102810306852743,0,0,0,101325,100
53000000000,0,0,9.81,0,0,0.4102402648980005,0,0,0,101325,100
53020000000,0,0,9.81,0,0,0.4120761985040537,0,0,0,101325,100
53040000000,0,0,9.81,0,0,0.41168087409945636,0,0,0,101325,100
53060000000,0,0,9.81,0,0,0.4104815868020921,0,0,0,101325,100
53080000000,0,0,9.81,0,0,0.40993319119661714,0,0,0,101325,100
53100000000,0,0,9.81,0,0,0.40983633466361374,0,0,0,101325,100
53120000000,0,0,9.81,0,0,0.4103015555866831,0,0,0,101325,100
53140000000,0,0,9.81,0,0,0.4104184934725952,0,0,0,101325,100
53160000000,0,0,9.81,0,0,0.41098123012321974,0,0,0,101325,100
53180000000,0,0,9.81,0,0,0.4101748496896762,0,0,0,101325,100
53200000000,0,0,9.81,0,0,0.40959862141852754,0,0,0,101325,100
53220000000,0,0,9.81,0,0,0.41058009539619406,0,0,0,101325,100
53240000000,0,0,9.81,0,0,0.41127116960663723,0,0,0,101325,100
53260000000,0,0,9.81,0,0,0.4106200030427333,0,0,0,101325,100
53280000000,0,0,9.81,0,0,0.41105630428417667,0,0,0,101325,100
53300000000,0,0,9.81,0,0,0.40995832752531686,0,0,0,101325,100
53320000000,0,0,9.81,0,0,0.41156085572797085,0,0,0,101325,100
53340000000,0,0,9.81,0,0,0.4110565627035862,0,0,0,101325,100
53360000000,0,0,9.81,0,0,0.412368738414116,0,0,0,101325,100
53380000000,0,0,9.81,0,0,0.4107304419244868,0,0,0,101325,100
53400000000,0,0,9.81,0,0,0.41188849410704054,0,0,0,101325,100
53420000000,0,0,9.81,0,0,0.410240827857185,0,0,0,101325,100
53440000000,0,0,9.81,0,0,0.4113403744702519,0,0,0,101325,100
53460000000,0,0,9.81,0,0,0.41022554726065147,0,0,0,101325,100
53480000000,0,0,9.81,0,0,0.409508319217185,0,0,0,101325,100
53500000000,0,0,9.81,0,0,0.41032956011347915,0,0,0,101325,100
53520000000,0,0,9.81,0,0,0.4100266587609007,0,0,0,101325,100
53540000000,0,0,9.81,0,0,0.41086035219816497,0,0,0,101325,100
53560000000,0,0,9.81,0,0,0.4109405374481961,0,0,0,101325,100
53580000000,0,0,9.81,0,0,0.41039154034130254,0,0,0,101325,100
53600000000,0,0,9.81,0,0,0.40909790330502477,0,0,0,101325,100
53620000000,0,0,9.81,0,0,0.4113368478112199,0,0,0,101325,100
53640000000,0,0,9.81,0,0,0.4114309322038927,0,0,0,101325,100
53660000000,0,0,9.81,0,0,0.40954440743297515,0,0,0,101325,100
53680000000,0,0,9.81,0,0,0.41029715825886715,0,0,0,101325,100
53700000000,0,0,9.81,0,0,0.4118059971992877,0,0,0,101325,100
53720000000,0,0,9.81,0,0,0.41067921148970443,0,0,0,101325,100
53740000000,0,0,9.81,0,0,0.4103642195046823,0,0,0,101325,100
53760000000,0,0,9.81,0,0,0.41218232916898545,0,0,0,101325,100
53780000000,0,0,9.81,0,0,0.41073371035848216,0,0,0,101325,100
53800000000,0,0,9.81,0,0,0.41139579350817557,0,0,0,101325,100
53820000000,0,0,9.81,0,0,0.41116242856189,0,0,0,101325,100
53840000000,0,0,9.81,0,0,0.4106995188848579,0,0,0,101325,100
53860000000,0,0,9.81,0,0,0.4103500137534767,0,0,0,101325,100
53880000000,0,0,9.81,0,0,0.4101080447115328,0,0,0,101325,100
53900000000,0,0,9.81,0,0,0.4111226492833436,0,0,0,101325,100
53920000000,0,0,9.81,0,0,0.41076571905193426,0,0,0,101325,100
53940000000,0,0,9.81,0,0,0.4108076566972696,0,0,0,101325,100
53960000000,0,0,9.81,0,0,0.40927221482684095,0,0,0,101325,100
53980000000,0,0,9.81,0,0,0.41021129697423414,0,0,0,101325,100
54000000000,0,0,9.81,0,0,0.40964000574200876,0,0,0,101325,100
54020000000,0,0,9.81,0,0,0.4112216178161112,0,0,0,101325,100
54040000000,0,0,9.81,0,0,0.40982808281595073,0,0,0,101325,100
54060000000,0,0,9.81,0,0,0.40971356687625965,0,0,0,101325,100
54080000000,0,0,9.81,0,0,0.40987245401452194,0,0,0,101325,100
54100000000,0,0,9.81,0,0,0.41138968239223245,0,0,0,101325,100
54120000000,0,0,9.81,0,0,0.4112200209170105,0,0,0,101325,100
54140000000,0,0,9.81,0,0,0.41092211347594937,0,0,0,101325,100
54160000000,0,0,9.81,0,0,0.4109055720036837,0,0,0,101325,100
54180000000,0,0,9.81,0,0,0.41021450014105465,0,0,0,101325,100
54200000000,0,0,9.81,0,0,0.41002835463506426,0,0,0,101325,100
54220000000,0,0,9.81,0,0,0.4104646383552755,0,0,0,101325,100
54240000000,0,0,9.81,0,0,0.41060854341320396,0,0,0,101325,100
54260000000,0,0,9.81,0,0,0.41041280871018493,0,0,0,101325,100
54280000000,0,0,9.81,0,0,0.4123279401968875,0,0,0,101325,100
54300000000,0,0,9.81,0,0,0.4115122799749735,0,0,0,101325,100
54320000000,0,0,9.81,0,0,0.41186263260528744,0,0,0,101325,100
54340000000,0,0,9.81,0,0,0.4109858883866022,0,0,0,101325,100
54360000000,0,0,9.81,0,0,0.41066622706214884,0,0,0,101325,100
54380000000,0,0,9.81,0,0,0.4093952538229621,0,0,0,101325,100
54400000000,0,0,9.81,0,0,0.4099857028920066,0,0,0,101325,100
54420000000,0,0,9.81,0,0,0.41135459579088923,0,0,0,101325,100
54440000000,0,0,9.81,0,0,0.41140427056156703,0,0,0,101325,100
54460000000,0,0,9.81,0,0,0.4112693529528037,0,0,0,101325,100
54480000000,0,0,9.81,0,0,0.4109097457434074,0,0,0,101325,100
54500000000,0,0,9.81,0,0,0.4128273711856976,0,0,0,101325,100
54520000000,0,0,9.81,0,0,0.4109117573666661,0,0,0,101325,100
54540000000,0,0,9.81,0,0,0.41115863377878725,0,0,0,101325,100
54560000000,0,0,9.81,0,0,0.41330761501490737,0,0,0,101325,100
54580000000,0,0,9.81,0,0,0.41005632857845703,0,0,0,101325,100
54600000000,0,0,9.81,0,0,0.4098537299319167,0,0,0,101325,100
54620000000,0,0,9.81,0,0,0.41103382549555245,0,0,0,101325,100
54640000000,0,0,9.81,0,0,0.4115658535627823,0,0,0,101325,100
54660000000,0,0,9.81,0,0,0.40908602311564424,0,0,0,101325,100
54680000000,0,0,9.81,0,0,0.41146127043280223,0,0,0,101325,100
54700000000,0,0,9.81,0,0,0.41150568144991434,0,0,0,101325,100
54720000000,0,0,9.81,0,0,0.41212028192632894,0,0,0,101325,100
54740000000,0,0,9.81,0,0,0.4123057370074872,0,0,0,101325,100
54760000000,0,0,9.81,0,0,0.40950678763686876,0,0,0,101325,100
54780000000,0,0,9.81,0,0,0.4098459997165402,0,0,0,101325,100
54800000000,0,0,9.81,0,0,0.4094163318055056,0,0,0,101325,100
54820000000,0,0,9.81,0,0,0.41123313729002575,0,0,0,101325,100
54840000000,0,0,9.81,0,0,0.40868464534353266,0,0,0,101325,100
54860000000,0,0,9.81,0,0,0.41140670790567413,0,0,0,101325,100
54880000000,0,0,9.81,0,0,0.4112163237976923,0,0,0,101325,100
54900000000,0,0,9.81,0,0,0.41008251125298806,0,0,0,101325,100
54920000000,0,0,9.81,0,0,0.4103640049363391,0,0,0,101325,100
54940000000,0,0,9.81,0,0,0.40980983604429044,0,0,0,101325,100
54960000000,0,0,9.81,0,0,0.40977541515145016,0,0,0,101325,100
54980000000,0,0,9.81,0,0,0.4106217771599957,0,0,0,101325,100
55000000000,0,0,9.81,0,0,0.4114722552473132,0,0,0,101325,100
55020000000,0,0,9.81,0,0,0.4119601155649513,0,0,0,101325,100
55040000000,0,0,9.81,0,0,0.4119414175188991,0,0,0,101325,100
55060000000,0,0,9.81,0,0,0.40972131232339054,0,0,0,101325,100
55080000000,0,0,9.81,0,0,0.4088649052733751,0,0,0,101325,100
55100000000,0,0,9.81,0,0,0.41102049410451047,0,0,0,101325,100
55120000000,0,0,9.81,0,0,0.4111693492248736,0,0,0,101325,100
55140000000,0,0,9.81,0,0,0.4099914972766995,0,0,0,101325,100
55160000000,0,0,9.81,0,0,0.41172182945272345,0,0,0,101325,100
55180000000,0,0,9.81,0,0,0.4126145851870798,0,0,0,101325,100
55200000000,0,0,9.81,0,0,0.4098813518552959,0,0,0,101325,100
55220000000,0,0,9.81,0,0,0.41027459003966504,0,0,0,101325,100
55240000000,0,0,9.81,0,0,0.41048787121207886,0,0,0,101325,100
55260000000,0,0,9.81,0,0,0.409626808351255,0,0,0,101325,100
55280000000,0,0,9.81,0,0,0.41144624096407906,0,0,0,101325,100
55300000000,0,0,9.81,0,0,0.41027447595044725,0,0,0,101325,100
55320000000,0,0,9.81,0,0,0.41249421515403817,0,0,0,101325,100
55340000000,0,0,9.81,0,0,0.41245264385576147,0,0,0,101325,100
55360000000,0,0,9.81,0,0,0.4099139103492473,0,0,0,101325,100
55380000000,0,0,9.81,0,0,0.40992059692988764,0,0,0,101325,100
55400000000,0,0,9.81,0,0,0.4107694492974414,0,0,0,101325,100
55420000000,0,0,9.81,0,0,0.4127724078339302,0,0,0,101325,100
55440000000,0,0,9.81,0,0,0.4107401790213101,0,0,0,101325,100
55460000000,0,0,9.81,0,0,0.41196375943903585,0,0,0,101325,100
55480000000,0,0,9.81,0,0,0.41134214424629156,0,0,0,101325,100
55500000000,0,0,9.81,0,0,0.41097129093084034,0,0,0,101325,100
55520000000,0,0,9.81,0,0,0.4118045915048322,0,0,0,101325,100
55540000000,0,0,9.81,0,0,0.4119366872389922,0,0,0,101325,100
55560000000,0,0,9.81,0,0,0.41039660689829743,0,0,0,101325,100
55580000000,0,0,9.81,0,0,0.41121874554706866,0,0,0,101325,100
55600000000,0,0,9.81,0,0,0.41054364938644755,0,0,0,101325,100
55620000000,0,0,9.81,0,0,0.40988771382002037,0,0,0,101325,100
55640000000,0,0,9.81,0,0,0.4119202133926092,0,0,0,101325,100
55660000000,0,0,9.81,0,0,0.4096223686760256,0,0,0,101325,100
55680000000,0,0,9.81,0,0,0.4106688707934182,0,0,0,101325,100
55700000000,0,0,9.81,0,0,0.41221922710874687,0,0,0,101325,100
55720000000,0,0,9.81,0,0,0.4124647697712998,0,0,0,101325,100
55740000000,0,0,9.81,0,0,0.4104418085082726,0,0,0,101325,100
55760000000,0,0,9.81,0,0,0.41114632074108143,0,0,0,101325,100
55780000000,0,0,9.81,0,0,0.41027646775186916,0,0,0,101325,100
55800000000,0,0,9.81,0,0,0.4096545623166125,0,0,0,101325,100
55820000000,0,0,9.81,0,0,0.4103290473736048,0,0,0,101325,100
55840000000,0,0,9.81,0,0,0.410396056976655,0,0,0,101325,100
55860000000,0,0,9.81,0,0,0.412078178865385,0,0,0,101325,100
55880000000,0,0,9.81,0,0,0.4113099189337983,0,0,0,101325,100
55900000000,0,0,9.81,0,0,0.4104066695431354,0,0,0,101325,100
55920000000,0,0,9.81,0,0,0.4111787498907216,0,0,0,101325,100
55940000000,0,0,9.81,0,0,0.4113328327043848,0,0,0,101325,100
55960000000,0,0,9.81,0,0,0.411981649022211,0,0,0,101325,100
55980000000,0,0,9.81,0,0,0.410673572608478,0,0,0,101325,100
56000000000,0,0,9.81,0,0,0.4114118234012951,0,0,0,101325,100
56020000000,0,0,9.81,0,0,0.41248360495224606,0,0,0,101325,100
56040000000,0,0,9.81,0,0,0.4118877977670357,0,0,0,101325,100
56060000000,0,0,9.81,0,0,0.41143870671761673,0,0,0,101325,100
56080000000,0,0,9.81,0,0,0.40999401419910597,0,0,0,101325,100
56100000000,0,0,9.81,0,0,0.4115842733094354,0,0,0,101325,100
56120000000,0,0,9.81,0,0,0.40993488316389015,0,0,0,101325,100
56140000000,0,0,9.81,0,0,0.40953321868821013,0,0,0,101325,100
56160000000,0,0,9.81,0,0,0.41101190241769237,0,0,0,101325,100
56180000000,0,0,9.81,0,0,0.41111828435474446,0,0,0,101325,100
56200000000,0,0,9.81,0,0,0.41109197589106083,0,0,0,101325,100
56220000000,0,0,9.81,0,0,0.41061472407349764,0,0,0,101325,100
56240000000,0,0,9.81,0,0,0.40968618412250185,0,0,0,101325,100
56260000000,0,0,9.81,0,0,0.4108621345625519,0,0,0,101325,100
56280000000,0,0,9.81,0,0,0.41183869076966884,0,0,0,101325,100
56300000000,0,0,9.81,0,0,0.41202310851244894,0,0,0,101325,100
56320000000,0,0,9.81,0,0,0.4125349921495431,0,0,0,101325,100
56340000000,0,0,9.81,0,0,0.41042546704414945,0,0,0,101325,100
56360000000,0,0,9.81,0,0,0.41058397378672595,0,0,0,101325,100
56380000000,0,0,9.81,0,0,0.4092908065933067,0,0,0,101325,100
56400000000,0,0,9.81,0,0,0.4119084290419582,0,0,0,101325,100
56420000000,0,0,9.81,0,0,0.4108817863134693,0,0,0,101325,100
56440000000,0,0,9.81,0,0,0.41207904745212265,0,0,0,101325,100
56460000000,0,0,9.81,0,0,0.4107195798594297,0,0,0,101325,100
56480000000,0,0,9.81,0,0,0.4106186251716229,0,0,0,101325,100
56500000000,0,0,9.81,0,0,0.41180489984003676,0,0,0,101325,100
56520000000,0,0,9.81,0,0,0.41104674769889626,0,0,0,101325,100
56540000000,0,0,9.81,0,0,0.4096173534956747,0,0,0,101325,100
56560000000,0,0,9.81,0,0,0.41208049132489355,0,0,0,101325,100
56580000000,0,0,9.81,0,0,0.4129488399984526,0,0,0,101325,100
56600000000,0,0,9.81,0,0,0.4105990900197497,0,0,0,101325,100
56620000000,0,0,9.81,0,0,0.4095042636325698,0,0,0,101325,100
56640000000,0,0,9.81,0,0,0.41149640761267636,0,0,0,101325,100
56660000000,0,0,9.81,0,0,0.41039109975599763,0,0,0,101325,100
56680000000,0,0,9.81,0,0,0.41133247598020467,0,0,0,101325,100
56700000000,0,0,9.81,0,0,0.41041554230610106,0,0,0,101325,100
56720000000,0,0,9.81,0,0,0.41055768675786924,0,0,0,101325,100
56740000000,0,0,9.81,0,0,0.41016682047041153,0,0,0,101325,100
56760000000,0,0,9.81,0,0,0.41038631923554547,0,0,0,101325,100
56780000000,0,0,9.81,0,0,0.40976072601100116,0,0,0,101325,100
56800000000,0,0,9.81,0,0,0.4106737632302373,0,0,0,101325,100
56820000000,0,0,9.81,0,0,0.409523513841892,0,0,0,101325,100
56840000000,0,0,9.81,0,0,0.41112462892306645,0,0,0,101325,100
56860000000,0,0,9.81,0,0,0.4120639665604735,0,0,0,101325,100
56880000000,0,0,9.81,0,0,0.41062367468042077,0,0,0,101325,100
56900000000,0,0,9.81,0,0,0.4101126431585529,0,0,0,101325,100
56920000000,0,0,9.81,0,0,0.4090469872942739,0,0,0,101325,100
56940000000,0,0,9.81,0,0,0.41096403468693515,0,0,0,101325,100
56960000000,0,0,9.81,0,0,0.4116557480015838,0,0,0,101325,100
56980000000,0,0,9.81,0,0,0.4097368825835274,0,0,0,101325,100
57000000000,0,0,9.81,0,0,0.41193696163378213,0,0,0,101325,100
57020000000,0,0,9.81,0,0,0.41018052642250635,0,0,0,101325,100
57040000000,0,0,9.81,0,0,0.4115967662162122,0,0,0,101325,100
57060000000,0,0,9.81,0,0,0.40970833549412367,0,0,0,101325,100
57080000000,0,0,9.81,0,0,0.41088762860311795,0,0,0,101325,100
57100000000,0,0,9.81,0,0,0.4118447187795741,0,0,0,101325,100
57120000000,0,0,9.81,0,0,0.4105839901114368,0,0,0,101325,100
57140000000,0,0,9.81,0,0,0.41046865069922234,0,0,0,101325,100
57160000000,0,0,9.81,0,0,0.41012133603718803,0,0,0,101325,100
57180000000,0,0,9.81,0,0,0.4110774971666076,0,0,0,101325,100
57200000000,0,0,9.81,0,0,0.40937726741462055,0,0,0,101325,100
57220000000,0,0,9.81,0,0,0.4100935805010765,0,0,0,101325,100
57240000000,0,0,9.81,0,0,0.409800692266869,0,0,0,101325,100
57260000000,0,0,9.81,0,0,0.4103256790771412,0,0,0,101325,100
57280000000,0,0,9.81,0,0,0.41153741999607946,0,0,0,101325,100
57300000000,0,0,9.81,0,0,0.40970913744771786,0,0,0,101325,100
57320000000,0,0,9.81,0,0,0.4095447171345273,0,0,0,101325,100
57340000000,0,0,9.81,0,0,0.4108068720119116,0,0,0,101325,100
57360000000,0,0,9.81,0,0,0.4103569190840328,0,0,0,101325,100
57380000000,0,0,9.81,0,0,0.40977087569311393,0,0,0,101325,100
57400000000,0,0,9.81,0,0,0.41065442992918005,0,0,0,101325,100
57420000000,0,0,9.81,0,0,0.40838595129379374,0,0,0,101325,100
57440000000,0,0,9.81,0,0,0.41050959691530997,0,0,0,101325,100
57460000000,0,0,9.81,0,0,0.4113383506253355,0,0,0,101325,100
57480000000,0,0,9.81,0,0,0.4110544663544041,0,0,0,101325,100
57500000000,0,0,9.81,0,0,0.4112352884929717,0,0,0,101325,100
57520000000,0,0,9.81,0,0,0.4106202794008421,0,0,0,101325,100
57540000000,0,0,9.81,0,0,0.41056294918597785,0,0,0,101325,100
57560000000,0,0,9.81,0,0,0.41096554451215656,0,0,0,101325,100
57580000000,0,0,9.81,0,0,0.40973206920923266,0,0,0,101325,100
57600000000,0,0,9.81,0,0,0.41083762368255394,0,0,0,101325,100
57620000000,0,0,9.81,0,0,0.4098776702738437,0,0,0,101325,100
57640000000,0,0,9.81,0,0,0.41099457617104884,0,0,0,101325,100
57660000000,0,0,9.81,0,0,0.410543318470257,0,0,0,101325,100
57680000000,0,0,9.81,0,0,0.41093299203112377,0,0,0,101325,100
57700000000,0,0,9.81,0,0,0.4100014645881606,0,0,0,101325,100
57720000000,0,0,9.81,0,0,0.4098110217999694,0,0,0,101325,100
57740000000,0,0,9.81,0,0,0.41158526219700337,0,0,0,101325,100
57760000000,0,0,9.81,0,0,0.41196790036591446,0,0,0,101325,100
57780000000,0,0,9.81,0,0,0.41012187978464354,0,0,0,101325,100
57800000000,0,0,9.81,0,0,0.4101704730783145,0,0,0,101325,100
57820000000,0,0,9.81,0,0,0.41104447413647494,0,0,0,101325,100
57840000000,0,0,9.81,0,0,0.4111496104214486,0,0,0,101325,100
57860000000,0,0,9.81,0,0,0.4121328860093527,0,0,0,101325,100
57880000000,0,0,9.81,0,0,0.41063645594704223,0,0,0,101325,100
57900000000,0,0,9.81,0,0,0.4116623909913744,0,0,0,101325,100
57920000000,0,0,9.81,0,0,0.41010842956744503,0,0,0,101325,100
57940000000,0,0,9.81,0,0,0.40917868698882615,0,0,0,101325,100
57960000000,0,0,9.81,0,0,0.411013548773397,0,0,0,101325,100
57980000000,0,0,9.81,0,0,0.4097720313328153,0,0,0,101325,100
58000000000,0,0,9.81,0,0,0.411410346795227,0,0,0,101325,100
58020000000,0,0,9.81,0,0,0.4120536244832116,0,0,0,101325,100
58040000000,0,0,9.81,0,0,0.4093891148991343,0,0,0,101325,100
58060000000,0,0,9.81,0,0,0.41069880112216534,0,0,0,101325,100
58080000000,0,0,9.81,0,0,0.41166220207473636,0,0,0,101325,100
58100000000,0,0,9.81,0,0,0.4100654114331223,0,0,0,101325,100
58120000000,0,0,9.81,0,0,0.4118368026173,0,0,0,101325,100
58140000000,0,0,9.81,0,0,0.4107209142976748,0,0,0,101325,100
58160000000,0,0,9.81,0,0,0.4109250073478076,0,0,0,101325,100
58180000000,0,0,9.81,0,0,0.4099102359688773,0,0,0,101325,100
58200000000,0,0,9.81,0,0,0.41011137919500473,0,0,0,101325,100
58220000000,0,0,9.81,0,0,0.41115711357670787,0,0,0,101325,100
58240000000,0,0,9.81,0,0,0.41147673383298244,0,0,0,101325,100
58260000000,0,0,9.81,0,0,0.41150875003454424,0,0,0,101325,100
58280000000,0,0,9.81,0,0,0.41092250485834547,0,0,0,101325,100
58300000000,0,0,9.81,0,0,0.409903768518449,0,0,0,101325,100
58320000000,0,0,9.81,0,0,0.41131180551224505,0,0,0,101325,100
58340000000,0,0,9.81,0,0,0.4137312804901495,0,0,0,101325,100
58360000000,0,0,9.81,0,0,0.4108117384822354,0,0,0,101325,100
58380000000,0,0,9.81,0,0,0.4111537985109683,0,0,0,101325,100
58400000000,0,0,9.81,0,0,0.41162624969194184,0,0,0,101325,100
58420000000,0,0,9.81,0,0,0.4099955891742225,0,0,0,101325,100
58440000000,0,0,9.81,0,0,0.40984652704089225,0,0,0,101325,100
58460000000,0,0,9.81,0,0,0.41114978437237065,0,0,0,101325,100
58480000000,0,0,9.81,0,0,0.4093642293142416,0,0,0,101325,100
58500000000,0,0,9.81,0,0,0.4113370401240856,0,0,0,101325,100
58520000000,0,0,9.81,0,0,0.4125258226016994,0,0,0,101325,100
58540000000,0,0,9.81,0,0,0.4115177656001184,0,0,0,101325,100
58560000000,0,0,9.81,0,0,0.4105130972156565,0,0,0,101325,100
58580000000,0,0,9.81,0,0,0.4106161080394852,0,0,0,101325,100
58600000000,0,0,9.81,0,0,0.4107721981911065,0,0,0,101325,100
58620000000,0,0,9.81,0,0,0.41031498911237435,0,0,0,101325,100
58640000000,0,0,9.81,0,0,0.4102443339158788,0,0,0,101325,100
58660000000,0,0,9.81,0,0,0.41136057696905504,0,0,0,101325,100
58680000000,0,0,9.81,0,0,0.4111785778942705,0,0,0,101325,100
58700000000,0,0,9.81,0,0,0.4105567465691073,0,0,0,101325,100
58720000000,0,0,9.81,0,0,0.411830304967556,0,0,0,101325,100
58740000000,0,0,9.81,0,0,0.4099320479482854,0,0,0,101325,100
58760000000,0,0,9.81,0,0,0.41062918809090226,0,0,0,101325,100
58780000000,0,0,9.81,0,0,0.41029408121510846,0,0,0,101325,100
58800000000,0,0,9.81,0,0,0.41067818741611345,0,0,0,101325,100
58820000000,0,0,9.81,0,0,0.4103823195614961,0,0,0,101325,100
58840000000,0,0,9.81,0,0,0.4109353597983293,0,0,0,101325,100
58860000000,0,0,9.81,0,0,0.41090659277434954,0,0,0,101325,100
58880000000,0,0,9.81,0,0,0.40983675249595014,0,0,0,101325,100
58900000000,0,0,9.81,0,0,0.411170250243682,0,0,0,101325,100
58920000000,0,0,9.81,0,0,0.41067234452392865,0,0,0,101325,100
58940000000,0,0,9.81,0,0,0.410154868756511,0,0,0,101325,100
58960000000,0,0,9.81,0,0,0.4112598543444704,0,0,0,101325,100
58980000000,0,0,9.81,0,0,0.411193516925013,0,0,0,101325,100
59000000000,0,0,9.81,0,0,0.41187627031065455,0,0,0,101325,100
59020000000,0,0,9.81,0,0,0.4085106775941386,0,0,0,101325,100
59040000000,0,0,9.81,0,0,0.41074695807112327,0,0,0,101325,100
59060000000,0,0,9.81,0,0,0.41057856763127026,0,0,0,101325,100
59080000000,0,0,9.81,0,0,0.4097939000967257,0,0,0,101325,100
59100000000,0,0,9.81,0,0,0.40934462241615377,0,0,0,101325,100
59120000000,0,0,9.81,0,0,0.4088521323622689,0,0,0,101325,100
59140000000,0,0,9.81,0,0,0.4114904170372819,0,0,0,101325,100
59160000000,0,0,9.81,0,0,0.4101563126071183,0,0,0,101325,100
59180000000,0,0,9.81,0,0,0.41183707936661823,0,0,0,101325,100
59200000000,0,0,9.81,0,0,0.4106998238730622,0,0,0,101325,100
59220000000,0,0,9.81,0,0,0.41174531800652775,0,0,0,101325,100
59240000000,0,0,9.81,0,0,0.4106356849391698,0,0,0,101325,100
59260000000,0,0,9.81,0,0,0.4112670540384624,0,0,0,101325,100
59280000000,0,0,9.81,0,0,0.4105379945044261,0,0,0,101325,100
59300000000,0,0,9.81,0,0,0.41000232933346226,0,0,0,101325,100
59320000000,0,0,9.81,0,0,0.41051410083581236,0,0,0,101325,100
59340000000,0,0,9.81,0,0,0.4106645554996308,0,0,0,101325,100
59360000000,0,0,9.81,0,0,0.4110038803546983,0,0,0,101325,100
59380000000,0,0,9.81,0,0,0.41205730118267836,0,0,0,101325,100
59400000000,0,0,9.81,0,0,0.41122449597852184,0,0,0,101325,100
59420000000,0,0,9.81,0,0,0.4117032089702583,0,0,0,101325,100
59440000000,0,0,9.81,0,0,0.4112096487194236,0,0,0,101325,100
59460000000,0,0,9.81,0,0,0.41026405903547214,0,0,0,101325,100
59480000000,0,0,9.81,0,0,0.4118917089235554,0,0,0,101325,100
59500000000,0,0,9.81,0,0,0.4106051289050356,0,0,0,101325,100
59520000000,0,0,9.81,0,0,0.4124416389568875,0,0,0,101325,100
59540000000,0,0,9.81,0,0,0.4106767432576953,0,0,0,101325,100
59560000000,0,0,9.81,0,0,0.4123977181423512,0,0,0,101325,100
59580000000,0,0,9.81,0,0,0.4100196076030029,0,0,0,101325,100
59600000000,0,0,9.81,0,0,0.411358302049295,0,0,0,101325,100
59620000000,0,0,9.81,0,0,0.41074346717914,0,0,0,101325,100
59640000000,0,0,9.81,0,0,0.41044955499867525,0,0,0,101325,100
59660000000,0,0,9.81,0,0,0.4105194453013707,0,0,0,101325,100
59680000000,0,0,9.81,0,0,0.41060559326910506,0,0,0,101325,100
59700000000,0,0,9.81,0,0,0.4110508224980323,0,0,0,101325,100
59720000000,0,0,9.81,0,0,0.41052491471297153,0,0,0,101325,100
59740000000,0,0,9.81,0,0,0.41017754788786676,0,0,0,101325,100
59760000000,0,0,9.81,0,0,0.4096000549659329,0,0,0,101325,100
59780000000,0,0,9.81,0,0,0.4094221570383079,0,0,0,101325,100
59800000000,0,0,9.81,0,0,0.4109334917000382,0,0,0,101325,100
59820000000,0,0,9.81,0,0,0.4110553741954858,0,0,0,101325,100
59840000000,0,0,9.81,0,0,0.4109833559086543,0,0,0,101325,100
59860000000,0,0,9.81,0,0,0.40979889287518145,0,0,0,101325,100
59880000000,0,0,9.81,0,0,0.4115954791789532,0,0,0,101325,100
59900000000,0,0,9.81,0,0,0.41084218569458314,0,0,0,101325,100
59920000000,0,0,9.81,0,0,0.412626309384576,0,0,0,101325,100
59940000000,0,0,9.81,0,0,0.4112813499559297,0,0,0,101325,100
59960000000,0,0,9.81,0,0,0.4106283407334843,0,0,0,101325,100
59980000000,0,0,9.81,0,0,0.41121779899014504,0,0,0,101325,100
60000000000,0,0,9.81,0,0,0.4097787021250601,0,0,0,101325,100
60020000000,0,0,9.81,0,0,0.40990510351994053,0,0,0,101325,100
60040000000,0,0,9.81,0,0,0.4106288544153438,0,0,0,101325,100
60060000000,0,0,9.81,0,0,0.41056952361782983,0,0,0,101325,100
60080000000,0,0,9.81,0,0,0.41035588621885166,0,0,0,101325,100
60100000000,0,0,9.81,0,0,0.41065205207213756,0,0,0,101325,100
60120000000,0,0,9.81,0,0,0.4115859896897772,0,0,0,101325,100
60140000000,0,0,9.81,0,0,0.41162226181328754,0,0,0,101325,100
60160000000,0,0,9.81,0,0,0.41226824192529843,0,0,0,101325,100
60180000000,0,0,9.81,0,0,0.4101623593509009,0,0,0,101325,100
60200000000,0,0,9.81,0,0,0.4106955954391376,0,0,0,101325,100
60220000000,0,0,9.81,0,0,0.4107661601379848,0,0,0,101325,100
60240000000,0,0,9.81,0,0,0.41143008999055997,0,0,0,101325,100
60260000000,0,0,9.81,0,0,0.4123668014457411,0,0,0,101325,100
60280000000,0,0,9.81,0,0,0.4104514336174654,0,0,0,101325,100
60300000000,0,0,9.81,0,0,0.41061457871045765,0,0,0,101325,100
60320000000,0,0,9.81,0,0,0.4097447841406979,0,0,0,101325,100
60340000000,0,0,9.81,0,0,0.4107935491172371,0,0,0,101325,100
60360000000,0,0,9.81,0,0,0.4101725778265672,0,0,0,101325,100
60380000000,0,0,9.81,0,0,0.409411712889428,0,0,0,101325,100
60400000000,0,0,9.81,0,0,0.41116568056156216,0,0,0,101325,100
60420000000,0,0,9.81,0,0,0.41031371369771064,0,0,0,101325,100
60440000000,0,0,9.81,0,0,0.4115044985497656,0,0,0,101325,100
60460000000,0,0,9.81,0,0,0.41052815503081447,0,0,0,101325,100
60480000000,0,0,9.81,0,0,0.4101484256881768,0,0,0,101325,100
60500000000,0,0,9.81,0,0,0.41014676706754544,0,0,0,101325,100
60520000000,0,0,9.81,0,0,0.4102858789233485,0,0,0,101325,100
60540000000,0,0,9.81,0,0,0.4101537623854112,0,0,0,101325,100
60560000000,0,0,9.81,0,0,0.4090762853203837,0,0,0,101325,100
60580000000,0,0,9.81,0,0,0.41053405510027374,0,0,0,101325,100
60600000000,0,0,9.81,0,0,0.41126233269565304,0,0,0,101325,100
60620000000,0,0,9.81,0,0,0.4130363607932763,0,0,0,101325,100
60640000000,0,0,9.81,0,0,0.4120925893829087,0,0,0,101325,100
60660000000,0,0,9.81,0,0,0.411795397761216,0,0,0,101325,100
60680000000,0,0,9.81,0,0,0.4109248073703137,0,0,0,101325,100
60700000000,0,0,9.81,0,0,0.40986908830993607,0,0,0,101325,100
60720000000,0,0,9.81,0,0,0.41123212479997623,0,0,0,101325,100
60740000000,0,0,9.81,0,0,0.4101017195684314,0,0,0,101325,100
60760000000,0,0,9.81,0,0,0.4099068825412162,0,0,0,101325,100
60780000000,0,0,9.81,0,0,0.4112445200232205,0,0,0,101325,100
60800000000,0,0,9.81,0,0,0.41071322505176805,0,0,0,101325,100
60820000000,0,0,9.81,0,0,0.40939881336811246,0,0,0,101325,100
60840000000,0,0,9.81,0,0,0.40986187888990494,0,0,0,101325,100
60860000000,0,0,9.81,0,0,0.4092657754855225,0,0,0,101325,100
60880000000,0,0,9.81,0,0,0.41097629995754287,0,0,0,101325,100
60900000000,0,0,9.81,0,0,0.4097683194539831,0,0,0,101325,100
60920000000,0,0,9.81,0,0,0.4100622977073464,0,0,0,101325,100
60940000000,0,0,9.81,0,0,0.40861960340014064,0,0,0,101325,100
60960000000,0,0,9.81,0,0,0.41153221469009454,0,0,0,101325,100
60980000000,0,0,9.81,0,0,0.4092758708626558,0,0,0,101325,100
61000000000,0,0,9.81,0,0,0.4103183476642377,0,0,0,101325,100
61020000000,0,0,9.81,0,0,0.4114536712693327,0,0,0,101325,100
61040000000,0,0,9.81,0,0,0.4116057125296393,0,0,0,101325,100
61060000000,0,0,9.81,0,0,0.411906635669896,0,0,0,101325,100
61080000000,0,0,9.81,0,0,0.4118235529454427,0,0,0,101325,100
61100000000,0,0,9.81,0,0,0.41073754543443064,0,0,0,101325,100
61120000000,0,0,9.81,0,0,0.40949242802238167,0,0,0,101325,100
61140000000,0,0,9.81,0,0,0.41152992365902324,0,0,0,101325,100
61160000000,0,0,9.81,0,0,0.41284240851552423,0,0,0,101325,100
61180000000,0,0,9.81,0,0,0.4095293459782424,0,0,0,101325,100
61200000000,0,0,9.81,0,0,0.41029190171413776,0,0,0,101325,100
61220000000,0,0,9.81,0,0,0.41131748895277576,0,0,0,101325,100
61240000000,0,0,9.81,0,0,0.41087429183061674,0,0,0,101325,100
61260000000,0,0,9.81,0,0,0.4121211279311718,0,0,0,101325,100
61280000000,0,0,9.81,0,0,0.41056699041382494,0,0,0,101325,100
61300000000,0,0,9.81,0,0,0.4102494979523471,0,0,0,101325,100
61320000000,0,0,9.81,0,0,0.41085318716524777,0,0,0,101325,100
61340000000,0,0,9.81,0,0,0.40961175567640495,0,0,0,101325,100
61360000000,0,0,9.81,0,0,0.40997541222568556,0,0,0,101325,100
61380000000,0,0,9.81,0,0,0.4117755649048776,0,0,0,101325,100
61400000000,0,0,9.81,0,0,0.4102749489018663,0,0,0,101325,100
61420000000,0,0,9.81,0,0,0.4125810967413308,0,0,0,101325,100
61440000000,0,0,9.81,0,0,0.41156641492641083,0,0,0,101325,100
61460000000,0,0,9.81,0,0,0.40958105991866683,0,0,0,101325,100
61480000000,0,0,9.81,0,0,0.4117145020872064,0,0,0,101325,100
61500000000,0,0,9.81,0,0,0.41099560584410655,0,0,0,101325,100
61520000000,0,0,9.81,0,0,0.4101617479233701,0,0,0,101325,100
61540000000,0,0,9.81,0,0,0.41316174841966063,0,0,0,101325,100
61560000000,0,0,9.81,0,0,0.41158188329186346,0,0,0,101325,100
61580000000,0,0,9.81,0,0,0.4096956200783813,0,0,0,101325,100
61600000000,0,0,9.81,0,0,0.411050524020549,0,0,0,101325,100
61620000000,0,0,9.81,0,0,0.410904069110531,0,0,0,101325,100
61640000000,0,0,9.81,0,0,0.41170822967969856,0,0,0,101325,100
61660000000,0,0,9.81,0,0,0.4103468051337861,0,0,0,101325,100
61680000000,0,0,9.81,0,0,0.4096283329674982,0,0,0,101325,100
61700000000,0,0,9.81,0,0,0.4112705310041413,0,0,0,101325,100
61720000000,0,0,9.81,0,0,0.4118908346354715,0,0,0,101325,100
61740000000,0,0,9.81,0,0,0.4096478632987335,0,0,0,101325,100
61760000000,0,0,9.81,0,0,0.4110458548401627,0,0,0,101325,100
61780000000,0,0,9.81,0,0,0.4112788769213913,0,0,0,101325,100
61800000000,0,0,9.81,0,0,0.41149668003862133,0,0,0,101325,100
61820000000,0,0,9.81,0,0,0.40961810565842943,0,0,0,101325,100
61840000000,0,0,9.81,0,0,0.40988335303720075,0,0,0,101325,100
61860000000,0,0,9.81,0,0,0.41124420546504703,0,0,0,101325,100
61880000000,0,0,9.81,0,0,0.4107374170571556,0,0,0,101325,100
61900000000,0,0,9.81,0,0,0.4114192750023664,0,0,0,101325,100
61920000000,0,0,9.81,0,0,0.41077737756024324,0,0,0,101325,100
61940000000,0,0,9.81,0,0,0.41166171265045287,0,0,0,101325,100
61960000000,0,0,9.81,0,0,0.4098031295766095,0,0,0,101325,100
61980000000,0,0,9.81,0,0,0.4098238325974316,0,0,0,101325,100
62000000000,0,0,9.81,0,0,0.4095838301630625,0,0,0,101325,100
62020000000,0,0,9.81,0,0,0.4105892510868201,0,0,0,101325,100
62040000000,0,0,9.81,0,0,0.41179168002901817,0,0,0,101325,100
62060000000,0,0,9.81,0,0,0.41120212462233946,0,0,0,101325,100
62080000000,0,0,9.81,0,0,0.41133691651740173,0,0,0,101325,100
62100000000,0,0,9.81,0,0,0.41015850760359324,0,0,0,101325,100
62120000000,0,0,9.81,0,0,0.4118355838205802,0,0,0,101325,100
62140000000,0,0,9.81,0,0,0.4117578412572673,0,0,0,101325,100
62160000000,0,0,9.81,0,0,0.41106438415171764,0,0,0,101325,100
62180000000,0,0,9.81,0,0,0.41173132923330164,0,0,0,101325,100
62200000000,0,0,9.81,0,0,0.4095404333676727,0,0,0,101325,100
62220000000,0,0,9.81,0,0,0.4089130540800613,0,0,0,101325,100
62240000000,0,0,9.81,0,0,0.4094836152539993,0,0,0,101325,100
62260000000,0,0,9.81,0,0,0.4091724986082519,0,0,0,101325,100
62280000000,0,0,9.81,0,0,0.4102633404667185,0,0,0,101325,100
62300000000,0,0,9.81,0,0,0.4120591163428736,0,0,0,101325,100
62320000000,0,0,9.81,0,0,0.4098268357095992,0,0,0,101325,100
62340000000,0,0,9.81,0,0,0.41120182089502205,0,0,0,101325,100
62360000000,0,0,9.81,0,0,0.40917812890515276,0,0,0,101325,100
62380000000,0,0,9.81,0,0,0.40854644511508903,0,0,0,101325,100
62400000000,0,0,9.81,0,0,0.4112573308023498,0,0,0,101325,100
62420000000,0,0,9.81,0,0,0.4106189306972002,0,0,0,101325,100
62440000000,0,0,9.81,0,0,0.4098001774553836,0,0,0,101325,100
62460000000,0,0,9.81,0,0,0.41201936557844077,0,0,0,101325,100
62480000000,0,0,9.81,0,0,0.40998246533684746,0,0,0,101325,100
62500000000,0,0,9.81,0,0,0.41084665285610134,0,0,0,101325,100
62520000000,0,0,9.81,0,0,0.41082195277693645,0,0,0,101325,100
62540000000,0,0,9.81,0,0,0.4113665165564553,0,0,0,101325,100
62560000000,0,0,9.81,0,0,0.410753476264384,0,0,0,101325,100
62580000000,0,0,9.81,0,0,0.4113693753352876,0,0,0,101325,100
62600000000,0,0,9.81,0,0,0.41125258953153354,0,0,0,101325,100
62620000000,0,0,9.81,0,0,0.4110449688010027,0,0,0,101325,100
62640000000,0,0,9.81,0,0,0.41103052602066137,0,0,0,101325,100
62660000000,0,0,9.81,0,0,0.4120920855056259,0,0,0,101325,100
62680000000,0,0,9.81,0,0,0.41218327770497537,0,0,0,101325,100
62700000000,0,0,9.81,0,0,0.4090770348173214,0,0,0,101325,100
62720000000,0,0,9.81,0,0,0.41009631325551016,0,0,0,101325,100
62740000000,0,0,9.81,0,0,0.41079395223418075,0,0,0,101325,100
62760000000,0,0,9.81,0,0,0.4103967554367527,0,0,0,101325,100
62780000000,0,0,9.81,0,0,0.4103306224535471,0,0,0,101325,100
62800000000,0,0,9.81,0,0,0.4118561922330237,0,0,0,101325,100
62820000000,0,0,9.81,0,0,0.4124379576023263,0,0,0,101325,100
62840000000,0,0,9.81,0,0,0.41179563589005225,0,0,0,101325,100
62860000000,0,0,9.81,0,0,0.4106115414056539,0,0,0,101325,100
62880000000,0,0,9.81,0,0,0.4100299195653873,0,0,0,101325,100
62900000000,0,0,9.81,0,0,0.4088992980111525,0,0,0,101325,100
62920000000,0,0,9.81,0,0,0.4084603126369649,0,0,0,101325,100
62940000000,0,0,9.81,0,0,0.4117023676013783,0,0,0,101325,100
62960000000,0,0,9.81,0,0,0.41039958742708865,0,0,0,101325,100
62980000000,0,0,9.81,0,0,0.4093736435867559,0,0,0,101325,100
63000000000,0,0,9.81,0,0,0.40957118753601074,0,0,0,101325,100
63020000000,0,0,9.81,0,0,0.40989743170096093,0,0,0,101325,100
63040000000,0,0,9.81,0,0,0.41221910808683393,0,0,0,101325,100
63060000000,0,0,9.81,0,0,0.4105811376865064,0,0,0,101325,100
63080000000,0,0,9.81,0,0,0.41076583971496883,0,0,0,101325,100
63100000000,0,0,9.81,0,0,0.4115324676835453,0,0,0,101325,100
63120000000,0,0,9.81,0,0,0.40953592088757723,0,0,0,101325,100
63140000000,0,0,9.81,0,0,0.4113604086877414,0,0,0,101325,100
63160000000,0,0,9.81,0,0,0.4120406807916557,0,0,0,101325,100
63180000000,0,0,9.81,0,0,0.41065425775616493,0,0,0,101325,100
63200000000,0,0,9.81,0,0,0.41041041122302524,0,0,0,101325,100
63220000000,0,0,9.81,0,0,0.4119626073163879,0,0,0,101325,100
63240000000,0,0,9.81,0,0,0.41075473909701604,0,0,0,101325,100
63260000000,0,0,9.81,0,0,0.4111646270232596,0,0,0,101325,100
63280000000,0,0,9.81,0,0,0.4104453942736941,0,0,0,101325,100
63300000000,0,0,9.81,0,0,0.4100418433035141,0,0,0,101325,100
63320000000,0,0,9.81,0,0,0.41094212807352526,0,0,0,101325,100
63340000000,0,0,9.81,0,0,0.41276076675579837,0,0,0,101325,100
63360000000,0,0,9.81,0,0,0.41035364724656315,0,0,0,101325,100
63380000000,0,0,9.81,0,0,0.4093975192083297,0,0,0,101325,100
63400000000,0,0,9.81,0,0,0.41026375181933883,0,0,0,101325,100
63420000000,0,0,9.81,0,0,0.4106604263694429,0,0,0,101325,100
63440000000,0,0,9.81,0,0,0.4113263406558951,0,0,0,101325,100
63460000000,0,0,9.81,0,0,0.4102564990678474,0,0,0,101325,100
63480000000,0,0,9.81,0,0,0.41066380797043894,0,0,0,101325,100
63500000000,0,0,9.81,0,0,0.4119229547725356,0,0,0,101325,100
63520000000,0,0,9.81,0,0,0.41168452904049035,0,0,0,101325,100
63540000000,0,0,9.81,0,0,0.40850912544991697,0,0,0,101325,100
63560000000,0,0,9.81,0,0,0.41055656551650815,0,0,0,101325,100
63580000000,0,0,9.81,0,0,0.409294465855839,0,0,0,101325,100
63600000000,0,0,9.81,0,0,0.40938175052876347,0,0,0,101325,100
63620000000,0,0,9.81,0,0,0.41179190132075594,0,0,0,101325,100
63640000000,0,0,9.81,0,0,0.4089141680224207,0,0,0,101325,100
63660000000,0,0,9.81,0,0,0.4101239429676672,0,0,0,101325,100
63680000000,0,0,9.81,0,0,0.41242595189590686,0,0,0,101325,100
63700000000,0,0,9.81,0,0,0.40904477280592244,0,0,0,101325,100
63720000000,0,0,9.81,0,0,0.4106733785059269,0,0,0,101325,100
63740000000,0,0,9.81,0,0,0.40923602500016815,0,0,0,101325,100
63760000000,0,0,9.81,0,0,0.4097945880739983,0,0,0,101325,100
63780000000,0,0,9.81,0,0,0.41092411323070194,0,0,0,101325,100
63800000000,0,0,9.81,0,0,0.4098542673275014,0,0,0,101325,100
63820000000,0,0,9.81,0,0,0.4111426874492517,0,0,0,101325,100
63840000000,0,0,9.81,0,0,0.4087343968522924,0,0,0,101325,100
63860000000,0,0,9.81,0,0,0.409526159622558,0,0,0,101325,100
63880000000,0,0,9.81,0,0,0.4111319401701195,0,0,0,101325,100
63900000000,0,0,9.81,0,0,0.4111433720514945,0,0,0,101325,100
63920000000,0,0,9.81,0,0,0.4121350357702279,0,0,0,101325,100
63940000000,0,0,9.81,0,0,0.41063718109622827,0,0,0,101325,100
63960000000,0,0,9.81,0,0,0.40929877855505303,0,0,0,101325,100
63980000000,0,0,9.81,0,0,0.4102561439456241,0,0,0,101325,100
64000000000,0,0,9.81,0,0,0.409991066360569,0,0,0,101325,100
64019999999,0,0,9.81,0,0,0.41044252433025047,0,0,0,101325,100
64040000000,0,0,9.81,0,0,0.41207197910691984,0,0,0,101325,100
64060000000,0,0,9.81,0,0,0.41125065105009334,0,0,0,101325,100
64080000000,0,0,9.81,0,0,0.4104036104648263,0,0,0,101325,100
64099999999,0,0,9.81,0,0,0.41061912018892965,0,0,0,101325,100
64120000000,0,0,9.81,0,0,0.4111909528081473,0,0,0,101325,100
64140000000,0,0,9.81,0,0,0.4114875827504042,0,0,0,101325,100
64160000000,0,0,9.81,0,0,0.41046535500992354,0,0,0,101325,100
64180000000,0,0,9.81,0,0,0.410596567479869,0,0,0,101325,100
64200000000,0,0,9.81,0,0,0.41205144810559485,0,0,0,101325,100
64220000000,0,0,9.81,0,0,0.41206220601128385,0,0,0,101325,100
64239999999,0,0,9.81,0,0,0.41000149925596324,0,0,0,101325,100
64260000000,0,0,9.81,0,0,0.41077248420776813,0,0,0,101325,100
64280000000,0,0,9.81,0,0,0.41050583994498796,0,0,0,101325,100
64300000000,0,0,9.81,0,0,0.41120972694728536,0,0,0,101325,100
64319999999,0,0,9.81,0,0,0.4096375320489933,0,0,0,101325,100
64340000000,0,0,9.81,0,0,0.4106234110633759,0,0,0,101325,100
64360000000,0,0,9.81,0,0,0.4104623556455933,0,0,0,101325,100
64379999999,0,0,9.81,0,0,0.41151884676731026,0,0,0,101325,100
64400000000,0,0,9.81,0,0,0.4104994812886392,0,0,0,101325,100
64420000000,0,0,9.81,0,0,0.411401933704385,0,0,0,101325,100
64440000000,0,0,9.81,0,0,0.4107684344300784,0,0,0,101325,100
64459999999,0,0,9.81,0,0,0.4114800527530273,0,0,0,101325,100
64480000000,0,0,9.81,0,0,0.41085424482830285,0,0,0,101325,100
64500000000,0,0,9.81,0,0,0.4106971661306796,0,0,0,101325,100
64519999999,0,0,9.81,0,0,0.4114303695216842,0,0,0,101325,100
64540000000,0,0,9.81,0,0,0.4118517422052578,0,0,0,101325,100
64560000000,0,0,9.81,0,0,0.4105236467235054,0,0,0,101325,100
64580000000,0,0,9.81,0,0,0.4089854654563721,0,0,0,101325,100
64599999999,0,0,9.81,0,0,0.4109628871064385,0,0,0,101325,100
64620000000,0,0,9.81,0,0,0.4110281480908605,0,0,0,101325,100
64640000000,0,0,9.81,0,0,0.410336445969638,0,0,0,101325,100
64660000000,0,0,9.81,0,0,0.40963239131042267,0,0,0,101325,100
64680000000,0,0,9.81,0,0,0.40979551101685924,0,0,0,101325,100
64700000000,0,0,9.81,0,0,0.4107994182389352,0,0,0,101325,100
64720000000,0,0,9.81,0,0,0.41138381850108235,0,0,0,101325,100
64739999999,0,0,9.81,0,0,0.4117151681474746,0,0,0,101325,100
64760000000,0,0,9.81,0,0,0.41069582559729007,0,0,0,101325,100
64780000000,0,0,9.81,0,0,0.41166532218229823,0,0,0,101325,100
64800000000,0,0,9.81,0,0,0.4115643561053095,0,0,0,101325,100
64819999999,0,0,9.81,0,0,0.411381399270316,0,0,0,101325,100
64840000000,0,0,9.81,0,0,0.4113517666804251,0,0,0,101325,100
64860000000,0,0,9.81,0,0,0.41074015174144485,0,0,0,101325,100
64879999999,0,0,9.81,0,0,0.4113680259015795,0,0,0,101325,100
64900000000,0,0,9.81,0,0,0.41116837730574596,0,0,0,101325,100
64920000000,0,0,9.81,0,0,0.41100605303097515,0,0,0,101325,100
64940000000,0,0,9.81,0,0,0.41284023504209466,0,0,0,101325,100
64959999999,0,0,9.81,0,0,0.4106957472830486,0,0,0,101325,100
64980000000,0,0,9.81,0,0,0.4120325761040971,0,0,0,101325,100
65000000000,0,0,9.81,0,0,0.4091470132587916,0,0,0,101325,100
65019999999,0,0,9.81,0,0,0.41200267512749744,0,0,0,101325,100
65040000000,0,0,9.81,0,0,0.41151932931435586,0,0,0,101325,100
65060000000,0,0,9.81,0,0,0.4105011750133953,0,0,0,101325,100
65080000000,0,0,9.81,0,0,0.4106754688937587,0,0,0,101325,100
65099999999,0,0,9.81,0,0,0.412002042639068,0,0,0,101325,100
65120000000,0,0,9.81,0,0,0.4113522492500886,0,0,0,101325,100
65140000000,0,0,9.81,0,0,0.41077818534015487,0,0,0,101325,100
65160000000,0,0,9.81,0,0,0.4106346283344059,0,0,0,101325,100
65180000000,0,0,9.81,0,0,0.41086363874468407,0,0,0,101325,100
65200000000,0,0,9.81,0,0,0.4112895167289366,0,0,0,101325,100
65220000000,0,0,9.81,0,0,0.41233782033038974,0,0,0,101325,100
65239999999,0,0,9.81,0,0,0.4101040036642285,0,0,0,101325,100
65260000000,0,0,9.81,0,0,0.41086914542771175,0,0,0,101325,100
65280000000,0,0,9.81,0,0,0.4115529297640658,0,0,0,101325,100
65300000000,0,0,9.81,0,0,0.41142814141531026,0,0,0,101325,100
65319999999,0,0,9.81,0,0,0.4102512254040793,0,0,0,101325,100
65340000000,0,0,9.81,0,0,0.41124897625655565,0,0,0,101325,100
65360000000,0,0,9.81,0,0,0.40884703875052875,0,0,0,101325,100
65379999999,0,0,9.81,0,0,0.4112924339768083,0,0,0,101325,100
65400000000,0,0,9.81,0,0,0.410734877821752,0,0,0,101325,100
65420000000,0,0,9.81,0,0,0.409938993787038,0,0,0,101325,100
65440000000,0,0,9.81,0,0,0.4105503618038205,0,0,0,101325,100
65459999999,0,0,9.81,0,0,0.4097387718827122,0,0,0,101325,100
65480000000,0,0,9.81,0,0,0.41125424907127955,0,0,0,101325,100
65500000000,0,0,9.81,0,0,0.41077391240845046,0,0,0,101325,100
65519999999,0,0,9.81,0,0,0.4106636954179223,0,0,0,101325,100
65540000000,0,0,9.81,0,0,0.4118628354449812,0,0,0,101325,100
65560000000,0,0,9.81,0,0,0.40985779103671216,0,0,0,101325,100
65580000000,0,0,9.81,0,0,0.41041672520606204,0,0,0,101325,100
65599999999,0,0,9.81,0,0,0.41134179130378656,0,0,0,101325,100
65620000000,0,0,9.81,0,0,0.4116576726544451,0,0,0,101325,100
65640000000,0,0,9.81,0,0,0.4121138905564663,0,0,0,101325,100
65660000000,0,0,9.81,0,0,0.4094474765175332,0,0,0,101325,100
65680000000,0,0,9.81,0,0,0.4111811753498447,0,0,0,101325,100
65700000000,0,0,9.81,0,0,0.41096168897437624,0,0,0,101325,100
65720000000,0,0,9.81,0,0,0.4114886053682119,0,0,0,101325,100
65739999999,0,0,9.81,0,0,0.41063352614698423,0,0,0,101325,100
65760000000,0,0,9.81,0,0,0.4096425930459859,0,0,0,101325,100
65780000000,0,0,9.81,0,0,0.41091341056561426,0,0,0,101325,100
65800000000,0,0,9.81,0,0,0.4095420055295283,0,0,0,101325,100
65819999999,0,0,9.81,0,0,0.4091692923485308,0,0,0,101325,100
65840000000,0,0,9.81,0,0,0.4105785730543368,0,0,0,101325,100
65860000000,0,0,9.81,0,0,0.41157816106599027,0,0,0,101325,100
65879999999,0,0,9.81,0,0,0.41277478456473815,0,0,0,101325,100
65900000000,0,0,9.81,0,0,0.41028919258477453,0,0,0,101325,100
65920000000,0,0,9.81,0,0,0.4106281172226111,0,0,0,101325,100
65940000000,0,0,9.81,0,0,0.4109325778467144,0,0,0,101325,100
65959999999,0,0,9.81,0,0,0.41132721677679945,0,0,0,101325,100
65980000000,0,0,9.81,0,0,0.41218428587959755,0,0,0,101325,100
66000000000,0,0,9.81,0,0,0.4115836803354844,0,0,0,101325,100
66019999999,0,0,9.81,0,0,0.41095778359142865,0,0,0,101325,100
66040000000,0,0,9.81,0,0,0.41115867247474985,0,0,0,101325,100
66060000000,0,0,9.81,0,0,0.41085517884478767,0,0,0,101325,100
66080000000,0,0,9.81,0,0,0.41038352119897004,0,0,0,101325,100
66099999999,0,0,9.81,0,0,0.4107889794919023,0,0,0,101325,100
66120000000,0,0,9.81,0,0,0.4094066607951983,0,0,0,101325,100
66140000000,0,0,9.81,0,0,0.41310777349658057,0,0,0,101325,100
66160000000,0,0,9.81,0,0,0.41157750250416986,0,0,0,101325,100
66180000000,0,0,9.81,0,0,0.41146765374525013,0,0,0,101325,100
66200000000,0,0,9.81,0,0,0.4118064083501316,0,0,0,101325,100
66220000000,0,0,9.81,0,0,0.41052713732799184,0,0,0,101325,100
66239999999,0,0,9.81,0,0,0.41093846490877844,0,0,0,101325,100
66260000000,0,0,9.81,0,0,0.4113890189152072,0,0,0,101325,100
66280000000,0,0,9.81,0,0,0.4123477259096023,0,0,0,101325,100
66300000000,0,0,9.81,0,0,0.4117976907667607,0,0,0,101325,100
66319999999,0,0,9.81,0,0,0.40980975405385855,0,0,0,101325,100
66340000000,0,0,9.81,0,0,0.41057101456047945,0,0,0,101325,100
66360000000,0,0,9.81,0,0,0.41064942956136496,0,0,0,101325,100
66379999999,0,0,9.81,0,0,0.4106986989975337,0,0,0,101325,100
66400000000,0,0,9.81,0,0,0.41196714958703723,0,0,0,101325,100
66420000000,0,0,9.81,0,0,0.41075547245714983,0,0,0,101325,100
66440000000,0,0,9.81,0,0,0.41010539079146635,0,0,0,101325,100
66459999999,0,0,9.81,0,0,0.4107970145386712,0,0,0,101325,100
66480000000,0,0,9.81,0,0,0.41144856585068723,0,0,0,101325,100
66500000000,0,0,9.81,0,0,0.4105908823759981,0,0,0,101325,100
66519999999,0,0,9.81,0,0,0.41097403553995654,0,0,0,101325,100
66540000000,0,0,9.81,0,0,0.4107443219478285,0,0,0,101325,100
66560000000,0,0,9.81,0,0,0.4121305508989926,0,0,0,101325,100
66580000000,0,0,9.81,0,0,0.41120452087221043,0,0,0,101325,100
66599999999,0,0,9.81,0,0,0.41195293747254935,0,0,0,101325,100
66620000000,0,0,9.81,0,0,0.41022650818949924,0,0,0,101325,100
66640000000,0,0,9.81,0,0,0.4099999582867029,0,0,0,101325,100
66660000000,0,0,9.81,0,0,0.41090153974580457,0,0,0,101325,100
66680000000,0,0,9.81,0,0,0.4104567828933525,0,0,0,101325,100
66700000000,0,0,9.81,0,0,0.4107144532131198,0,0,0,101325,100
66720000000,0,0,9.81,0,0,0.4104081279045189,0,0,0,101325,100
66739999999,0,0,9.81,0,0,0.4110117398279607,0,0,0,101325,100
66760000000,0,0,9.81,0,0,0.41083626949939567,0,0,0,101325,100
66780000000,0,0,9.81,0,0,0.4096840045110115,0,0,0,101325,100
66800000000,0,0,9.81,0,0,0.4110278977845769,0,0,0,101325,100
66819999999,0,0,9.81,0,0,0.40989755252346866,0,0,0,101325,100
66840000000,0,0,9.81,0,0,0.4112395370509966,0,0,0,101325,100
66860000000,0,0,9.81,0,0,0.41217109468474117,0,0,0,101325,100
66879999999,0,0,9.81,0,0,0.41184202278378473,0,0,0,101325,100
66900000000,0,0,9.81,0,0,0.4104064334537683,0,0,0,101325,100
66920000000,0,0,9.81,0,0,0.40914651626623394,0,0,0,101325,100
66940000000,0,0,9.81,0,0,0.41268206728984885,0,0,0,101325,100
66959999999,0,0,9.81,0,0,0.4112675853619563,0,0,0,101325,100
66980000000,0,0,9.81,0,0,0.41013105251637816,0,0,0,101325,100
67000000000,0,0,9.81,0,0,0.409257590491422,0,0,0,101325,100
67019999999,0,0,9.81,0,0,0.4107215067428204,0,0,0,101325,100
67040000000,0,0,9.81,0,0,0.4114880485364163,0,0,0,101325,100
67060000000,0,0,9.81,0,0,0.4110626471052173,0,0,0,101325,100
67080000000,0,0,9.81,0,0,0.41138287809608587,0,0,0,101325,100
67099999999,0,0,9.81,0,0,0.4121983295900134,0,0,0,101325,100
67120000000,0,0,9.81,0,0,0.40983937222834427,0,0,0,101325,100
67140000000,0,0,9.81,0,0,0.41029847382280904,0,0,0,101325,100
67160000000,0,0,9.81,0,0,0.4108013509486766,0,0,0,101325,100
67180000000,0,0,9.81,0,0,0.41121975668509103,0,0,0,101325,100
67200000000,0,0,9.81,0,0,0.41070631427904697,0,0,0,101325,100
67220000000,0,0,9.81,0,0,0.41104160381346905,0,0,0,101325,100
67239999999,0,0,9.81,0,0,0.41112621852232756,0,0,0,101325,100
67260000000,0,0,9.81,0,0,0.41145217021643904,0,0,0,101325,100
67280000000,0,0,9.81,0,0,0.40985815537557024,0,0,0,101325,100
67300000000,0,0,9.81,0,0,0.40996136367062136,0,0,0,101325,100
67319999999,0,0,9.81,0,0,0.41013314856661054,0,0,0,101325,100
67340000000,0,0,9.81,0,0,0.41009217233569745,0,0,0,101325,100
67360000000,0,0,9.81,0,0,0.4125448571031271,0,0,0,101325,100
67379999999,0,0,9.81,0,0,0.4105127396924904,0,0,0,101325,100
67400000000,0,0,9.81,0,0,0.4112831822024286,0,0,0,101325,100
67420000000,0,0,9.81,0,0,0.4105016966224109,0,0,0,101325,100
67440000000,0,0,9.81,0,0,0.4106398029935243,0,0,0,101325,100
67459999999,0,0,9.81,0,0,0.41117657970784893,0,0,0,101325,100
67480000000,0,0,9.81,0,0,0.4120018502577567,0,0,0,101325,100
67500000000,0,0,9.81,0,0,0.4112775131654846,0,0,0,101325,100
67519999999,0,0,9.81,0,0,0.41016132404262645,0,0,0,101325,100
67540000000,0,0,9.81,0,0,0.4092800580561535,0,0,0,101325,100
67560000000,0,0,9.81,0,0,0.4108879189920573,0,0,0,101325,100
67580000000,0,0,9.81,0,0,0.4101069533632251,0,0,0,101325,100
67599999999,0,0,9.81,0,0,0.41029199433452207,0,0,0,101325,100
67620000000,0,0,9.81,0,0,0.4105981521677452,0,0,0,101325,100
67640000000,0,0,9.81,0,0,0.4102846868438293,0,0,0,101325,100
67660000000,0,0,9.81,0,0,0.4104820907665675,0,0,0,101325,100
67680000000,0,0,9.81,0,0,0.4102639219124363,0,0,0,101325,100
67700000000,0,0,9.81,0,0,0.4105881271328085,0,0,0,101325,100
67720000000,0,0,9.81,0,0,0.41103737615800096,0,0,0,101325,100
67739999999,0,0,9.81,0,0,0.40915155554487315,0,0,0,101325,100
67760000000,0,0,9.81,0,0,0.4092413256152068,0,0,0,101325,100
67780000000,0,0,9.81,0,0,0.41192133292046373,0,0,0,101325,100
67800000000,0,0,9.81,0,0,0.4118347439042618,0,0,0,101325,100
67819999999,0,0,9.81,0,0,0.41066692363352136,0,0,0,101325,100
67840000000,0,0,9.81,0,0,0.4120478743685,0,0,0,101325,100
67860000000,0,0,9.81,0,0,0.4117934614212048,0,0,0,101325,100
67879999999,0,0,9.81,0,0,0.41133557712915214,0,0,0,101325,100
67900000000,0,0,9.81,0,0,0.4119315037840445,0,0,0,101325,100
67920000000,0,0,9.81,0,0,0.4097282974964396,0,0,0,101325,100
67940000000,0,0,9.81,0,0,0.4104900646113641,0,0,0,101325,100
67959999999,0,0,9.81,0,0,0.4093101966785714,0,0,0,101325,100
67980000000,0,0,9.81,0,0,0.41051974711641914,0,0,0,101325,100
68000000000,0,0,9.81,0,0,0.410683500192177,0,0,0,101325,100
68019999999,0,0,9.81,0,0,0.4114209534340845,0,0,0,101325,100
68040000000,0,0,9.81,0,0,0.4111526747550466,0,0,0,101325,100
68060000000,0,0,9.81,0,0,0.4105324775269407,0,0,0,101325,100
68080000000,0,0,9.81,0,0,0.41157267753685817,0,0,0,101325,100
68099999999,0,0,9.81,0,0,0.4100112804200661,0,0,0,101325,100
68120000000,0,0,9.81,0,0,0.40989854241322926,0,0,0,101325,100
68140000000,0,0,9.81,0,0,0.4111205913934459,0,0,0,101325,100
68160000000,0,0,9.81,0,0,0.41130795889025623,0,0,0,101325,100
68180000000,0,0,9.81,0,0,0.4102387356120738,0,0,0,101325,100
68200000000,0,0,9.81,0,0,0.4106859603409296,0,0,0,101325,100
68220000000,0,0,9.81,0,0,0.4115043098522779,0,0,0,101325,100
68239999999,0,0,9.81,0,0,0.4113203789118235,0,0,0,101325,100
68260000000,0,0,9.81,0,0,0.40940343396146517,0,0,0,101325,100
68280000000,0,0,9.81,0,0,0.4104105230858889,0,0,0,101325,100
68300000000,0,0,9.81,0,0,0.40963446275758775,0,0,0,101325,100
68319999999,0,0,9.81,0,0,0.4103936228341977,0,0,0,101325,100
68340000000,0,0,9.81,0,0,0.4105777934082037,0,0,0,101325,100
68360000000,0,0,9.81,0,0,0.41097790911629317,0,0,0,101325,100
68379999999,0,0,9.81,0,0,0.4126765734570524,0,0,0,101325,100
68400000000,0,0,9.81,0,0,0.4092789396508793,0,0,0,101325,100
68420000000,0,0,9.81,0,0,0.4090793306400124,0,0,0,101325,100
68440000000,0,0,9.81,0,0,0.4095413337119431,0,0,0,101325,100
68459999999,0,0,9.81,0,0,0.41117206359351516,0,0,0,101325,100
68480000000,0,0,9.81,0,0,0.4106950738277194,0,0,0,101325,100
68500000000,0,0,9.81,0,0,0.41082683680029386,0,0,0,101325,100
68519999999,0,0,9.81,0,0,0.4118356026158244,0,0,0,101325,100
68540000000,0,0,9.81,0,0,0.410716919889659,0,0,0,101325,100
68560000000,0,0,9.81,0,0,0.409472363707145,0,0,0,101325,100
68580000000,0,0,9.81,0,0,0.41009690657507575,0,0,0,101325,100
68599999999,0,0,9.81,0,0,0.4102319058572669,0,0,0,101325,100
68620000000,0,0,9.81,0,0,0.4106787423089743,0,0,0,101325,100
68640000000,0,0,9.81,0,0,0.4100334328611533,0,0,0,101325,100
68660000000,0,0,9.81,0,0,0.40955672505197604,0,0,0,101325,100
68680000000,0,0,9.81,0,0,0.409448462122205,0,0,0,101325,100
68700000000,0,0,9.81,0,0,0.4097748330753015,0,0,0,101325,100
68720000000,0,0,9.81,0,0,-0.003836480880640095,0,0,0,101325,100
68740000000,0,0,9.81,0,0,-0.005119936504763218,0,0,0,101325,100
68760000000,0,0,9.81,0,0,-0.005431231339560811,0,0,0,101325,100
68780000000,0,0,9.81,0,0,-0.002740960485414244,0,0,0,101325,100
68800000000,0,0,9.81,0,0,-0.004355117300497392,0,0,0,101325,100
68820000000,0,0,9.81,0,0,-0.004607184950529213,0,0,0,101325,100
68840000000,0,0,9.81,0,0,-0.0034521414006261886,0,0,0,101325,100
68860000000,0,0,9.81,0,0,-0.0022605825624599585,0,0,0,101325,100
68880000000,0,0,9.81,0,0,-0.0054325022255019735,0,0,0,101325,100
68900000000,0,0,9.81,0,0,-0.0030602303082245628,0,0,0,101325,100
68920000000,0,0,9.81,0,0,-0.004136864542180781,0,0,0,101325,100
68940000000,0,0,9.81,0,0,-0.004899746135533815,0,0,0,101325,100
68960000000,0,0,9.81,0,0,-0.003946268856591135,0,0,0,101325,100
68980000000,0,0,9.81,0,0,-0.005030153764577485,0,0,0,101325,100
69000000000,0,0,9.81,0,0,-0.00548583284546546,0,0,0,101325,100
69020000000,0,0,9.81,0,0,-0.004240924738051422,0,0,0,101325,100
69040000000,0,0,9.81,0,0,-0.002927417841879594,0,0,0,101325,100
69060000000,0,0,9.81,0,0,-0.004837391336007392,0,0,0,101325,100
69080000000,0,0,9.81,0,0,-0.0054459842574161865,0,0,0,101325,100
69100000000,0,0,9.81,0,0,-0.005159270328888478,0,0,0,101325,100
69120000000,0,0,9.81,0,0,-0.0031009001141030857,0,0,0,101325,100
69140000000,0,0,9.81,0,0,-0.004095482994013363,0,0,0,101325,100
69160000000,0,0,9.81,0,0,-0.002667132645783499,0,0,0,101325,100
69180000000,0,0,9.81,0,0,-0.004551007654679391,0,0,0,101325,100
69200000000,0,0,9.81,0,0,-0.004310161289706259,0,0,0,101325,100
69220000000,0,0,9.81,0,0,-0.0054461596430320875,0,0,0,101325,100
69240000000,0,0,9.81,0,0,-0.0033937514171903777,0,0,0,101325,100
69260000000,0,0,9.81,0,0,-0.003602827439458835,0,0,0,101325,100
69280000000,0,0,9.81,0,0,-0.002715990059619167,0,0,0,101325,100
69300000000,0,0,9.81,0,0,-0.0037251436991299707,0,0,0,101325,100
69320000000,0,0,9.81,0,0,-0.004627837289317548,0,0,0,101325,100
69340000000,0,0,9.81,0,0,-0.00543683564356638,0,0,0,101325,100
69360000000,0,0,9.81,0,0,-0.004156550776568259,0,0,0,101325,100
69380000000,0,0,9.81,0,0,-0.0044854673689851176,0,0,0,101325,100
69400000000,0,0,9.81,0,0,-0.005735407342083268,0,0,0,101325,100
69420000000,0,0,9.81,0,0,-0.005386387990785682,0,0,0,101325,100
69440000000,0,0,9.81,0,0,-0.004661106311717909,0,0,0,101325,100
69460000000,0,0,9.81,0,0,-0.004508456390071946,0,0,0,101325,100
69480000000,0,0,9.81,0,0,-0.004316688385641554,0,0,0,101325,100
69500000000,0,0,9.81,0,0,-0.002398668857600008,0,0,0,101325,100
69520000000,0,0,9.81,0,0,-0.0059448191288997455,0,0,0,101325,100
69540000000,0,0,9.81,0,0,-0.004236313641069845,0,0,0,101325,100
69560000000,0,0,9.81,0,0,-0.00508787542627826,0,0,0,101325,100
69580000000,0,0,9.81,0,0,-0.0031890872170350594,0,0,0,101325,100
69600000000,0,0,9.81,0,0,-0.0028342699950444413,0,0,0,101325,100
69620000000,0,0,9.81,0,0,-0.0047224648252703096,0,0,0,101325,100
69640000000,0,0,9.81,0,0,-0.003790572861747877,0,0,0,101325,100
69660000000,0,0,9.81,0,0,-0.003086306547080083,0,0,0,101325,100
69680000000,0,0,9.81,0,0,-0.004653391821249762,0,0,0,101325,100
69700000000,0,0,9.81,0,0,-0.003229825559033943,0,0,0,101325,100
69720000000,0,0,9.81,0,0,-0.0042331267042394274,0,0,0,101325,100
69740000000,0,0,9.81,0,0,-0.0044659293987129355,0,0,0,101325,100
69760000000,0,0,9.81,0,0,-0.004931361814370479,0,0,0,101325,100
69780000000,0,0,9.81,0,0,-0.004796398944064343,0,0,0,101325,100
69800000000,0,0,9.81,0,0,-0.0046249399853197665,0,0,0,101325,100
69820000000,0,0,9.81,0,0,-0.0034658226135997642,0,0,0,101325,100
69840000000,0,0,9.81,0,0,-0.005386888186522423,0,0,0,101325,100
69860000000,0,0,9.81,0,0,-0.004821025552901913,0,0,0,101325,100
69880000000,0,0,9.81,0,0,-0.0035774505034160712,0,0,0,101325,100
69900000000,0,0,9.81,0,0,-0.005469384853921291,0,0,0,101325,100
69920000000,0,0,9.81,0,0,-0.0026581562427497266,0,0,0,101325,100
69940000000,0,0,9.81,0,0,-0.0033596222871568803,0,0,0,101325,100
69960000000,0,0,9.81,0,0,-0.0037917710680875146,0,0,0,101325,100
69980000000,0,0,9.81,0,0,-0.005474234412415669,0,0,0,101325,100
70000000000,0,0,9.81,0,0,-0.005033810345260737,0,0,0,101325,100
70020000000,0,0,9.81,0,0,-0.0033899672078383128,0,0,0,101325,100
70040000000,0,0,9.81,0,0,-0.0034322683791087323,0,0,0,101325,100
70060000000,0,0,9.81,0,0,-0.0038518907039578683,0,0,0,101325,100
70080000000,0,0,9.81,0,0,-0.003929488341870169,0,0,0,101325,100
70100000000,0,0,9.81,0,0,-0.004869980975244663,0,0,0,101325,100
70120000000,0,0,9.81,0,0,-0.0052141045538783,0,0,0,101325,100
70140000000,0,0,9.81,0,0,-0.005494193697296041,0,0,0,101325,100
70160000000,0,0,9.81,0,0,-0.0040289270552469995,0,0,0,101325,100
70180000000,0,0,9.81,0,0,-0.002416376457077701,0,0,0,101325,100
70200000000,0,0,9.81,0,0,-0.0035458153970725063,0,0,0,101325,100
70220000000,0,0,9.81,0,0,-0.0028904048709203966,0,0,0,101325,100
70240000000,0,0,9.81,0,0,-0.0026437892247068075,0,0,0,101325,100
70260000000,0,0,9.81,0,0,-0.004266479650537731,0,0,0,101325,100
70280000000,0,0,9.81,0,0,-0.004671432416970506,0,0,0,101325,100
70300000000,0,0,9.81,0,0,-0.0037090005823280643,0,0,0,101325,100
70320000000,0,0,9.81,0,0,-0.004486357857290545,0,0,0,101325,100
70340000000,0,0,9.81,0,0,-0.004891839207180853,0,0,0,101325,100
70360000000,0,0,9.81,0,0,-0.003848737006618873,0,0,0,101325,100
70380000000,0,0,9.81,0,0,-0.004609469398947153,0,0,0,101325,100
70400000000,0,0,9.81,0,0,-0.004025013682542596,0,0,0,101325,100
70420000000,0,0,9.81,0,0,-0.004726314431524163,0,0,0,101325,100
70440000000,0,0,9.81,0,0,-0.005284905848230341,0,0,0,101325,100
70460000000,0,0,9.81,0,0,-0.0054050389090683935,0,0,0,101325,100
70480000000,0,0,9.81,0,0,-0.00437109887889524,0,0,0,101325,100
70500000000,0,0,9.81,0,0,-0.003755778552770716,0,0,0,101325,100
70520000000,0,0,9.81,0,0,-0.003425826695158985,0,0,0,101325,100
70540000000,0,0,9.81,0,0,-0.003329767136020498,0,0,0,101325,100
70560000000,0,0,9.81,0,0,-0.003813192289520736,0,0,0,101325,100
70580000000,0,0,9.81,0,0,-0.004985399915373488,0,0,0,101325,100
70600000000,0,0,9.81,0,0,-0.0033979007291454403,0,0,0,101325,100
70620000000,0,0,9.81,0,0,-0.003807963971965961,0,0,0,101325,100
70640000000,0,0,9.81,0,0,-0.004340261315660677,0,0,0,101325,100
70660000000,0,0,9.81,0,0,-0.0045757721470352335,0,0,0,101325,100
70680000000,0,0,9.81,0,0,-0.0037625950994328687,0,0,0,101325,100
70700000000,0,0,9.81,0,0,-0.003071484790881653,0,0,0,101325,100
70720000000,0,0,9.81,0,0,-0.0030682667217105377,0,0,0,101325,100
70740000000,0,0,9.81,0,0,-0.00321521058378808,0,0,0,101325,100
70760000000,0,0,9.81,0,0,-0.005329935067533851,0,0,0,101325,100
70780000000,0,0,9.81,0,0,-0.003652772552485573,0,0,0,101325,100
70800000000,0,0,9.81,0,0,-0.004521706560107808,0,0,0,101325,100
70820000000,0,0,9.81,0,0,-0.00374757451369369,0,0,0,101325,100
70840000000,0,0,9.81,0,0,-0.004825535252324318,0,0,0,101325,100
70860000000,0,0,9.81,0,0,-0.0030119247143052,0,0,0,101325,100
70880000000,0,0,9.81,0,0,-0.00443397326098314,0,0,0,101325,100
70900000000,0,0,9.81,0,0,-0.005342592587296713,0,0,0,101325,100
70920000000,0,0,9.81,0,0,-0.003859245899896602,0,0,0,101325,100
70940000000,0,0,9.81,0,0,-0.003953017948164507,0,0,0,101325,100
70960000000,0,0,9.81,0,0,-0.003782341731510265,0,0,0,101325,100
70980000000,0,0,9.81,0,0,-0.003698931300848564,0,0,0,101325,100
71000000000,0,0,9.81,0,0,-0.0025476157270326494,0,0,0,101325,100
71020000000,0,0,9.81,0,0,-0.0037153751255195734,0,0,0,101325,100
71040000000,0,0,9.81,0,0,-0.00484831957356087,0,0,0,101325,100
71060000000,0,0,9.81,0,0,-0.0032224873000710006,0,0,0,101325,100
71080000000,0,0,9.81,0,0,-0.004719102519561528,0,0,0,101325,100
71100000000,0,0,9.81,0,0,-0.004235930007814243,0,0,0,101325,100
71120000000,0,0,9.81,0,0,-0.004045793851836411,0,0,0,101325,100
71140000000,0,0,9.81,0,0,-0.005566512464718427,0,0,0,101325,100
71160000000,0,0,9.81,0,0,-0.0030668023810696103,0,0,0,101325,100
71180000000,0,0,9.81,0,0,-0.004926297412390992,0,0,0,101325,100
71200000000,0,0,9.81,0,0,-0.004273539562801908,0,0,0,101325,100
71220000000,0,0,9.81,0,0,-0.0030848411556611264,0,0,0,101325,100
71240000000,0,0,9.81,0,0,-0.002864597334212063,0,0,0,101325,100
71260000000,0,0,9.81,0,0,-0.004862252302836597,0,0,0,101325,100
71280000000,0,0,9.81,0,0,-0.0035913109442180123,0,0,0,101325,100
71300000000,0,0,9.81,0,0,-0.004523367536350872,0,0,0,101325,100
71320000000,0,0,9.81,0,0,-0.004546147631910548,0,0,0,101325,100
71340000000,0,0,9.81,0,0,-0.004444461177568964,0,0,0,101325,100
71360000000,0,0,9.81,0,0,-0.003307697896970912,0,0,0,101325,100
71380000000,0,0,9.81,0,0,-0.002871521089621824,0,0,0,101325,100
71400000000,0,0,9.81,0,0,-0.00633369791685575,0,0,0,101325,100
71420000000,0,0,9.81,0,0,-0.004295650454500424,0,0,0,101325,100
71440000000,0,0,9.81,0,0,-0.003375858815835029,0,0,0,101325,100
71460000000,0,0,9.81,0,0,-0.004466579496939632,0,0,0,101325,100
71480000000,0,0,9.81,0,0,-0.004360777614779004,0,0,0,101325,100
71500000000,0,0,9.81,0,0,-0.003305987749838158,0,0,0,101325,100
71520000000,0,0,9.81,0,0,-0.002389412038289964,0,0,0,101325,100
71540000000,0,0,9.81,0,0,-0.004818778683890516,0,0,0,101325,100
71560000000,0,0,9.81,0,0,-0.003968543455709287,0,0,0,101325,100
71580000000,0,0,9.81,0,0,-0.004265752494097906,0,0,0,101325,100
71600000000,0,0,9.81,0,0,-0.005069165284084554,0,0,0,101325,100
71620000000,0,0,9.81,0,0,-0.0046215634191832215,0,0,0,101325,100
71640000000,0,0,9.81,0,0,-0.004024150400803339,0,0,0,101325,100
71660000000,0,0,9.81,0,0,-0.004180988557506694,0,0,0,101325,100
71680000000,0,0,9.81,0,0,-0.0036826147686140494,0,0,0,101325,100
71700000000,0,0,9.81,0,0,-0.0037640690919824604,0,0,0,101325,100
71720000000,0,0,9.81,0,0,-0.005010465043701151,0,0,0,101325,100
71740000000,0,0,9.81,0,0,-0.004384839608138133,0,0,0,101325,100
71760000000,0,0,9.81,0,0,-0.005497354547920598,0,0,0,101325,100
71780000000,0,0,9.81,0,0,-0.00406676101897136,0,0,0,101325,100
71800000000,0,0,9.81,0,0,-0.004299769533560396,0,0,0,101325,100
71820000000,0,0,9.81,0,0,-0.0025284361476915944,0,0,0,101325,100
71840000000,0,0,9.81,0,0,-0.003678556700012332,0,0,0,101325,100
71860000000,0,0,9.81,0,0,-0.003278672512684774,0,0,0,101325,100
71880000000,0,0,9.81,0,0,-0.004650540975003229,0,0,0,101325,100
71900000000,0,0,9.81,0,0,-0.004142213759203496,0,0,0,101325,100
71920000000,0,0,9.81,0,0,-0.00473637652931877,0,0,0,101325,100
71940000000,0,0,9.81,0,0,-0.0021393513374236848,0,0,0,101325,100
71960000000,0,0,9.81,0,0,-0.0038434367071036985,0,0,0,101325,100
71980000000,0,0,9.81,0,0,-0.00350694591551327,0,0,0,101325,100
72000000000,0,0,9.81,0,0,-0.004681571271948095,0,0,0,101325,100
72020000000,0,0,9.81,0,0,-0.004425389183109957,0,0,0,101325,100
72040000000,0,0,9.81,0,0,-0.004381974550661374,0,0,0,101325,100
72060000000,0,0,9.81,0,0,-0.005050751436430374,0,0,0,101325,100
72080000000,0,0,9.81,0,0,-0.004883209927493438,0,0,0,101325,100
72100000000,0,0,9.81,0,0,-0.0031841058022802947,0,0,0,101325,100
72120000000,0,0,9.81,0,0,-0.003026976644661037,0,0,0,101325,100
72140000000,0,0,9.81,0,0,-0.004367565507612333,0,0,0,101325,100
72160000000,0,0,9.81,0,0,-0.005993735999991449,0,0,0,101325,100
72180000000,0,0,9.81,0,0,-0.003938515470440524,0,0,0,101325,100
72200000000,0,0,9.81,0,0,-0.0037249969558722723,0,0,0,101325,100
72220000000,0,0,9.81,0,0,-0.0030573046566770797,0,0,0,101325,100
72240000000,0,0,9.81,0,0,-0.004680195216689449,0,0,0,101325,100
72260000000,0,0,9.81,0,0,-0.004257830844659652,0,0,0,101325,100
72280000000,0,0,9.81,0,0,-0.004132533663424027,0,0,0,101325,100
72300000000,0,0,9.81,0,0,-0.004439260425774938,0,0,0,101325,100
72320000000,0,0,9.81,0,0,-0.0047780104014155545,0,0,0,101325,100
72340000000,0,0,9.81,0,0,-0.004313213533993586,0,0,0,101325,100
72360000000,0,0,9.81,0,0,-0.004394547576986348,0,0,0,101325,100
72380000000,0,0,9.81,0,0,-0.005046388520264055,0,0,0,101325,100
72400000000,0,0,9.81,0,0,-0.005428562722127865,0,0,0,101325,100
72420000000,0,0,9.81,0,0,-0.004106902286378662,0,0,0,101325,100
72440000000,0,0,9.81,0,0,-0.0034278689798218015,0,0,0,101325,100
72460000000,0,0,9.81,0,0,-0.006280662501395017,0,0,0,101325,100
72480000000,0,0,9.81,0,0,-0.006131511478818449,0,0,0,101325,100
72500000000,0,0,9.81,0,0,-0.004834626693376674,0,0,0,101325,100
72520000000,0,0,9.81,0,0,-0.005385512643603711,0,0,0,101325,100
72540000000,0,0,9.81,0,0,-0.004921609091253137,0,0,0,101325,100
72560000000,0,0,9.81,0,0,-0.003266184762913384,0,0,0,101325,100
72580000000,0,0,9.81,0,0,-0.004918873689617849,0,0,0,101325,100
72600000000,0,0,9.81,0,0,-0.0035697881930288246,0,0,0,101325,100
72620000000,0,0,9.81,0,0,-0.0049361002434514046,0,0,0,101325,100
72640000000,0,0,9.81,0,0,-0.00315027765757314,0,0,0,101325,100
72660000000,0,0,9.81,0,0,-0.0037389367232893607,0,0,0,101325,100
72680000000,0,0,9.81,0,0,-0.0032340855651960708,0,0,0,101325,100
72700000000,0,0,9.81,0,0,-0.005146741774593447,0,0,0,101325,100
72720000000,0,0,9.81,0,0,-0.0031393854664286446,0,0,0,101325,100
72740000000,0,0,9.81,0,0,-0.004050529895661033,0,0,0,101325,100
72760000000,0,0,9.81,0,0,-0.004568900320646407,0,0,0,101325,100
72780000000,0,0,9.81,0,0,-0.00451301168513843,0,0,0,101325,100
72800000000,0,0,9.81,0,0,-0.0038945564633371117,0,0,0,101325,100
72820000000,0,0,9.81,0,0,-0.004289026640076848,0,0,0,101325,100
72840000000,0,0,9.81,0,0,-0.004051202936384057,0,0,0,101325,100
72860000000,0,0,9.81,0,0,-0.004100927344556821,0,0,0,101325,100
72880000000,0,0,9.81,0,0,-0.005305616012827974,0,0,0,101325,100
72900000000,0,0,9.81,0,0,-0.0038290362823486697,0,0,0,101325,100
72920000000,0,0,9.81,0,0,-0.003947350392876342,0,0,0,101325,100
72940000000,0,0,9.81,0,0,-0.0036363166948003714,0,0,0,101325,100
72960000000,0,0,9.81,0,0,-0.0037597784758630994,0,0,0,101325,100
72980000000,0,0,9.81,0,0,-0.003706431550917199,0,0,0,101325,100
73000000000,0,0,9.81,0,0,-0.00477662671280767,0,0,0,101325,100
73020000000,0,0,9.81,0,0,-0.003849453318466714,0,0,0,101325,100
73040000000,0,0,9.81,0,0,-0.004915049425567138,0,0,0,101325,100
73060000000,0,0,9.81,0,0,-0.004702629776679224,0,0,0,101325,100
73080000000,0,0,9.81,0,0,-0.0037854799247237004,0,0,0,101325,100
73100000000,0,0,9.81,0,0,-0.003407675804074071,0,0,0,101325,100
73120000000,0,0,9.81,0,0,-0.0037546564552084186,0,0,0,101325,100
73140000000,0,0,9.81,0,0,-0.002389234635230599,0,0,0,101325,100
73160000000,0,0,9.81,0,0,-0.003256035463576654,0,0,0,101325,100
73180000000,0,0,9.81,0,0,-0.0032247251789585675,0,0,0,101325,100
73200000000,0,0,9.81,0,0,-0.004073049313756167,0,0,0,101325,100
73220000000,0,0,9.81,0,0,-0.004982527716740889,0,0,0,101325,100
73240000000,0,0,9.81,0,0,-0.003550612593488014,0,0,0,101325,100
73260000000,0,0,9.81,0,0,-0.005287048220347593,0,0,0,101325,100
73280000000,0,0,9.81,0,0,-0.00346358864201006,0,0,0,101325,100
73300000000,0,0,9.81,0,0,-0.004904088027201583,0,0,0,101325,100
73320000000,0,0,9.81,0,0,-0.003460732243700915,0,0,0,101325,100
73340000000,0,0,9.81,0,0,-0.0036905557414953433,0,0,0,101325,100
73360000000,0,0,9.81,0,0,-0.0038642708782966914,0,0,0,101325,100
73380000000,0,0,9.81,0,0,-0.003394307075847758,0,0,0,101325,100
73400000000,0,0,9.81,0,0,-0.0034214877253932238,0,0,0,101325,100
73420000000,0,0,9.81,0,0,-0.004841908317319338,0,0,0,101325,100
73440000000,0,0,9.81,0,0,-0.0032553339163082957,0,0,0,101325,100
73460000000,0,0,9.81,0,0,-0.0036998642450050976,0,0,0,101325,100
73480000000,0,0,9.81,0,0,-0.0040591973101820255,0,0,0,101325,100
73500000000,0,0,9.81,0,0,-0.0035362264059953154,0,0,0,101325,100
73520000000,0,0,9.81,0,0,-0.004255996115960526,0,0,0,101325,100
73540000000,0,0,9.81,0,0,-0.0030076442331821544,0,0,0,101325,100
73560000000,0,0,9.81,0,0,-0.0031701932777616843,0,0,0,101325,100
73580000000,0,0,9.81,0,0,-0.0038874502712578714,0,0,0,101325,100
73600000000,0,0,9.81,0,0,-0.005140806739024604,0,0,0,101325,100
73620000000,0,0,9.81,0,0,-0.004145920966552054,0,0,0,101325,100
73640000000,0,0,9.81,0,0,-0.004068362332272039,0,0,0,101325,100
73660000000,0,0,9.81,0,0,-0.0037304451392814906,0,0,0,101325,100
73680000000,0,0,9.81,0,0,-0.0034259737093832307,0,0,0,101325,100
73700000000,0,0,9.81,0,0,-0.003862257760360924,0,0,0,101325,100
73720000000,0,0,9.81,0,0,-0.0025027509681726703,0,0,0,101325,100
73740000000,0,0,9.81,0,0,-0.003120011152967151,0,0,0,101325,100
73760000000,0,0,9.81,0,0,-0.005366800677226691,0,0,0,101325,100
73780000000,0,0,9.81,0,0,-0.004329521927937753,0,0,0,101325,100
73800000000,0,0,9.81,0,0,-0.0027915987702877123,0,0,0,101325,100
73820000000,0,0,9.81,0,0,-0.0034994502018277445,0,0,0,101325,100
73840000000,0,0,9.81,0,0,-0.003638558629441901,0,0,0,101325,100
73860000000,0,0,9.81,0,0,-0.004716675998357149,0,0,0,101325,100
73880000000,0,0,9.81,0,0,-0.004531804720090599,0,0,0,101325,100
73900000000,0,0,9.81,0,0,-0.0037396083719890786,0,0,0,101325,100
73920000000,0,0,9.81,0,0,-0.0038332711493974173,0,0,0,101325,100
73940000000,0,0,9.81,0,0,-0.005973707605335191,0,0,0,101325,100
73960000000,0,0,9.81,0,0,-0.0033196201245475343,0,0,0,101325,100
73980000000,0,0,9.81,0,0,-0.003152480324793032,0,0,0,101325,100
74000000000,0,0,9.81,0,0,-0.0037773862998294666,0,0,0,101325,100
74020000000,0,0,9.81,0,0,-0.0052815315869752175,0,0,0,101325,100
74040000000,0,0,9.81,0,0,-0.003742802819959649,0,0,0,101325,100
74060000000,0,0,9.81,0,0,-0.0039095670121448356,0,0,0,101325,100
74080000000,0,0,9.81,0,0,-0.004897359464028278,0,0,0,101325,100
74100000000,0,0,9.81,0,0,-0.003833508577968745,0,0,0,101325,100
74120000000,0,0,9.81,0,0,-0.0068595610341921145,0,0,0,101325,100
74140000000,0,0,9.81,0,0,-0.0035066453428005094,0,0,0,101325,100
74160000000,0,0,9.81,0,0,-0.0036931984157449033,0,0,0,101325,100
74180000000,0,0,9.81,0,0,-0.004732724365329665,0,0,0,101325,100
74200000000,0,0,9.81,0,0,-0.0040031408730550515,0,0,0,101325,100
74220000000,0,0,9.81,0,0,-0.00398590683257117,0,0,0,101325,100
74240000000,0,0,9.81,0,0,-0.004374114899121729,0,0,0,101325,100
74260000000,0,0,9.81,0,0,-0.002738717653638362,0,0,0,101325,100
74280000000,0,0,9.81,0,0,-0.0026966751838388373,0,0,0,101325,100
74300000000,0,0,9.81,0,0,-0.004682813207300495,0,0,0,101325,100
74320000000,0,0,9.81,0,0,-0.0035090800691083618,0,0,0,101325,100
74340000000,0,0,9.81,0,0,-0.0028692570158128264,0,0,0,101325,100
74360000000,0,0,9.81,0,0,-0.002363432820027812,0,0,0,101325,100
74380000000,0,0,9.81,0,0,-0.0034098474720010933,0,0,0,101325,100
74400000000,0,0,9.81,0,0,-0.0032350195692556006,0,0,0,101325,100
74420000000,0,0,9.81,0,0,-0.0025478235649633225,0,0,0,101325,100
74440000000,0,0,9.81,0,0,-0.0020216805011464473,0,0,0,101325,100
74460000000,0,0,9.81,0,0,-0.003458366432073934,0,0,0,101325,100
74480000000,0,0,9.81,0,0,-0.004977364588760529,0,0,0,101325,100
74500000000,0,0,9.81,0,0,-0.004346819647041042,0,0,0,101325,100
74520000000,0,0,9.81,0,0,-0.003232469746154996,0,0,0,101325,100
74540000000,0,0,9.81,0,0,-0.0037069216057218288,0,0,0,101325,100
74560000000,0,0,9.81,0,0,-0.005302061966862181,0,0,0,101325,100
74580000000,0,0,9.81,0,0,-0.00436893456836536,0,0,0,101325,100
74600000000,0,0,9.81,0,0,-0.0027947169413465502,0,0,0,101325,100
74620000000,0,0,9.81,0,0,-0.004012625924257461,0,0,0,101325,100
74640000000,0,0,9.81,0,0,-0.004925606410918194,0,0,0,101325,100
74660000000,0,0,9.81,0,0,-0.003014091329554894,0,0,0,101325,100
74680000000,0,0,9.81,0,0,-0.004342283187890517,0,0,0,101325,100
74700000000,0,0,9.81,0,0,-0.005086901233080468,0,0,0,101325,100
74720000000,0,0,9.81,0,0,-0.004464124354522491,0,0,0,101325,100
74740000000,0,0,9.81,0,0,-0.0035333352956095267,0,0,0,101325,100
74760000000,0,0,9.81,0,0,-0.0045054423244458575,0,0,0,101325,100
74780000000,0,0,9.81,0,0,-0.004647042660171979,0,0,0,101325,100
74800000000,0,0,9.81,0,0,-0.0040219369410158645,0,0,0,101325,100
74820000000,0,0,9.81,0,0,-0.003111035714660603,0,0,0,101325,100
74840000000,0,0,9.81,0,0,-0.004029166601661839,0,0,0,101325,100
74860000000,0,0,9.81,0,0,-0.003404381620464309,0,0,0,101325,100
74880000000,0,0,9.81,0,0,-0.004479036330686161,0,0,0,101325,100
74900000000,0,0,9.81,0,0,-0.005117976914231892,0,0,0,101325,100
74920000000,0,0,9.81,0,0,-0.0033267747913683864,0,0,0,101325,100
74940000000,0,0,9.81,0,0,-0.0040455914729969344,0,0,0,101325,100
74960000000,0,0,9.81,0,0,-0.004730073685612851,0,0,0,101325,100
74980000000,0,0,9.81,0,0,-0.004974358860860461,0,0,0,101325,100
75000000000,0,0,9.81,0,0,-0.0029049011518651477,0,0,0,101325,100
75020000000,0,0,9.81,0,0,-0.004644787321954463,0,0,0,101325,100
75040000000,0,0,9.81,0,0,-0.004479791766862864,0,0,0,101325,100
75060000000,0,0,9.81,0,0,-0.0033432380226081316,0,0,0,101325,100
75080000000,0,0,9.81,0,0,-0.00501070003287129,0,0,0,101325,100
75100000000,0,0,9.81,0,0,-0.0029431254334106784,0,0,0,101325,100
75120000000,0,0,9.81,0,0,-0.004954146371592611,0,0,0,101325,100
75140000000,0,0,9.81,0,0,-0.0036159920067673286,0,0,0,101325,100
75160000000,0,0,9.81,0,0,-0.003922440893895659,0,0,0,101325,100
75180000000,0,0,9.81,0,0,-0.004917375535366292,0,0,0,101325,100
75200000000,0,0,9.81,0,0,-0.0038971240327120775,0,0,0,101325,100
75220000000,0,0,9.81,0,0,-0.004600370911833299,0,0,0,101325,100
75240000000,0,0,9.81,0,0,-0.003778304144552925,0,0,0,101325,100
75260000000,0,0,9.81,0,0,-0.0037142008119048662,0,0,0,101325,100
75280000000,0,0,9.81,0,0,-0.005018777952508686,0,0,0,101325,100
75300000000,0,0,9.81,0,0,-0.003789160180481576,0,0,0,101325,100
75320000000,0,0,9.81,0,0,-0.003545991761866531,0,0,0,101325,100
75340000000,0,0,9.81,0,0,-0.0034695579203965427,0,0,0,101325,100
75360000000,0,0,9.81,0,0,-0.003966840993014617,0,0,0,101325,100
75380000000,0,0,9.81,0,0,-0.00475047927696809,0,0,0,101325,100
75400000000,0,0,9.81,0,0,-0.004779060112314913,0,0,0,101325,100
75420000000,0,0,9.81,0,0,-0.0029605677314941334,0,0,0,101325,100
75440000000,0,0,9.81,0,0,-0.0033550455978096617,0,0,0,101325,100
75460000000,0,0,9.81,0,0,-0.004862182386364445,0,0,0,101325,100
75480000000,0,0,9.81,0,0,-0.004031822023370695,0,0,0,101325,100
75500000000,0,0,9.81,0,0,-0.005079616054419823,0,0,0,101325,100
75520000000,0,0,9.81,0,0,-0.0035664596409716587,0,0,0,101325,100
75540000000,0,0,9.81,0,0,-0.005114065645259608,0,0,0,101325,100
75560000000,0,0,9.81,0,0,-0.0051512494178570485,0,0,0,101325,100
75580000000,0,0,9.81,0,0,-0.0023458987898320287,0,0,0,101325,100
75600000000,0,0,9.81,0,0,-0.005367399294747862,0,0,0,101325,100
75620000000,0,0,9.81,0,0,-0.005739639209468894,0,0,0,101325,100
75640000000,0,0,9.81,0,0,-0.004394632189485415,0,0,0,101325,100
75660000000,0,0,9.81,0,0,-0.004440196380426099,0,0,0,101325,100
75680000000,0,0,9.81,0,0,-0.004427479804550707,0,0,0,101325,100
75700000000,0,0,9.81,0,0,-0.0030721188110587674,0,0,0,101325,100
75720000000,0,0,9.81,0,0,-0.003107765307339179,0,0,0,101325,100
75740000000,0,0,9.81,0,0,-0.00360957355905108,0,0,0,101325,100
75760000000,0,0,9.81,0,0,-0.004402020226271981,0,0,0,101325,100
75780000000,0,0,9.81,0,0,-0.0057619852379469675,0,0,0,101325,100
75800000000,0,0,9.81,0,0,-0.003480019488425969,0,0,0,101325,100
75820000000,0,0,9.81,0,0,-0.003905435759210555,0,0,0,101325,100
75840000000,0,0,9.81,0,0,-0.004050867609285452,0,0,0,101325,100
75860000000,0,0,9.81,0,0,-0.0052023281115795355,0,0,0,101325,100
75880000000,0,0,9.81,0,0,-0.004228365729786356,0,0,0,101325,100
75900000000,0,0,9.81,0,0,-0.002979252417240452,0,0,0,101325,100
75920000000,0,0,9.81,0,0,-0.002241595569774355,0,0,0,101325,100
75940000000,0,0,9.81,0,0,-0.004405161135035064,0,0,0,101325,100
75960000000,0,0,9.81,0,0,-0.00372650674216271,0,0,0,101325,100
75980000000,0,0,9.81,0,0,-0.003534800847971976,0,0,0,101325,100
76000000000,0,0,9.81,0,0,-0.004572784109999475,0,0,0,101325,100
76020000000,0,0,9.81,0,0,-0.0031214391382668166,0,0,0,101325,100
76040000000,0,0,9.81,0,0,-0.0028033182295333207,0,0,0,101325,100
76060000000,0,0,9.81,0,0,-0.0049927834762127435,0,0,0,101325,100
76080000000,0,0,9.81,0,0,-0.0021128998619624295,0,0,0,101325,100
76100000000,0,0,9.81,0,0,-0.0035641931751650324,0,0,0,101325,100
76120000000,0,0,9.81,0,0,-0.0024894044639543105,0,0,0,101325,100
76140000000,0,0,9.81,0,0,-0.0024445289362196414,0,0,0,101325,100
76160000000,0,0,9.81,0,0,-0.0034204895076460763,0,0,0,101325,100
76180000000,0,0,9.81,0,0,-0.004314429851808776,0,0,0,101325,100
76200000000,0,0,9.81,0,0,-0.00401772338006392,0,0,0,101325,100
76220000000,0,0,9.81,0,0,-0.0037451543604571863,0,0,0,101325,100
76240000000,0,0,9.81,0,0,-0.0029776624323153067,0,0,0,101325,100
76260000000,0,0,9.81,0,0,-0.004602593380419582,0,0,0,101325,100
76280000000,0,0,9.81,0,0,-0.0037701531682844875,0,0,0,101325,100
76300000000,0,0,9.81,0,0,-0.002969762477279189,0,0,0,101325,100
76320000000,0,0,9.81,0,0,-0.005315588688112062,0,0,0,101325,100
76340000000,0,0,9.81,0,0,-0.003211005918372371,0,0,0,101325,100
76360000000,0,0,9.81,0,0,-0.004199297919877175,0,0,0,101325,100
76380000000,0,0,9.81,0,0,-0.004833701689942836,0,0,0,101325,100
76400000000,0,0,9.81,0,0,-0.0041495843144868805,0,0,0,101325,100
76420000000,0,0,9.81,0,0,-0.005319145043495872,0,0,0,101325,100
76440000000,0,0,9.81,0,0,-0.0027197426236062207,0,0,0,101325,100
76460000000,0,0,9.81,0,0,-0.004788571637829213,0,0,0,101325,100
76480000000,0,0,9.81,0,0,-0.005114617284039926,0,0,0,101325,100
76500000000,0,0,9.81,0,0,-0.004420498133115042,0,0,0,101325,100
76520000000,0,0,9.81,0,0,-0.004119773202428803,0,0,0,101325,100
76540000000,0,0,9.81,0,0,-0.004691539549609188,0,0,0,101325,100
76560000000,0,0,9.81,0,0,-0.0027770728053304094,0,0,0,101325,100
76580000000,0,0,9.81,0,0,-0.0031130661862328116,0,0,0,101325,100
76600000000,0,0,9.81,0,0,-0.004887126408917553,0,0,0,101325,100
76620000000,0,0,9.81,0,0,-0.005951115405175616,0,0,0,101325,100
76640000000,0,0,9.81,0,0,-0.002669293815975784,0,0,0,101325,100
76660000000,0,0,9.81,0,0,-0.00449171890684791,0,0,0,101325,100
76680000000,0,0,9.81,0,0,-0.004946351017496415,0,0,0,101325,100
76700000000,0,0,9.81,0,0,-0.0025171071815123236,0,0,0,101325,100
76720000000,0,0,9.81,0,0,-0.004046321412472801,0,0,0,101325,100
76740000000,0,0,9.81,0,0,-0.004992353314324884,0,0,0,101325,100
76760000000,0,0,9.81,0,0,-0.00489330329395789,0,0,0,101325,100
76780000000,0,0,9.81,0,0,-0.0024471618249180755,0,0,0,101325,100
76800000000,0,0,9.81,0,0,-0.002925069301549992,0,0,0,101325,100
76820000000,0,0,9.81,0,0,-0.0040672629865317915,0,0,0,101325,100
76840000000,0,0,9.81,0,0,-0.00337559228292271,0,0,0,101325,100
76860000000,0,0,9.81,0,0,-0.004213912465791767,0,0,0,101325,100
76880000000,0,0,9.81,0,0,-0.004255883618683467,0,0,0,101325,100
76900000000,0,0,9.81,0,0,-0.003478338696151606,0,0,0,101325,100
76920000000,0,0,9.81,0,0,-0.003922129118266122,0,0,0,101325,100
76940000000,0,0,9.81,0,0,-0.003477731649021718,0,0,0,101325,100
76960000000,0,0,9.81,0,0,-0.0033338267884059974,0,0,0,101325,100
76980000000,0,0,9.81,0,0,-0.0030742246236243687,0,0,0,101325,100
77000000000,0,0,9.81,0,0,-0.0053923445645193985,0,0,0,101325,100
77020000000,0,0,9.81,0,0,-0.005482418508082336,0,0,0,101325,100
77040000000,0,0,9.81,0,0,-0.004260460415857722,0,0,0,101325,100
77060000000,0,0,9.81,0,0,-0.005650288151969015,0,0,0,101325,100
77080000000,0,0,9.81,0,0,-0.004107039256232801,0,0,0,101325,100
77100000000,0,0,9.81,0,0,-0.003916354199336544,0,0,0,101325,100
77120000000,0,0,9.81,0,0,-0.003933713373740489,0,0,0,101325,100
77140000000,0,0,9.81,0,0,-0.002943517018777144,0,0,0,101325,100
77160000000,0,0,9.81,0,0,-0.005207205406166173,0,0,0,101325,100
77180000000,0,0,9.81,0,0,-0.005458673133426482,0,0,0,101325,100
77200000000,0,0,9.81,0,0,-0.003700085731922587,0,0,0,101325,100
77220000000,0,0,9.81,0,0,-0.004622659267426431,0,0,0,101325,100
77240000000,0,0,9.81,0,0,-0.004075646621033555,0,0,0,101325,100
77260000000,0,0,9.81,0,0,-0.0031438313530688655,0,0,0,101325,100
77280000000,0,0,9.81,0,0,-0.0035011362741083703,0,0,0,101325,100
77300000000,0,0,9.81,0,0,-0.004316013118466818,0,0,0,101325,100
77320000000,0,0,9.81,0,0,-0.0024218812641232015,0,0,0,101325,100
77340000000,0,0,9.81,0,0,-0.0050877050474771295,0,0,0,101325,100
77360000000,0,0,9.81,0,0,-0.004152485233282465,0,0,0,101325,100
77380000000,0,0,9.81,0,0,-0.005149164337844689,0,0,0,101325,100
77400000000,0,0,9.81,0,0,-0.003999766700445549,0,0,0,101325,100
77420000000,0,0,9.81,0,0,-0.0038865995455436317,0,0,0,101325,100
77440000000,0,0,9.81,0,0,-0.004953030964852125,0,0,0,101325,100
77460000000,0,0,9.81,0,0,-0.0028745391091750928,0,0,0,101325,100
77480000000,0,0,9.81,0,0,-0.0033531895429701236,0,0,0,101325,100
77500000000,0,0,9.81,0,0,-0.003537618308704156,0,0,0,101325,100
77520000000,0,0,9.81,0,0,-0.003169783973345394,0,0,0,101325,100
77540000000,0,0,9.81,0,0,-0.0025021986236915595,0,0,0,101325,100
77560000000,0,0,9.81,0,0,-0.004335081319102545,0,0,0,101325,100
77580000000,0,0,9.81,0,0,-0.005276814216312327,0,0,0,101325,100
77600000000,0,0,9.81,0,0,-0.004615640299176273,0,0,0,101325,100
77620000000,0,0,9.81,0,0,-0.0052674743417423465,0,0,0,101325,100
77640000000,0,0,9.81,0,0,-0.0032423321212228353,0,0,0,101325,100
77660000000,0,0,9.81,0,0,-0.004870996020890877,0,0,0,101325,100
77680000000,0,0,9.81,0,0,-0.0036663076074022324,0,0,0,101325,100
77700000000,0,0,9.81,0,0,-0.004954203186637149,0,0,0,101325,100
77720000000,0,0,9.81,0,0,-0.0038968977695256835,0,0,0,101325,100
77740000000,0,0,9.81,0,0,-0.005488121252859781,0,0,0,101325,100
77760000000,0,0,9.81,0,0,-0.0038079899373515964,0,0,0,101325,100
77780000000,0,0,9.81,0,0,-0.00416031432607451,0,0,0,101325,100
77800000000,0,0,9.81,0,0,-0.00463304736636367,0,0,0,101325,100
77820000000,0,0,9.81,0,0,-0.0032053843703088373,0,0,0,101325,100
77840000000,0,0,9.81,0,0,-0.004202929572746888,0,0,0,101325,100
77860000000,0,0,9.81,0,0,-0.004438750597684131,0,0,0,101325,100
77880000000,0,0,9.81,0,0,-0.0034959809286654684,0,0,0,101325,100
77900000000,0,0,9.81,0,0,-0.0035608010444931537,0,0,0,101325,100
77920000000,0,0,9.81,0,0,-0.004188658122439709,0,0,0,101325,100
77940000000,0,0,9.81,0,0,-0.0020743434684883898,0,0,0,101325,100
77960000000,0,0,9.81,0,0,-0.0031779222167202877,0,0,0,101325,100
77980000000,0,0,9.81,0,0,-0.0033250106438534217,0,0,0,101325,100
78000000000,0,0,9.81,0,0,-0.0038206119683742083,0,0,0,101325,100
78020000000,0,0,9.81,0,0,-0.004708739481448329,0,0,0,101325,100
78040000000,0,0,9.81,0,0,-0.0028952008074821034,0,0,0,101325,100
78060000000,0,0,9.81,0,0,-0.00463497016040471,0,0,0,101325,100
78080000000,0,0,9.81,0,0,-0.0035369093983862983,0,0,0,101325,100
78100000000,0,0,9.81,0,0,-0.003951482858854692,0,0,0,101325,100
78120000000,0,0,9.81,0,0,-0.004074113846430835,0,0,0,101325,100
78140000000,0,0,9.81,0,0,-0.005029589475905055,0,0,0,101325,100
78160000000,0,0,9.81,0,0,-0.00305567655841899,0,0,0,101325,100
78180000000,0,0,9.81,0,0,-0.0024085399954880955,0,0,0,101325,100
78200000000,0,0,9.81,0,0,-0.004051511079580558,0,0,0,101325,100
78220000000,0,0,9.81,0,0,-0.004663271767398487,0,0,0,101325,100
78240000000,0,0,9.81,0,0,-0.004253317460442773,0,0,0,101325,100
78260000000,0,0,9.81,0,0,-0.003659672252975697,0,0,0,101325,100
78280000000,0,0,9.81,0,0,-0.00398622714478508,0,0,0,101325,100
78300000000,0,0,9.81,0,0,-0.002561390608204828,0,0,0,101325,100
78320000000,0,0,9.81,0,0,-0.004034593398196677,0,0,0,101325,100
78340000000,0,0,9.81,0,0,-0.004178219053933602,0,0,0,101325,100
78360000000,0,0,9.81,0,0,-0.0030738458591517276,0,0,0,101325,100
78380000000,0,0,9.81,0,0,-0.0057145142339299244,0,0,0,101325,100
78400000000,0,0,9.81,0,0,-0.004929441136161388,0,0,0,101325,100
78420000000,0,0,9.81,0,0,-0.0051280169611171945,0,0,0,101325,100
78440000000,0,0,9.81,0,0,-0.004187791780576915,0,0,0,101325,100
78460000000,0,0,9.81,0,0,-0.004941006863193507,0,0,0,101325,100
78480000000,0,0,9.81,0,0,-0.004222044502562118,0,0,0,101325,100
78500000000,0,0,9.81,0,0,-0.004900267650848672,0,0,0,101325,100
78520000000,0,0,9.81,0,0,-0.0023140904745292644,0,0,0,101325,100
78540000000,0,0,9.81,0,0,-0.004206114444099795,0,0,0,101325,100
78560000000,0,0,9.81,0,0,-0.0047071486379131906,0,0,0,101325,100
78580000000,0,0,9.81,0,0,-0.004278663839430337,0,0,0,101325,100
78600000000,0,0,9.81,0,0,-0.0032532258292003956,0,0,0,101325,100
78620000000,0,0,9.81,0,0,-0.0032038839546576904,0,0,0,101325,100
78640000000,0,0,9.81,0,0,-0.0048719821907721094,0,0,0,101325,100
78660000000,0,0,9.81,0,0,-0.0036456821335723805,0,0,0,101325,100
78680000000,0,0,9.81,0,0,-0.004912759395063523,0,0,0,101325,100
78700000000,0,0,9.81,0,0,-0.003688137676007326,0,0,0,101325,100
78720000000,0,0,9.81,0,0,-0.002297334651490384,0,0,0,101325,100
78740000000,0,0,9.81,0,0,-0.004123021113845481,0,0,0,101325,100
78760000000,0,0,9.81,0,0,-0.003115280640158197,0,0,0,101325,100
78780000000,0,0,9.81,0,0,-0.003616302693350708,0,0,0,101325,100
78800000000,0,0,9.81,0,0,-0.003994150539324196,0,0,0,101325,100
78820000000,0,0,9.81,0,0,-0.004625093562716818,0,0,0,101325,100
78840000000,0,0,9.81,0,0,-0.004608137542041129,0,0,0,101325,100
78860000000,0,0,9.81,0,0,-0.003770486472455122,0,0,0,101325,100
78880000000,0,0,9.81,0,0,-0.004234742114667098,0,0,0,101325,100
78900000000,0,0,9.81,0,0,-0.00409406189677981,0,0,0,101325,100
78920000000,0,0,9.81,0,0,-0.0036835530395631583,0,0,0,101325,100
78940000000,0,0,9.81,0,0,-0.006401307181192477,0,0,0,101325,100
78960000000,0,0,9.81,0,0,-0.0027060412101021923,0,0,0,101325,100
78980000000,0,0,9.81,0,0,-0.0052587179603144005,0,0,0,101325,100
79000000000,0,0,9.81,0,0,-0.004563143972818852,0,0,0,101325,100
79020000000,0,0,9.81,0,0,-0.004888971128116216,0,0,0,101325,100
79040000000,0,0,9.81,0,0,-0.0040159934241521065,0,0,0,101325,100
79060000000,0,0,9.81,0,0,-0.003969029493611427,0,0,0,101325,100
79080000000,0,0,9.81,0,0,-0.00333373592652563,0,0,0,101325,100
79100000000,0,0,9.81,0,0,-0.004514290075667845,0,0,0,101325,100
79120000000,0,0,9.81,0,0,-0.005464223940732834,0,0,0,101325,100
79140000000,0,0,9.81,0,0,-0.004148348693000841,0,0,0,101325,100
79160000000,0,0,9.81,0,0,-0.0035694513479132056,0,0,0,101325,100
79180000000,0,0,9.81,0,0,-0.005573285134319558,0,0,0,101325,100
79200000000,0,0,9.81,0,0,-0.0038171021117921764,0,0,0,101325,100
79220000000,0,0,9.81,0,0,-0.003153799115609117,0,0,0,101325,100
79240000000,0,0,9.81,0,0,-0.001551594523608599,0,0,0,101325,100
79260000000,0,0,9.81,0,0,-0.004140785571754673,0,0,0,101325,100
79280000000,0,0,9.81,0,0,-0.004403548289943377,0,0,0,101325,100
79300000000,0,0,9.81,0,0,-0.004402132436825579,0,0,0,101325,100
79320000000,0,0,9.81,0,0,-0.0043234600215891344,0,0,0,101325,100
79340000000,0,0,9.81,0,0,-0.0030290902402628677,0,0,0,101325,100
79360000000,0,0,9.81,0,0,-0.0038951159484279037,0,0,0,101325,100
79380000000,0,0,9.81,0,0,-0.004036948483276281,0,0,0,101325,100
79400000000,0,0,9.81,0,0,-0.004813741067903214,0,0,0,101325,100
79420000000,0,0,9.81,0,0,-0.003900255204211829,0,0,0,101325,100
79440000000,0,0,9.81,0,0,-0.003958032143368017,0,0,0,101325,100
79460000000,0,0,9.81,0,0,-0.0035338713673937964,0,0,0,101325,100
79480000000,0,0,9.81,0,0,-0.0039934956514402565,0,0,0,101325,100
79500000000,0,0,9.81,0,0,-0.002758860239848616,0,0,0,101325,100
79520000000,0,0,9.81,0,0,-0.005251477317252623,0,0,0,101325,100
79540000000,0,0,9.81,0,0,-0.001665551062655575,0,0,0,101325,100
79560000000,0,0,9.81,0,0,-0.0031267508041156813,0,0,0,101325,100
79580000000,0,0,9.81,0,0,-0.0035792436067927933,0,0,0,101325,100
79600000000,0,0,9.81,0,0,-0.0037796026354071774,0,0,0,101325,100
79620000000,0,0,9.81,0,0,-0.00439421288076047,0,0,0,101325,100
79640000000,0,0,9.81,0,0,-0.005208012568259545,0,0,0,101325,100
79660000000,0,0,9.81,0,0,-0.0033730920079766704,0,0,0,101325,100
79680000000,0,0,9.81,0,0,-0.004223697826269909,0,0,0,101325,100
79700000000,0,0,9.81,0,0,-0.0027044948206065554,0,0,0,101325,100
79720000000,0,0,9.81,0,0,-0.002970742732843339,0,0,0,101325,100
79740000000,0,0,9.81,0,0,-0.004569272351183381,0,0,0,101325,100
79760000000,0,0,9.81,0,0,-0.005546210997519412,0,0,0,101325,100
79780000000,0,0,9.81,0,0,-0.0032472492246959604,0,0,0,101325,100
79800000000,0,0,9.81,0,0,-0.00471360255336563,0,0,0,101325,100
79820000000,0,0,9.81,0,0,-0.0036204368192873744,0,0,0,101325,100
79840000000,0,0,9.81,0,0,-0.004358347771859759,0,0,0,101325,100
79860000000,0,0,9.81,0,0,-0.0024739360581500043,0,0,0,101325,100
79880000000,0,0,9.81,0,0,-0.0026298586859671846,0,0,0,101325,100
79900000000,0,0,9.81,0,0,-0.0030788369851299287,0,0,0,101325,100
79920000000,0,0,9.81,0,0,-0.004876583955559495,0,0,0,101325,100
79940000000,0,0,9.81,0,0,-0.002736859432482996,0,0,0,101325,100
79960000000,0,0,9.81,0,0,-0.004284135732176606,0,0,0,101325,100
79980000000,0,0,9.81,0,0,-0.004251327587613636,0,0,0,101325,100
80000000000,0,0,9.81,0,0,-0.0035625846672383693,0,0,0,101325,100
80020000000,0,0,9.81,0,0,-0.0043050115363174445,0,0,0,101325,100
80040000000,0,0,9.81,0,0,-0.005727049105216019,0,0,0,101325,100
80060000000,0,0,9.81,0,0,-0.004171917072586562,0,0,0,101325,100
80080000000,0,0,9.81,0,0,-0.003647029918655933,0,0,0,101325,100
80100000000,0,0,9.81,0,0,-0.004766052912786322,0,0,0,101325,100
80120000000,0,0,9.81,0,0,-0.005357010535281498,0,0,0,101325,100
80140000000,0,0,9.81,0,0,-0.004541228812318124,0,0,0,101325,100
80160000000,0,0,9.81,0,0,-0.004998891949933766,0,0,0,101325,100
80180000000,0,0,9.81,0,0,-0.0033621563468883638,0,0,0,101325,100
80200000000,0,0,9.81,0,0,-0.004274103027517164,0,0,0,101325,100
80220000000,0,0,9.81,0,0,-0.004812389340935145,0,0,0,101325,100
80240000000,0,0,9.81,0,0,-0.00536489208813489,0,0,0,101325,100
80260000000,0,0,9.81,0,0,-0.0027531168231148258,0,0,0,101325,100
80280000000,0,0,9.81,0,0,-0.0019845581083106105,0,0,0,101325,100
80300000000,0,0,9.81,0,0,-0.003041227964808379,0,0,0,101325,100
80320000000,0,0,9.81,0,0,-0.001990780035676418,0,0,0,101325,100
80340000000,0,0,9.81,0,0,-0.004945905513871995,0,0,0,101325,100
80360000000,0,0,9.81,0,0,-0.0048563320628875585,0,0,0,101325,100
80380000000,0,0,9.81,0,0,-0.003359650438166018,0,0,0,101325,100
80400000000,0,0,9.81,0,0,-0.004402752668525903,0,0,0,101325,100
80420000000,0,0,9.81,0,0,-0.004693402106127062,0,0,0,101325,100
80440000000,0,0,9.81,0,0,-0.005625705657078843,0,0,0,101325,100
80460000000,0,0,9.81,0,0,-0.004067727944170549,0,0,0,101325,100
80480000000,0,0,9.81,0,0,-0.0029452296898501273,0,0,0,101325,100
80500000000,0,0,9.81,0,0,-0.00688082898956725,0,0,0,101325,100
80520000000,0,0,9.81,0,0,-0.004023056480860389,0,0,0,101325,100
80540000000,0,0,9.81,0,0,-0.0039061445884282005,0,0,0,101325,100
80560000000,0,0,9.81,0,0,-0.0033410628210111927,0,0,0,101325,100
80580000000,0,0,9.81,0,0,-0.0029023486646511413,0,0,0,101325,100
80600000000,0,0,9.81,0,0,-0.0049467467215625616,0,0,0,101325,100
80620000000,0,0,9.81,0,0,-0.002137764431786663,0,0,0,101325,100
80640000000,0,0,9.81,0,0,-0.004263166148225571,0,0,0,101325,100
80660000000,0,0,9.81,0,0,-0.003567408132109887,0,0,0,101325,100
80680000000,0,0,9.81,0,0,-0.002709901890481296,0,0,0,101325,100
80700000000,0,0,9.81,0,0,-0.0030547110327415125,0,0,0,101325,100
80720000000,0,0,9.81,0,0,-0.004038694227212343,0,0,0,101325,100
80740000000,0,0,9.81,0,0,-0.003324139545919826,0,0,0,101325,100
80760000000,0,0,9.81,0,0,-0.004540733260645858,0,0,0,101325,100
80780000000,0,0,9.81,0,0,-0.004448206272025829,0,0,0,101325,100
80800000000,0,0,9.81,0,0,-0.0037510840475413975,0,0,0,101325,100
80820000000,0,0,9.81,0,0,-0.005260688224970461,0,0,0,101325,100
80840000000,0,0,9.81,0,0,-0.004639643374552543,0,0,0,101325,100
80860000000,0,0,9.81,0,0,-0.0036922780541853817,0,0,0,101325,100
80880000000,0,0,9.81,0,0,-0.003242561718109467,0,0,0,101325,100
80900000000,0,0,9.81,0,0,-0.0020697231129474265,0,0,0,101325,100
80920000000,0,0,9.81,0,0,-0.005742108125244808,0,0,0,101325,100
80940000000,0,0,9.81,0,0,-0.0038370001940071915,0,0,0,101325,100
80960000000,0,0,9.81,0,0,-0.004639281489808982,0,0,0,101325,100
80980000000,0,0,9.81,0,0,-0.0054095348524279985,0,0,0,101325,100
81000000000,0,0,9.81,0,0,-0.0030498332584816676,0,0,0,101325,100
81020000000,0,0,9.81,0,0,-0.004535100280039018,0,0,0,101325,100
81040000000,0,0,9.81,0,0,-0.00309640746510522,0,0,0,101325,100
81060000000,0,0,9.81,0,0,-0.004734526866986202,0,0,0,101325,100
81080000000,0,0,9.81,0,0,-0.0045864730035643396,0,0,0,101325,100
81100000000,0,0,9.81,0,0,-0.004771425404443806,0,0,0,101325,100
81120000000,0,0,9.81,0,0,-0.0033412999126446975,0,0,0,101325,100
81140000000,0,0,9.81,0,0,-0.0038855259783800956,0,0,0,101325,100
81160000000,0,0,9.81,0,0,-0.004796753285116593,0,0,0,101325,100
81180000000,0,0,9.81,0,0,-0.0042170547972183075,0,0,0,101325,100
81200000000,0,0,9.81,0,0,-0.005421116316825561,0,0,0,101325,100
81220000000,0,0,9.81,0,0,-0.004131890464105547,0,0,0,101325,100
81240000000,0,0,9.81,0,0,-0.004572075275050251,0,0,0,101325,100
81260000000,0,0,9.81,0,0,-0.002960802445655282,0,0,0,101325,100
81280000000,0,0,9.81,0,0,-0.004480127807669636,0,0,0,101325,100
81300000000,0,0,9.81,0,0,-0.002989030073040186,0,0,0,101325,100
81320000000,0,0,9.81,0,0,-0.005199698988679045,0,0,0,101325,100
81340000000,0,0,9.81,0,0,-0.004862152422274763,0,0,0,101325,100
81360000000,0,0,9.81,0,0,-0.004226967168270862,0,0,0,101325,100
81380000000,0,0,9.81,0,0,-0.0035103218375335723,0,0,0,101325,100
81400000000,0,0,9.81,0,0,-0.0032194136043430604,0,0,0,101325,100
81420000000,0,0,9.81,0,0,-0.004721439914557037,0,0,0,101325,100
81440000000,0,0,9.81,0,0,-0.0031942006463327025,0,0,0,101325,100
81460000000,0,0,9.81,0,0,-0.004029640390637077,0,0,0,101325,100
81480000000,0,0,9.81,0,0,-0.002494969800005825,0,0,0,101325,100
81500000000,0,0,9.81,0,0,-0.002743449064809453,0,0,0,101325,100
81520000000,0,0,9.81,0,0,-0.003604551290864284,0,0,0,101325,100
81540000000,0,0,9.81,0,0,-0.003218615652884285,0,0,0,101325,100
81560000000,0,0,9.81,0,0,-0.004204163940405257,0,0,0,101325,100
81580000000,0,0,9.81,0,0,-0.005380616738276677,0,0,0,101325,100
81600000000,0,0,9.81,0,0,-0.003840022405326011,0,0,0,101325,100
81620000000,0,0,9.81,0,0,-0.005178223597382077,0,0,0,101325,100
81640000000,0,0,9.81,0,0,-0.004353770295965136,0,0,0,101325,100
81660000000,0,0,9.81,0,0,-0.005217855591235389,0,0,0,101325,100
81680000000,0,0,9.81,0,0,-0.003428020038416672,0,0,0,101325,100
81700000000,0,0,9.81,0,0,-0.004713205410996577,0,0,0,101325,100
81720000000,0,0,9.81,0,0,-0.004730127856318456,0,0,0,101325,100
81740000000,0,0,9.81,0,0,-0.0056724469558475064,0,0,0,101325,100
81760000000,0,0,9.81,0,0,-0.005269241440245766,0,0,0,101325,100
81780000000,0,0,9.81,0,0,-0.003863919278867,0,0,0,101325,100
81800000000,0,0,9.81,0,0,-0.003828685957382282,0,0,0,101325,100
81820000000,0,0,9.81,0,0,-0.003969576399787729,0,0,0,101325,100
81840000000,0,0,9.81,0,0,-0.003910784482612301,0,0,0,101325,100
81860000000,0,0,9.81,0,0,-0.0033293654141752665,0,0,0,101325,100
81880000000,0,0,9.81,0,0,-0.004045592405115472,0,0,0,101325,100
81900000000,0,0,9.81,0,0,-0.005020842346996604,0,0,0,101325,100
81920000000,0,0,9.81,0,0,-0.003809946805019477,0,0,0,101325,100
81940000000,0,0,9.81,0,0,-0.004324367423077488,0,0,0,101325,100
81960000000,0,0,9.81,0,0,-0.0027398736158165443,0,0,0,101325,100
81980000000,0,0,9.81,0,0,-0.005771480511098759,0,0,0,101325,100
82000000000,0,0,9.81,0,0,-0.004298656333048196,0,0,0,101325,100
82020000000,0,0,9.81,0,0,-0.00431344021707578,0,0,0,101325,100
82040000000,0,0,9.81,0,0,-0.0022171062239109193,0,0,0,101325,100
82060000000,0,0,9.81,0,0,-0.004469126110085412,0,0,0,101325,100
82080000000,0,0,9.81,0,0,-0.00572668495682928,0,0,0,101325,100
82100000000,0,0,9.81,0,0,-0.004038550257455055,0,0,0,101325,100
82120000000,0,0,9.81,0,0,-0.005421861780785665,0,0,0,101325,100
82140000000,0,0,9.81,0,0,-0.0031265817478464708,0,0,0,101325,100
82160000000,0,0,9.81,0,0,-0.003710838912198589,0,0,0,101325,100
82180000000,0,0,9.81,0,0,-0.004140488947068573,0,0,0,101325,100
82200000000,0,0,9.81,0,0,-0.004094250468121425,0,0,0,101325,100
82220000000,0,0,9.81,0,0,-0.004246974193499568,0,0,0,101325,100
82240000000,0,0,9.81,0,0,-0.004029529188442286,0,0,0,101325,100
82260000000,0,0,9.81,0,0,-0.005251298496972244,0,0,0,101325,100
82280000000,0,0,9.81,0,0,-0.0054554366626629845,0,0,0,101325,100
82300000000,0,0,9.81,0,0,-0.00409325267171207,0,0,0,101325,100
82320000000,0,0,9.81,0,0,-0.003532089476722697,0,0,0,101325,100
82340000000,0,0,9.81,0,0,-0.002217724447842544,0,0,0,101325,100
82360000000,0,0,9.81,0,0,-0.003612661615213529,0,0,0,101325,100
82380000000,0,0,9.81,0,0,-0.004237630395483154,0,0,0,101325,100
82400000000,0,0,9.81,0,0,-0.004216238208678914,0,0,0,101325,100
82420000000,0,0,9.81,0,0,-0.0034993717621949003,0,0,0,101325,100
82440000000,0,0,9.81,0,0,-0.003508642909848573,0,0,0,101325,100
82460000000,0,0,9.81,0,0,-0.003918303895016247,0,0,0,101325,100
82480000000,0,0,9.81,0,0,-0.002774611202168065,0,0,0,101325,100
82500000000,0,0,9.81,0,0,-0.0038717976782506637,0,0,0,101325,100
82520000000,0,0,9.81,0,0,-0.005322651896826108,0,0,0,101325,100
82540000000,0,0,9.81,0,0,-0.00436049043216723,0,0,0,101325,100
82560000000,0,0,9.81,0,0,-0.0045761289769867385,0,0,0,101325,100
82580000000,0,0,9.81,0,0,-0.004505223698376991,0,0,0,101325,100
82600000000,0,0,9.81,0,0,-0.00205713347008809,0,0,0,101325,100
82620000000,0,0,9.81,0,0,-0.005504155925520923,0,0,0,101325,100
82640000000,0,0,9.81,0,0,-0.00516821713656482,0,0,0,101325,100
82660000000,0,0,9.81,0,0,-0.003412663352728817,0,0,0,101325,100
82680000000,0,0,9.81,0,0,-0.004894087560183345,0,0,0,101325,100
82700000000,0,0,9.81,0,0,-0.0033908893617090852,0,0,0,101325,100
82720000000,0,0,9.81,0,0,-0.0030006130679240874,0,0,0,101325,100
82740000000,0,0,9.81,0,0,-0.004991088280879641,0,0,0,101325,100
82760000000,0,0,9.81,0,0,-0.004019265318147556,0,0,0,101325,100
82780000000,0,0,9.81,0,0,-0.004020708808328991,0,0,0,101325,100
82800000000,0,0,9.81,0,0,-0.005696145243445741,0,0,0,101325,100
82820000000,0,0,9.81,0,0,-0.004144279049451636,0,0,0,101325,100
82840000000,0,0,9.81,0,0,-0.00331880149981171,0,0,0,101325,100
82860000000,0,0,9.81,0,0,-0.0051107498234899355,0,0,0,101325,100
82880000000,0,0,9.81,0,0,-0.0027847533488981405,0,0,0,101325,100
82900000000,0,0,9.81,0,0,-0.00495083072455745,0,0,0,101325,100
82920000000,0,0,9.81,0,0,-0.002643444514323554,0,0,0,101325,100
82940000000,0,0,9.81,0,0,-0.00464141730316732,0,0,0,101325,100
82960000000,0,0,9.81,0,0,-0.004411651750703528,0,0,0,101325,100
82980000000,0,0,9.81,0,0,-0.004746339256597348,0,0,0,101325,100
83000000000,0,0,9.81,0,0,-0.0029808412262344267,0,0,0,101325,100
83020000000,0,0,9.81,0,0,-0.003785824993938389,0,0,0,101325,100
83040000000,0,0,9.81,0,0,-0.004337401499861954,0,0,0,101325,100
83060000000,0,0,9.81,0,0,-0.0036588839739777473,0,0,0,101325,100
83080000000,0,0,9.81,0,0,-0.004981497820342143,0,0,0,101325,100
83100000000,0,0,9.81,0,0,-0.004375527289616835,0,0,0,101325,100
83120000000,0,0,9.81,0,0,-0.0029720255508697106,0,0,0,101325,100
83140000000,0,0,9.81,0,0,-0.0035661753604133324,0,0,0,101325,100
83160000000,0,0,9.81,0,0,-0.00436628271243465,0,0,0,101325,100
83180000000,0,0,9.81,0,0,-0.004373766572148264,0,0,0,101325,100
83200000000,0,0,9.81,0,0,-0.0035012967195692073,0,0,0,101325,100
83220000000,0,0,9.81,0,0,-0.0044714842220226324,0,0,0,101325,100
83240000000,0,0,9.81,0,0,-0.004684363362491317,0,0,0,101325,100
83260000000,0,0,9.81,0,0,-0.00417733027886068,0,0,0,101325,100
83280000000,0,0,9.81,0,0,-0.0031343930785478077,0,0,0,101325,100
83300000000,0,0,9.81,0,0,-0.004222013353378021,0,0,0,101325,100
83320000000,0,0,9.81,0,0,-0.004628595418550642,0,0,0,101325,100
83340000000,0,0,9.81,0,0,-0.0041998521343846965,0,0,0,101325,100
83360000000,0,0,9.81,0,0,-0.0027135179211717334,0,0,0,101325,100
83380000000,0,0,9.81,0,0,-0.002240733497631382,0,0,0,101325,100
83400000000,0,0,9.81,0,0,-0.004240865404081513,0,0,0,101325,100
83420000000,0,0,9.81,0,0,-0.003329371068956098,0,0,0,101325,100
83440000000,0,0,9.81,0,0,-0.00447608882934417,0,0,0,101325,100
83460000000,0,0,9.81,0,0,-0.0026481858392748752,0,0,0,101325,100
83480000000,0,0,9.81,0,0,-0.004604856046230898,0,0,0,101325,100
83500000000,0,0,9.81,0,0,-0.003908818815214363,0,0,0,101325,100
83520000000,0,0,9.81,0,0,-0.004768933838784326,0,0,0,101325,100
83540000000,0,0,9.81,0,0,-0.004863296853729599,0,0,0,101325,100
83560000000,0,0,9.81,0,0,-0.002615090865748091,0,0,0,101325,100
83580000000,0,0,9.81,0,0,-0.0034769567561371384,0,0,0,101325,100
83600000000,0,0,9.81,0,0,-0.002679710258038117,0,0,0,101325,100
83620000000,0,0,9.81,0,0,-0.004332883671913227,0,0,0,101325,100
83640000000,0,0,9.81,0,0,-0.004049097787219544,0,0,0,101325,100
83660000000,0,0,9.81,0,0,-0.004113046332543194,0,0,0,101325,100
83680000000,0,0,9.81,0,0,-0.003284934230416706,0,0,0,101325,100
83700000000,0,0,9.81,0,0,-0.003453417367927726,0,0,0,101325,100
83720000000,0,0,9.81,0,0,-0.00364730933310133,0,0,0,101325,100
83740000000,0,0,9.81,0,0,-0.0033096531887654083,0,0,0,101325,100
83760000000,0,0,9.81,0,0,-0.003307842590513176,0,0,0,101325,100
83780000000,0,0,9.81,0,0,-0.0026847433853297666,0,0,0,101325,100
83800000000,0,0,9.81,0,0,-0.00320528441377289,0,0,0,101325,100
83820000000,0,0,9.81,0,0,-0.005506849140556848,0,0,0,101325,100
83840000000,0,0,9.81,0,0,-0.004823201757421883,0,0,0,101325,100
83860000000,0,0,9.81,0,0,-0.003406023725761413,0,0,0,101325,100
83880000000,0,0,9.81,0,0,-0.0039424147125644,0,0,0,101325,100
83900000000,0,0,9.81,0,0,-0.00400879767449951,0,0,0,101325,100
83920000000,0,0,9.81,0,0,-0.003914225895410671,0,0,0,101325,100
83940000000,0,0,9.81,0,0,-0.004163862118010966,0,0,0,101325,100
83960000000,0,0,9.81,0,0,-0.005056891627711689,0,0,0,101325,100
83980000000,0,0,9.81,0,0,-0.003396663966057453,0,0,0,101325,100
84000000000,0,0,9.81,0,0,-0.006307167549036931,0,0,0,101325,100
84020000000,0,0,9.81,0,0,-0.0037763595653070923,0,0,0,101325,100
84040000000,0,0,9.81,0,0,-0.004608490105138627,0,0,0,101325,100
84060000000,0,0,9.81,0,0,-0.0048291845448645565,0,0,0,101325,100
84080000000,0,0,9.81,0,0,-0.005075589318078787,0,0,0,101325,100
84100000000,0,0,9.81,0,0,-0.003776221809628857,0,0,0,101325,100
84120000000,0,0,9.81,0,0,-0.0032194337184276198,0,0,0,101325,100
84140000000,0,0,9.81,0,0,-0.0036328440750087202,0,0,0,101325,100
84160000000,0,0,9.81,0,0,-0.004447821564906653,0,0,0,101325,100
84180000000,0,0,9.81,0,0,-0.00463408342836337,0,0,0,101325,100
84200000000,0,0,9.81,0,0,-0.005083720094162135,0,0,0,101325,100
84220000000,0,0,9.81,0,0,-0.004145575683168108,0,0,0,101325,100
84240000000,0,0,9.81,0,0,-0.004926100531600352,0,0,0,101325,100
84260000000,0,0,9.81,0,0,-0.004256037052382195,0,0,0,101325,100
84280000000,0,0,9.81,0,0,-0.004619128608415333,0,0,0,101325,100
84300000000,0,0,9.81,0,0,-0.00506829435824316,0,0,0,101325,100
84320000000,0,0,9.81,0,0,-0.0038670103880453005,0,0,0,101325,100
84340000000,0,0,9.81,0,0,-0.0036084919887211337,0,0,0,101325,100
84360000000,0,0,9.81,0,0,-0.0030819669801368634,0,0,0,101325,100
84380000000,0,0,9.81,0,0,-0.005204852686180942,0,0,0,101325,100
84400000000,0,0,9.81,0,0,-0.004605673106853448,0,0,0,101325,100
84420000000,0,0,9.81,0,0,-0.00467443435588794,0,0,0,101325,100
84440000000,0,0,9.81,0,0,-0.004706176596528488,0,0,0,101325,100
84460000000,0,0,9.81,0,0,-0.006234983700312256,0,0,0,101325,100
84480000000,0,0,9.81,0,0,-0.004789339566708087,0,0,0,101325,100
84500000000,0,0,9.81,0,0,-0.004201179831591725,0,0,0,101325,100
84520000000,0,0,9.81,0,0,-0.0038588644140024365,0,0,0,101325,100
84540000000,0,0,9.81,0,0,-0.0027241965528162714,0,0,0,101325,100
84560000000,0,0,9.81,0,0,-0.005521948136707339,0,0,0,101325,100
84580000000,0,0,9.81,0,0,-0.004641890354849658,0,0,0,101325,100
84600000000,0,0,9.81,0,0,-0.004483555408650729,0,0,0,101325,100
84620000000,0,0,9.81,0,0,-0.003972117179128628,0,0,0,101325,100
84640000000,0,0,9.81,0,0,-0.004937195385394065,0,0,0,101325,100
84660000000,0,0,9.81,0,0,-0.00433855549905341,0,0,0,101325,100
84680000000,0,0,9.81,0,0,-0.005431622814841004,0,0,0,101325,100
84700000000,0,0,9.81,0,0,-0.0051159376535737785,0,0,0,101325,100
84720000000,0,0,9.81,0,0,-0.003633005982076404,0,0,0,101325,100
84740000000,0,0,9.81,0,0,-0.00439871030835248,0,0,0,101325,100
84760000000,0,0,9.81,0,0,-0.004934991702533984,0,0,0,101325,100
84780000000,0,0,9.81,0,0,-0.004812106048844207,0,0,0,101325,100
84800000000,0,0,9.81,0,0,-0.003895119740014263,0,0,0,101325,100
84820000000,0,0,9.81,0,0,-0.005572006225345179,0,0,0,101325,100
84840000000,0,0,9.81,0,0,-0.0013046857056112347,0,0,0,101325,100
84860000000,0,0,9.81,0,0,-0.004090129145364292,0,0,0,101325,100
84880000000,0,0,9.81,0,0,-0.0046900734081548184,0,0,0,101325,100
84900000000,0,0,9.81,0,0,-0.005331905261524236,0,0,0,101325,100
84920000000,0,0,9.81,0,0,-0.0027900380255554353,0,0,0,101325,100
84940000000,0,0,9.81,0,0,-0.003922321392515497,0,0,0,101325,100
84960000000,0,0,9.81,0,0,-0.005041334539007615,0,0,0,101325,100
84980000000,0,0,9.81,0,0,-0.004808555975343304,0,0,0,101325,100
85000000000,0,0,9.81,0,0,-0.005071612899696495,0,0,0,101325,100
85020000000,0,0,9.81,0,0,-0.004869788171464091,0,0,0,101325,100
85040000000,0,0,9.81,0,0,-0.005160371863578342,0,0,0,101325,100
85060000000,0,0,9.81,0,0,-0.0032347288912471495,0,0,0,101325,100
85080000000,0,0,9.81,0,0,-0.003165687432583083,0,0,0,101325,100
85100000000,0,0,9.81,0,0,-0.003663185826027776,0,0,0,101325,100
85120000000,0,0,9.81,0,0,-0.005676074021697056,0,0,0,101325,100
85140000000,0,0,9.81,0,0,-0.004831166366250051,0,0,0,101325,100
85160000000,0,0,9.81,0,0,-0.0030487648740797693,0,0,0,101325,100
85180000000,0,0,9.81,0,0,-0.004748094805117434,0,0,0,101325,100
85200000000,0,0,9.81,0,0,-0.0031825971343616864,0,0,0,101325,100
85220000000,0,0,9.81,0,0,-0.003998131030095747,0,0,0,101325,100
85240000000,0,0,9.81,0,0,-0.00498581142432049,0,0,0,101325,100
85260000000,0,0,9.81,0,0,-0.0033857864888383643,0,0,0,101325,100
85280000000,0,0,9.81,0,0,-0.003819539330419984,0,0,0,101325,100
85300000000,0,0,9.81,0,0,-0.003690367468409197,0,0,0,101325,100
85320000000,0,0,9.81,0,0,-0.00333150821348447,0,0,0,101325,100
85340000000,0,0,9.81,0,0,-0.0031701214300944905,0,0,0,101325,100
85360000000,0,0,9.81,0,0,-0.00515351723276675,0,0,0,101325,100
85380000000,0,0,9.81,0,0,-0.0044333086238748,0,0,0,101325,100
85400000000,0,0,9.81,0,0,-0.00480873091353822,0,0,0,101325,100
85420000000,0,0,9.81,0,0,-0.005875825907306198,0,0,0,101325,100
85440000000,0,0,9.81,0,0,-0.004186067343213866,0,0,0,101325,100
85460000000,0,0,9.81,0,0,-0.003017996828061473,0,0,0,101325,100
85480000000,0,0,9.81,0,0,-0.004483175059916389,0,0,0,101325,100
85500000000,0,0,9.81,0,0,-0.002467717396759972,0,0,0,101325,100
85520000000,0,0,9.81,0,0,-0.003861433357990156,0,0,0,101325,100
85540000000,0,0,9.81,0,0,-0.003585826478523316,0,0,0,101325,100
85560000000,0,0,9.81,0,0,-0.0037103048716069127,0,0,0,101325,100
85580000000,0,0,9.81,0,0,-0.004533678840339071,0,0,0,101325,100
85600000000,0,0,9.81,0,0,-0.003142088753323625,0,0,0,101325,100
85620000000,0,0,9.81,0,0,-0.003772388382195201,0,0,0,101325,100
85640000000,0,0,9.81,0,0,-0.005326400878474067,0,0,0,101325,100
85660000000,0,0,9.81,0,0,-0.004189041387790241,0,0,0,101325,100
85680000000,0,0,9.81,0,0,-0.003781555384321138,0,0,0,101325,100
85700000000,0,0,9.81,0,0,-0.0037381834445342115,0,0,0,101325,100
85720000000,0,0,9.81,0,0,-0.0032072972667114607,0,0,0,101325,100
85740000000,0,0,9.81,0,0,-0.0044778277254380865,0,0,0,101325,100
85760000000,0,0,9.81,0,0,-0.003096127930569718,0,0,0,101325,100
85780000000,0,0,9.81,0,0,-0.003738147171052189,0,0,0,101325,100
85800000000,0,0,9.81,0,0,-0.003004557887962977,0,0,0,101325,100
85820000000,0,0,9.81,0,0,-0.00485515981001108,0,0,0,101325,100
85840000000,0,0,9.81,0,0,-0.00428696606312037,0,0,0,101325,100
85860000000,0,0,9.81,0,0,-0.006062033318781478,0,0,0,101325,100
85880000000,0,0,9.81,0,0,-0.0037055647404391147,0,0,0,101325,100
85900000000,0,0,9.81,0,0,-0.0032424913921155663,0,0,0,101325,100
85920000000,0,0,9.81,0,0,-0.005830150974080978,0,0,0,101325,100
85940000000,0,0,9.81,0,0,-0.0038210618940762477,0,0,0,101325,100
85960000000,0,0,9.81,0,0,-0.003550041875732365,0,0,0,101325,100
85980000000,0,0,9.81,0,0,-0.003744232342492994,0,0,0,101325,100
86000000000,0,0,9.81,0,0,-0.003906449275733563,0,0,0,101325,100
86020000000,0,0,9.81,0,0,-0.0047107264218200495,0,0,0,101325,100
86040000000,0,0,9.81,0,0,-0.0048164641190570805,0,0,0,101325,100
86060000000,0,0,9.81,0,0,-0.004638446424049708,0,0,0,101325,100
86080000000,0,0,9.81,0,0,-0.003504107734034389,0,0,0,101325,100
86100000000,0,0,9.81,0,0,-0.0034456201216953603,0,0,0,101325,100
86120000000,0,0,9.81,0,0,-0.0040273828976090074,0,0,0,101325,100
86140000000,0,0,9.81,0,0,-0.0031243045835115,0,0,0,101325,100
86160000000,0,0,9.81,0,0,-0.003163199531497932,0,0,0,101325,100
86180000000,0,0,9.81,0,0,-0.0037265827918510014,0,0,0,101325,100
86200000000,0,0,9.81,0,0,-0.0034852908938592443,0,0,0,101325,100
86220000000,0,0,9.81,0,0,-0.005787770952960658,0,0,0,101325,100
86240000000,0,0,9.81,0,0,-0.0034389453226506437,0,0,0,101325,100
86260000000,0,0,9.81,0,0,-0.003531237782173344,0,0,0,101325,100
86280000000,0,0,9.81,0,0,-0.0036309275256020076,0,0,0,101325,100
86300000000,0,0,9.81,0,0,-0.0033277474714901696,0,0,0,101325,100
86320000000,0,0,9.81,0,0,-0.004349553246385986,0,0,0,101325,100
86340000000,0,0,9.81,0,0,-0.002898058327937529,0,0,0,101325,100
86360000000,0,0,9.81,0,0,-0.0031728590521357338,0,0,0,101325,100
86380000000,0,0,9.81,0,0,-0.004297683684968981,0,0,0,101325,100
86400000000,0,0,9.81,0,0,-0.0030859221009101115,0,0,0,101325,100
86420000000,0,0,9.81,0,0,-0.004007356204454936,0,0,0,101325,100
86440000000,0,0,9.81,0,0,-0.004683035414080061,0,0,0,101325,100
86460000000,0,0,9.81,0,0,-0.003996827466346152,0,0,0,101325,100
86480000000,0,0,9.81,0,0,-0.00406386528994644,0,0,0,101325,100
86500000000,0,0,9.81,0,0,-0.0063130925226240996,0,0,0,101325,100
86520000000,0,0,9.81,0,0,-0.004629619980069082,0,0,0,101325,100
86540000000,0,0,9.81,0,0,-0.005367611540254806,0,0,0,101325,100
86560000000,0,0,9.81,0,0,-0.003139706502206948,0,0,0,101325,100
86580000000,0,0,9.81,0,0,-0.004647603896931044,0,0,0,101325,100
86600000000,0,0,9.81,0,0,-0.003830280240708961,0,0,0,101325,100
86620000000,0,0,9.81,0,0,-0.002610553736817309,0,0,0,101325,100
86640000000,0,0,9.81,0,0,-0.004397229140774352,0,0,0,101325,100
86660000000,0,0,9.81,0,0,-0.0036909975575755865,0,0,0,101325,100
86680000000,0,0,9.81,0,0,-0.004209959305757205,0,0,0,101325,100
86700000000,0,0,9.81,0,0,-0.004861585528883003,0,0,0,101325,100
86720000000,0,0,9.81,0,0,-0.004368482878357209,0,0,0,101325,100
86740000000,0,0,9.81,0,0,-0.0038984228036191555,0,0,0,101325,100
86760000000,0,0,9.81,0,0,-0.0034027442862310693,0,0,0,101325,100
86780000000,0,0,9.81,0,0,-0.004161152169939989,0,0,0,101325,100
86800000000,0,0,9.81,0,0,-0.0038503235516602814,0,0,0,101325,100
86820000000,0,0,9.81,0,0,-0.005018497773560026,0,0,0,101325,100
86840000000,0,0,9.81,0,0,-0.005060641765184313,0,0,0,101325,100
86860000000,0,0,9.81,0,0,-0.0025647048471163546,0,0,0,101325,100
86880000000,0,0,9.81,0,0,-0.004200544402725968,0,0,0,101325,100
86900000000,0,0,9.81,0,0,-0.0038853257668035584,0,0,0,101325,100
86920000000,0,0,9.81,0,0,-0.004826424228669274,0,0,0,101325,100
86940000000,0,0,9.81,0,0,-0.005749535013362444,0,0,0,101325,100
86960000000,0,0,9.81,0,0,-0.004984390481151697,0,0,0,101325,100
86980000000,0,0,9.81,0,0,-0.0034010266025331494,0,0,0,101325,100
87000000000,0,0,9.81,0,0,-0.004801379843890131,0,0,0,101325,100
87020000000,0,0,9.81,0,0,-0.0035527253958971628,0,0,0,101325,100
87040000000,0,0,9.81,0,0,-0.004319257035503315,0,0,0,101325,100
87060000000,0,0,9.81,0,0,-0.0037603573244816588,0,0,0,101325,100
87080000000,0,0,9.81,0,0,-0.005075784305358849,0,0,0,101325,100
87100000000,0,0,9.81,0,0,-0.003923439844519985,0,0,0,101325,100
87120000000,0,0,9.81,0,0,-0.0046701265454116535,0,0,0,101325,100
87140000000,0,0,9.81,0,0,-0.00353286289129937,0,0,0,101325,100
87160000000,0,0,9.81,0,0,-0.005273064893128121,0,0,0,101325,100
87180000000,0,0,9.81,0,0,-0.003527732448517654,0,0,0,101325,100
87200000000,0,0,9.81,0,0,-0.003954243270334937,0,0,0,101325,100
87220000000,0,0,9.81,0,0,-0.005834652784089149,0,0,0,101325,100
87240000000,0,0,9.81,0,0,-0.003406328589629011,0,0,0,101325,100
87260000000,0,0,9.81,0,0,-0.004557294071714881,0,0,0,101325,100
87280000000,0,0,9.81,0,0,-0.0039635481093754825,0,0,0,101325,100
87300000000,0,0,9.81,0,0,-0.005247864142627132,0,0,0,101325,100
87320000000,0,0,9.81,0,0,-0.004977007888163276,0,0,0,101325,100
87340000000,0,0,9.81,0,0,-0.0024956287284858625,0,0,0,101325,100
87360000000,0,0,9.81,0,0,-0.004617355472752595,0,0,0,101325,100
87380000000,0,0,9.81,0,0,-0.0037845752601336964,0,0,0,101325,100
87400000000,0,0,9.81,0,0,-0.002597247521123551,0,0,0,101325,100
87420000000,0,0,9.81,0,0,-0.004781348981294032,0,0,0,101325,100
87440000000,0,0,9.81,0,0,-0.005268475999397139,0,0,0,101325,100
87460000000,0,0,9.81,0,0,-0.0030488020974799297,0,0,0,101325,100
87480000000,0,0,9.81,0,0,-0.004541969832973106,0,0,0,101325,100
87500000000,0,0,9.81,0,0,-0.0032495767265102032,0,0,0,101325,100
87520000000,0,0,9.81,0,0,-0.005492934211615435,0,0,0,101325,100
87540000000,0,0,9.81,0,0,-0.00521114334176926,0,0,0,101325,100
87560000000,0,0,9.81,0,0,-0.0031807031378155563,0,0,0,101325,100
87580000000,0,0,9.81,0,0,-0.004537727225683303,0,0,0,101325,100
87600000000,0,0,9.81,0,0,-0.0024359039785890584,0,0,0,101325,100
87620000000,0,0,9.81,0,0,-0.0048167526204330405,0,0,0,101325,100
87640000000,0,0,9.81,0,0,0.3552157858771056,0,0,0,101325,100
87660000000,0,0,9.81,0,0,0.3540822113245999,0,0,0,101325,100
87680000000,0,0,9.81,0,0,0.3545429930344832,0,0,0,101325,100
87700000000,0,0,9.81,0,0,0.3547231256552245,0,0,0,101325,100
87720000000,0,0,9.81,0,0,0.35471898289852805,0,0,0,101325,100
87740000000,0,0,9.81,0,0,0.3539950201106914,0,0,0,101325,100
87760000000,0,0,9.81,0,0,0.3557796805038225,0,0,0,101325,100
87780000000,0,0,9.81,0,0,0.355413264073406,0,0,0,101325,100
87800000000,0,0,9.81,0,0,0.3553529200157728,0,0,0,101325,100
87820000000,0,0,9.81,0,0,0.3557895787867369,0,0,0,101325,100
87840000000,0,0,9.81,0,0,0.3556548198836032,0,0,0,101325,100
87860000000,0,0,9.81,0,0,0.35626316732576657,0,0,0,101325,100
87880000000,0,0,9.81,0,0,0.35476092403205967,0,0,0,101325,100
87900000000,0,0,9.81,0,0,0.3559470675501602,0,0,0,101325,100
87920000000,0,0,9.81,0,0,0.3541519127163283,0,0,0,101325,100
87940000000,0,0,9.81,0,0,0.3557673206791363,0,0,0,101325,100
87960000000,0,0,9.81,0,0,0.35513195331030717,0,0,0,101325,100
87980000000,0,0,9.81,0,0,0.35489119662734936,0,0,0,101325,100
88000000000,0,0,9.81,0,0,0.3552936959267635,0,0,0,101325,100
88020000000,0,0,9.81,0,0,0.355763982410483,0,0,0,101325,100
88040000000,0,0,9.81,0,0,0.3560931318423317,0,0,0,101325,100
88060000000,0,0,9.81,0,0,0.35239136860444753,0,0,0,101325,100
88080000000,0,0,9.81,0,0,0.35455389537157145,0,0,0,101325,100
88100000000,0,0,9.81,0,0,0.35495640062431977,0,0,0,101325,100
88120000000,0,0,9.81,0,0,0.3539799292881395,0,0,0,101325,100
88140000000,0,0,9.81,0,0,0.35498701879326394,0,0,0,101325,100
88160000000,0,0,9.81,0,0,0.3576457811326567,0,0,0,101325,100
88180000000,0,0,9.81,0,0,0.3556824988255767,0,0,0,101325,100
88200000000,0,0,9.81,0,0,0.35455804734723895,0,0,0,101325,100
88220000000,0,0,9.81,0,0,0.35502934673741227,0,0,0,101325,100
88240000000,0,0,9.81,0,0,0.35520697233753457,0,0,0,101325,100
88260000000,0,0,9.81,0,0,0.3555667731660355,0,0,0,101325,100
88280000000,0,0,9.81,0,0,0.35445975304370836,0,0,0,101325,100
88300000000,0,0,9.81,0,0,0.35573494874609335,0,0,0,101325,100
88320000000,0,0,9.81,0,0,0.3539257955722379,0,0,0,101325,100
88340000000,0,0,9.81,0,0,0.3575061644915599,0,0,0,101325,100
88360000000,0,0,9.81,0,0,0.35639528223918365,0,0,0,101325,100
88380000000,0,0,9.81,0,0,0.35544763274918895,0,0,0,101325,100
88400000000,0,0,9.81,0,0,0.3558742653409693,0,0,0,101325,100
88420000000,0,0,9.81,0,0,0.3552998125663951,0,0,0,101325,100
88440000000,0,0,9.81,0,0,0.3553489638024388,0,0,0,101325,100
88460000000,0,0,9.81,0,0,0.3545584932728736,0,0,0,101325,100
88480000000,0,0,9.81,0,0,0.3550161494766902,0,0,0,101325,100
88500000000,0,0,9.81,0,0,0.3541200571053188,0,0,0,101325,100
88520000000,0,0,9.81,0,0,0.35479369247558823,0,0,0,101325,100
88540000000,0,0,9.81,0,0,0.35636531127016235,0,0,0,101325,100
88560000000,0,0,9.81,0,0,0.3540496094365666,0,0,0,101325,100
88580000000,0,0,9.81,0,0,0.35720064312669664,0,0,0,101325,100
88600000000,0,0,9.81,0,0,0.35444829170884495,0,0,0,101325,100
88620000000,0,0,9.81,0,0,0.35542390242159866,0,0,0,101325,100
88640000000,0,0,9.81,0,0,0.35433481027636726,0,0,0,101325,100
88660000000,0,0,9.81,0,0,0.35489677937330744,0,0,0,101325,100
88680000000,0,0,9.81,0,0,0.35551101029134907,0,0,0,101325,100
88700000000,0,0,9.81,0,0,0.3538244995497905,0,0,0,101325,100
88720000000,0,0,9.81,0,0,0.3546919913458936,0,0,0,101325,100
88740000000,0,0,9.81,0,0,0.35428004018474096,0,0,0,101325,100
88760000000,0,0,9.81,0,0,0.3546928501340314,0,0,0,101325,100
88780000000,0,0,9.81,0,0,0.3548677380534137,0,0,0,101325,100
88800000000,0,0,9.81,0,0,0.3545208848140403,0,0,0,101325,100
88820000000,0,0,9.81,0,0,0.354145837435434,0,0,0,101325,100
88840000000,0,0,9.81,0,0,0.3543095382121705,0,0,0,101325,100
88860000000,0,0,9.81,0,0,0.35309095633277116,0,0,0,101325,100
88880000000,0,0,9.81,0,0,0.355956376274436,0,0,0,101325,100
88900000000,0,0,9.81,0,0,0.35519289206605736,0,0,0,101325,100
88920000000,0,0,9.81,0,0,0.35645736881153844,0,0,0,101325,100
88940000000,0,0,9.81,0,0,0.35601559333466376,0,0,0,101325,100
88960000000,0,0,9.81,0,0,0.35441580150469254,0,0,0,101325,100
88980000000,0,0,9.81,0,0,0.3526578980432955,0,0,0,101325,100
89000000000,0,0,9.81,0,0,0.35598816335723277,0,0,0,101325,100
89020000000,0,0,9.81,0,0,0.3556679175775922,0,0,0,101325,100
89040000000,0,0,9.81,0,0,0.3551315924314891,0,0,0,101325,100
89060000000,0,0,9.81,0,0,0.3539172577829562,0,0,0,101325,100
89080000000,0,0,9.81,0,0,0.35558809374365946,0,0,0,101325,100
89100000000,0,0,9.81,0,0,0.35466598317298,0,0,0,101325,100
89120000000,0,0,9.81,0,0,0.3544148763229893,0,0,0,101325,100
89140000000,0,0,9.81,0,0,0.35367133310313265,0,0,0,101325,100
89160000000,0,0,9.81,0,0,0.35490023010879945,0,0,0,101325,100
89180000000,0,0,9.81,0,0,0.3555848732390745,0,0,0,101325,100
89200000000,0,0,9.81,0,0,0.35613078418721833,0,0,0,101325,100
89220000000,0,0,9.81,0,0,0.3541936345136147,0,0,0,101325,100
89240000000,0,0,9.81,0,0,0.35554538922667145,0,0,0,101325,100
89260000000,0,0,9.81,0,0,0.35467049404206824,0,0,0,101325,100
89280000000,0,0,9.81,0,0,0.3541853544071079,0,0,0,101325,100
89300000000,0,0,9.81,0,0,0.3553695995992131,0,0,0,101325,100
89320000000,0,0,9.81,0,0,0.3561046609216267,0,0,0,101325,100
89340000000,0,0,9.81,0,0,0.35362667953086907,0,0,0,101325,100
89360000000,0,0,9.81,0,0,0.3567087091069488,0,0,0,101325,100
89380000000,0,0,9.81,0,0,0.3544059737134578,0,0,0,101325,100
89400000000,0,0,9.81,0,0,0.35456839779426164,0,0,0,101325,100
89420000000,0,0,9.81,0,0,0.355795234173835,0,0,0,101325,100
89440000000,0,0,9.81,0,0,0.35729230307934495,0,0,0,101325,100
89460000000,0,0,9.81,0,0,0.3555112459638983,0,0,0,101325,100
89480000000,0,0,9.81,0,0,0.35562679220749266,0,0,0,101325,100
89500000000,0,0,9.81,0,0,0.354837819833268,0,0,0,101325,100
89520000000,0,0,9.81,0,0,0.3545949762234963,0,0,0,101325,100
89540000000,0,0,9.81,0,0,0.356588154900963,0,0,0,101325,100
89560000000,0,0,9.81,0,0,0.3564495544940546,0,0,0,101325,100
89580000000,0,0,9.81,0,0,0.35496633202384487,0,0,0,101325,100
89600000000,0,0,9.81,0,0,0.35476054057393525,0,0,0,101325,100
89620000000,0,0,9.81,0,0,0.3544979623849158,0,0,0,101325,100
89640000000,0,0,9.81,0,0,0.35459981572576743,0,0,0,101325,100
89660000000,0,0,9.81,0,0,0.3556975878296401,0,0,0,101325,100
89680000000,0,0,9.81,0,0,0.35455510082121483,0,0,0,101325,100
89700000000,0,0,9.81,0,0,0.3549132683288004,0,0,0,101325,100
89720000000,0,0,9.81,0,0,0.3543344428922289,0,0,0,101325,100
89740000000,0,0,9.81,0,0,0.3560332107859011,0,0,0,101325,100
89760000000,0,0,9.81,0,0,0.3555128332430897,0,0,0,101325,100
89780000000,0,0,9.81,0,0,0.3564289745474107,0,0,0,101325,100
89800000000,0,0,9.81,0,0,0.3545200061666482,0,0,0,101325,100
89820000000,0,0,9.81,0,0,0.3543624525957242,0,0,0,101325,100
89840000000,0,0,9.81,0,0,0.3551534653985365,0,0,0,101325,100
89860000000,0,0,9.81,0,0,0.35668056629683326,0,0,0,101325,100
89880000000,0,0,9.81,0,0,0.3550132454518216,0,0,0,101325,100
89900000000,0,0,9.81,0,0,0.3555905977812177,0,0,0,101325,100
89920000000,0,0,9.81,0,0,0.35373761096489675,0,0,0,101325,100
89940000000,0,0,9.81,0,0,0.35432542741173323,0,0,0,101325,100
89960000000,0,0,9.81,0,0,0.3544878316376303,0,0,0,101325,100
89980000000,0,0,9.81,0,0,0.3560845337049067,0,0,0,101325,100
90000000000,0,0,9.81,0,0,0.35391149700855523,0,0,0,101325,100
90020000000,0,0,9.81,0,0,0.3536774665728965,0,0,0,101325,100
90040000000,0,0,9.81,0,0,0.3552416745736558,0,0,0,101325,100
90060000000,0,0,9.81,0,0,0.3541847186531331,0,0,0,101325,100
90080000000,0,0,9.81,0,0,0.3549383827356398,0,0,0,101325,100
90100000000,0,0,9.81,0,0,0.3552479241094818,0,0,0,101325,100
90120000000,0,0,9.81,0,0,0.35456271272748136,0,0,0,101325,100
90140000000,0,0,9.81,0,0,0.3557546099410405,0,0,0,101325,100
90160000000,0,0,9.81,0,0,0.3558071957288181,0,0,0,101325,100
90180000000,0,0,9.81,0,0,0.35574185314254386,0,0,0,101325,100
90200000000,0,0,9.81,0,0,0.3563046891774807,0,0,0,101325,100
90220000000,0,0,9.81,0,0,0.35511076938707475,0,0,0,101325,100
90240000000,0,0,9.81,0,0,0.3554505990012259,0,0,0,101325,100
90260000000,0,0,9.81,0,0,0.3556939928675837,0,0,0,101325,100
90280000000,0,0,9.81,0,0,0.35541983227014445,0,0,0,101325,100
90300000000,0,0,9.81,0,0,0.3554224353215279,0,0,0,101325,100
90320000000,0,0,9.81,0,0,0.3543570262365496,0,0,0,101325,100
90340000000,0,0,9.81,0,0,0.356285964533148,0,0,0,101325,100
90360000000,0,0,9.81,0,0,0.35451626432540106,0,0,0,101325,100
90380000000,0,0,9.81,0,0,0.35445699826290533,0,0,0,101325,100
90400000000,0,0,9.81,0,0,0.35414397130022923,0,0,0,101325,100
90420000000,0,0,9.81,0,0,0.355317216414635,0,0,0,101325,100
90440000000,0,0,9.81,0,0,0.3545193289963455,0,0,0,101325,100
90460000000,0,0,9.81,0,0,0.3546054317426439,0,0,0,101325,100
90480000000,0,0,9.81,0,0,0.35565511619007795,0,0,0,101325,100
90500000000,0,0,9.81,0,0,0.3538472135427353,0,0,0,101325,100
90520000000,0,0,9.81,0,0,0.35600142335788676,0,0,0,101325,100
90540000000,0,0,9.81,0,0,0.3555159105368295,0,0,0,101325,100
90560000000,0,0,9.81,0,0,0.3535507237100507,0,0,0,101325,100
90580000000,0,0,9.81,0,0,0.35633878171203526,0,0,0,101325,100
90600000000,0,0,9.81,0,0,0.35480575980193985,0,0,0,101325,100
90620000000,0,0,9.81,0,0,0.3555476436120309,0,0,0,101325,100
90640000000,0,0,9.81,0,0,0.35540312156921094,0,0,0,101325,100
90660000000,0,0,9.81,0,0,0.3530333526441997,0,0,0,101325,100
90680000000,0,0,9.81,0,0,0.3560814712388486,0,0,0,101325,100
90700000000,0,0,9.81,0,0,0.35421441145097005,0,0,0,101325,100
90720000000,0,0,9.81,0,0,0.35503516537667607,0,0,0,101325,100
90740000000,0,0,9.81,0,0,0.35475721503046875,0,0,0,101325,100
90760000000,0,0,9.81,0,0,0.35682024746497576,0,0,0,101325,100
90780000000,0,0,9.81,0,0,0.35644463568583307,0,0,0,101325,100
90800000000,0,0,9.81,0,0,0.3554359345455049,0,0,0,101325,100
90820000000,0,0,9.81,0,0,0.35544843279661176,0,0,0,101325,100
90840000000,0,0,9.81,0,0,0.35484610608786477,0,0,0,101325,100
90860000000,0,0,9.81,0,0,0.354749592761928,0,0,0,101325,100
90880000000,0,0,9.81,0,0,0.3540520302001542,0,0,0,101325,100
90900000000,0,0,9.81,0,0,0.3542768560724136,0,0,0,101325,100
90920000000,0,0,9.81,0,0,0.35473959813198513,0,0,0,101325,100
90940000000,0,0,9.81,0,0,0.35326690136063654,0,0,0,101325,100
90960000000,0,0,9.81,0,0,0.3555503915018894,0,0,0,101325,100
90980000000,0,0,9.81,0,0,0.35338368159710304,0,0,0,101325,100
91000000000,0,0,9.81,0,0,0.35609002497092473,0,0,0,101325,100
91020000000,0,0,9.81,0,0,0.3562303354736428,0,0,0,101325,100
91040000000,0,0,9.81,0,0,0.35504821242418644,0,0,0,101325,100
91060000000,0,0,9.81,0,0,0.3560588777996111,0,0,0,101325,100
91080000000,0,0,9.81,0,0,0.35624242214203394,0,0,0,101325,100
91100000000,0,0,9.81,0,0,0.35453435737427097,0,0,0,101325,100
91120000000,0,0,9.81,0,0,0.35538318357629434,0,0,0,101325,100
91140000000,0,0,9.81,0,0,0.3555800096778184,0,0,0,101325,100
91160000000,0,0,9.81,0,0,0.35478129531589103,0,0,0,101325,100
91180000000,0,0,9.81,0,0,0.35376524094772266,0,0,0,101325,100
91200000000,0,0,9.81,0,0,0.3551509258007276,0,0,0,101325,100
91220000000,0,0,9.81,0,0,0.35549434365985494,0,0,0,101325,100
91240000000,0,0,9.81,0,0,0.35529933000867564,0,0,0,101325,100
91260000000,0,0,9.81,0,0,0.35599818071764633,0,0,0,101325,100
91280000000,0,0,9.81,0,0,0.35560513689444384,0,0,0,101325,100
91300000000,0,0,9.81,0,0,0.35404915176191987,0,0,0,101325,100
91320000000,0,0,9.81,0,0,0.3545021563579598,0,0,0,101325,100
91340000000,0,0,9.81,0,0,0.3556233761746902,0,0,0,101325,100
91360000000,0,0,9.81,0,0,0.35625437737725896,0,0,0,101325,100
91380000000,0,0,9.81,0,0,0.35652477223566925,0,0,0,101325,100
91400000000,0,0,9.81,0,0,0.35475526411950303,0,0,0,101325,100
91420000000,0,0,9.81,0,0,0.3573220663134751,0,0,0,101325,100
91440000000,0,0,9.81,0,0,0.35391582221265666,0,0,0,101325,100
91460000000,0,0,9.81,0,0,0.35473624602524534,0,0,0,101325,100
91480000000,0,0,9.81,0,0,0.3535540750142528,0,0,0,101325,100
91500000000,0,0,9.81,0,0,0.3541519890528574,0,0,0,101325,100
91520000000,0,0,9.81,0,0,0.35692404925783366,0,0,0,101325,100
91540000000,0,0,9.81,0,0,0.3556889967454022,0,0,0,101325,100
91560000000,0,0,9.81,0,0,0.3548613858326479,0,0,0,101325,100
91580000000,0,0,9.81,0,0,0.35520051706582156,0,0,0,101325,100
91600000000,0,0,9.81,0,0,0.3540269537880022,0,0,0,101325,100
91620000000,0,0,9.81,0,0,0.3559567524198378,0,0,0,101325,100
91640000000,0,0,9.81,0,0,0.35565661801543114,0,0,0,101325,100
91660000000,0,0,9.81,0,0,0.3538576447644691,0,0,0,101325,100
91680000000,0,0,9.81,0,0,0.35469775484876725,0,0,0,101325,100
91700000000,0,0,9.81,0,0,0.3572984652402697,0,0,0,101325,100
91720000000,0,0,9.81,0,0,0.3532643489391923,0,0,0,101325,100
91740000000,0,0,9.81,0,0,0.3554090825983626,0,0,0,101325,100
91760000000,0,0,9.81,0,0,0.35411238457164024,0,0,0,101325,100
91780000000,0,0,9.81,0,0,0.3554278238432031,0,0,0,101325,100
91800000000,0,0,9.81,0,0,0.3545218132112648,0,0,0,101325,100
91820000000,0,0,9.81,0,0,0.35511246540968505,0,0,0,101325,100
91840000000,0,0,9.81,0,0,0.35460187634166573,0,0,0,101325,100
91860000000,0,0,9.81,0,0,0.35397502457415553,0,0,0,101325,100
91880000000,0,0,9.81,0,0,0.3547467720208859,0,0,0,101325,100
91900000000,0,0,9.81,0,0,0.3542018391987919,0,0,0,101325,100
91920000000,0,0,9.81,0,0,0.35502498402830607,0,0,0,101325,100
91940000000,0,0,9.81,0,0,0.3555819284359144,0,0,0,101325,100
91960000000,0,0,9.81,0,0,0.35419857091905005,0,0,0,101325,100
91980000000,0,0,9.81,0,0,0.3560162987367262,0,0,0,101325,100
92000000000,0,0,9.81,0,0,0.3545543423015964,0,0,0,101325,100
92020000000,0,0,9.81,0,0,0.3549642298772796,0,0,0,101325,100
92040000000,0,0,9.81,0,0,0.35486727542294916,0,0,0,101325,100
92060000000,0,0,9.81,0,0,0.353859891622276,0,0,0,101325,100
92080000000,0,0,9.81,0,0,0.35325565616249166,0,0,0,101325,100
92100000000,0,0,9.81,0,0,0.35551608565541526,0,0,0,101325,100
92120000000,0,0,9.81,0,0,0.3553316988406579,0,0,0,101325,100
92140000000,0,0,9.81,0,0,0.3557479024114514,0,0,0,101325,100
92160000000,0,0,9.81,0,0,0.35628890454410644,0,0,0,101325,100
92180000000,0,0,9.81,0,0,0.3551979421226724,0,0,0,101325,100
92200000000,0,0,9.81,0,0,0.3534212480886411,0,0,0,101325,100
92220000000,0,0,9.81,0,0,0.35411641146257355,0,0,0,101325,100
92240000000,0,0,9.81,0,0,0.3547569090688915,0,0,0,101325,100
92260000000,0,0,9.81,0,0,0.35346058212467896,0,0,0,101325,100
92280000000,0,0,9.81,0,0,0.35511312823628394,0,0,0,101325,100
92300000000,0,0,9.81,0,0,0.3547749357005341,0,0,0,101325,100
92320000000,0,0,9.81,0,0,0.35435497638134156,0,0,0,101325,100
92340000000,0,0,9.81,0,0,0.35548761555742503,0,0,0,101325,100
92360000000,0,0,9.81,0,0,0.3537343008777227,0,0,0,101325,100
92380000000,0,0,9.81,0,0,0.35516818813907336,0,0,0,101325,100
92400000000,0,0,9.81,0,0,0.35555992330046315,0,0,0,101325,100
92420000000,0,0,9.81,0,0,0.35374287013194833,0,0,0,101325,100
92440000000,0,0,9.81,0,0,0.35475308696501867,0,0,0,101325,100
92460000000,0,0,9.81,0,0,0.3553087067817646,0,0,0,101325,100
92480000000,0,0,9.81,0,0,0.3558413002165411,0,0,0,101325,100
92500000000,0,0,9.81,0,0,0.3558095136444573,0,0,0,101325,100
92520000000,0,0,9.81,0,0,0.3537080470127337,0,0,0,101325,100
92540000000,0,0,9.81,0,0,0.3555429491267891,0,0,0,101325,100
92560000000,0,0,9.81,0,0,0.3556050014597207,0,0,0,101325,100
92580000000,0,0,9.81,0,0,0.35435051052289124,0,0,0,101325,100
92600000000,0,0,9.81,0,0,0.3555924037061734,0,0,0,101325,100
92620000000,0,0,9.81,0,0,0.3547840305492093,0,0,0,101325,100
92640000000,0,0,9.81,0,0,0.3552185542887748,0,0,0,101325,100
92660000000,0,0,9.81,0,0,0.35554122587293635,0,0,0,101325,100
92680000000,0,0,9.81,0,0,0.35499358610749443,0,0,0,101325,100
92700000000,0,0,9.81,0,0,0.3558402064104078,0,0,0,101325,100
92720000000,0,0,9.81,0,0,0.35653636867311245,0,0,0,101325,100
92740000000,0,0,9.81,0,0,0.35612921877196924,0,0,0,101325,100
92760000000,0,0,9.81,0,0,0.3539507412358811,0,0,0,101325,100
92780000000,0,0,9.81,0,0,0.35468620280791596,0,0,0,101325,100
92800000000,0,0,9.81,0,0,0.35473341938890207,0,0,0,101325,100
92820000000,0,0,9.81,0,0,0.35561567845479575,0,0,0,101325,100
92840000000,0,0,9.81,0,0,0.35615405743398404,0,0,0,101325,100
92860000000,0,0,9.81,0,0,0.3544731791157337,0,0,0,101325,100
92880000000,0,0,9.81,0,0,0.3554438842054339,0,0,0,101325,100
92900000000,0,0,9.81,0,0,0.3531626231139266,0,0,0,101325,100
92920000000,0,0,9.81,0,0,0.3547792686890004,0,0,0,101325,100
92940000000,0,0,9.81,0,0,0.35594286016997057,0,0,0,101325,100
92960000000,0,0,9.81,0,0,0.3554055685133785,0,0,0,101325,100
92980000000,0,0,9.81,0,0,0.3550826002058623,0,0,0,101325,100
93000000000,0,0,9.81,0,0,0.355568609689264,0,0,0,101325,100
93020000000,0,0,9.81,0,0,0.3551493935591539,0,0,0,101325,100
93040000000,0,0,9.81,0,0,0.3556118325535344,0,0,0,101325,100
93060000000,0,0,9.81,0,0,0.35534930312756524,0,0,0,101325,100
93080000000,0,0,9.81,0,0,0.3559736557299333,0,0,0,101325,100
93100000000,0,0,9.81,0,0,0.35633092304169994,0,0,0,101325,100
93120000000,0,0,9.81,0,0,0.3549468788700779,0,0,0,101325,100
93140000000,0,0,9.81,0,0,0.35499388777626023,0,0,0,101325,100
93160000000,0,0,9.81,0,0,0.35686030569612853,0,0,0,101325,100
93180000000,0,0,9.81,0,0,0.35604642212949705,0,0,0,101325,100
93200000000,0,0,9.81,0,0,0.3548877780973112,0,0,0,101325,100
93220000000,0,0,9.81,0,0,0.35524211344121726,0,0,0,101325,100
93240000000,0,0,9.81,0,0,0.3551630893173731,0,0,0,101325,100
93260000000,0,0,9.81,0,0,0.3555679915909715,0,0,0,101325,100
93280000000,0,0,9.81,0,0,0.3528777494560731,0,0,0,101325,100
93300000000,0,0,9.81,0,0,0.35497247660911324,0,0,0,101325,100
93320000000,0,0,9.81,0,0,0.3553274583332153,0,0,0,101325,100
93340000000,0,0,9.81,0,0,0.3551988832842072,0,0,0,101325,100
93360000000,0,0,9.81,0,0,0.35533166763780283,0,0,0,101325,100
93380000000,0,0,9.81,0,0,0.35477424291969806,0,0,0,101325,100
93400000000,0,0,9.81,0,0,0.3554004849729329,0,0,0,101325,100
93420000000,0,0,9.81,0,0,0.35484084642734576,0,0,0,101325,100
93440000000,0,0,9.81,0,0,0.35510542601599043,0,0,0,101325,100
93460000000,0,0,9.81,0,0,0.35329243413210265,0,0,0,101325,100
93480000000,0,0,9.81,0,0,0.35539580376852004,0,0,0,101325,100
93500000000,0,0,9.81,0,0,0.3545490053951847,0,0,0,101325,100
93520000000,0,0,9.81,0,0,0.35631804589749305,0,0,0,101325,100
93540000000,0,0,9.81,0,0,0.35565324573895335,0,0,0,101325,100
93560000000,0,0,9.81,0,0,0.35487016129976007,0,0,0,101325,100
93580000000,0,0,9.81,0,0,0.35415995547760776,0,0,0,101325,100
93600000000,0,0,9.81,0,0,0.3558785674311865,0,0,0,101325,100
93620000000,0,0,9.81,0,0,0.3550843144865291,0,0,0,101325,100
93640000000,0,0,9.81,0,0,0.3545644703005432,0,0,0,101325,100
93660000000,0,0,9.81,0,0,0.3544223149087256,0,0,0,101325,100
93680000000,0,0,9.81,0,0,0.3537339211226455,0,0,0,101325,100
93700000000,0,0,9.81,0,0,0.3527134548972233,0,0,0,101325,100
93720000000,0,0,9.81,0,0,0.3541610615236913,0,0,0,101325,100
93740000000,0,0,9.81,0,0,0.3553970906708146,0,0,0,101325,100
93760000000,0,0,9.81,0,0,0.35366908254092594,0,0,0,101325,100
93780000000,0,0,9.81,0,0,0.356922252197384,0,0,0,101325,100
93800000000,0,0,9.81,0,0,0.3548268925511182,0,0,0,101325,100
93820000000,0,0,9.81,0,0,0.3543322944710757,0,0,0,101325,100
93840000000,0,0,9.81,0,0,0.3568667104768459,0,0,0,101325,100
93860000000,0,0,9.81,0,0,0.3560559454722904,0,0,0,101325,100
93880000000,0,0,9.81,0,0,0.3552565433164409,0,0,0,101325,100
93900000000,0,0,9.81,0,0,0.3549157045757853,0,0,0,101325,100
93920000000,0,0,9.81,0,0,0.35453311122006276,0,0,0,101325,100
93940000000,0,0,9.81,0,0,0.3542687129655771,0,0,0,101325,100
93960000000,0,0,9.81,0,0,0.3549643735072928,0,0,0,101325,100
93980000000,0,0,9.81,0,0,0.3550819234078547,0,0,0,101325,100
94000000000,0,0,9.81,0,0,0.35585694006768265,0,0,0,101325,100
94020000000,0,0,9.81,0,0,0.3548372240376517,0,0,0,101325,100
94040000000,0,0,9.81,0,0,0.35479255584443276,0,0,0,101325,100
94060000000,0,0,9.81,0,0,0.3549528780307266,0,0,0,101325,100
94080000000,0,0,9.81,0,0,0.3568302847299255,0,0,0,101325,100
94100000000,0,0,9.81,0,0,0.3551455487800118,0,0,0,101325,100
94120000000,0,0,9.81,0,0,0.3557111979291971,0,0,0,101325,100
94140000000,0,0,9.81,0,0,0.35491552439195057,0,0,0,101325,100
94160000000,0,0,9.81,0,0,0.354735527393031,0,0,0,101325,100
94180000000,0,0,9.81,0,0,0.35354189397061614,0,0,0,101325,100
94200000000,0,0,9.81,0,0,0.35523457857870927,0,0,0,101325,100
94220000000,0,0,9.81,0,0,0.3551045131631535,0,0,0,101325,100
94240000000,0,0,9.81,0,0,0.35502163507347756,0,0,0,101325,100
94260000000,0,0,9.81,0,0,0.3541704892871397,0,0,0,101325,100
94280000000,0,0,9.81,0,0,0.3548487042005333,0,0,0,101325,100
94300000000,0,0,9.81,0,0,0.35376469351007184,0,0,0,101325,100
94320000000,0,0,9.81,0,0,0.3555521033509199,0,0,0,101325,100
94340000000,0,0,9.81,0,0,0.35500604870843505,0,0,0,101325,100
94360000000,0,0,9.81,0,0,0.3557212627615504,0,0,0,101325,100
94380000000,0,0,9.81,0,0,0.35588727838821543,0,0,0,101325,100
94400000000,0,0,9.81,0,0,0.3554930878319525,0,0,0,101325,100
94420000000,0,0,9.81,0,0,0.3534290622739677,0,0,0,101325,100
94440000000,0,0,9.81,0,0,0.35471298374935856,0,0,0,101325,100
94460000000,0,0,9.81,0,0,0.35414485443397636,0,0,0,101325,100
94480000000,0,0,9.81,0,0,0.35443175044346914,0,0,0,101325,100
94500000000,0,0,9.81,0,0,0.35499131107833604,0,0,0,101325,100
94520000000,0,0,9.81,0,0,0.3562207626373957,0,0,0,101325,100
94540000000,0,0,9.81,0,0,0.35583914817227846,0,0,0,101325,100
94560000000,0,0,9.81,0,0,0.3543596343731817,0,0,0,101325,100
94580000000,0,0,9.81,0,0,0.35472483646616526,0,0,0,101325,100
94600000000,0,0,9.81,0,0,0.35472226858650063,0,0,0,101325,100
94620000000,0,0,9.81,0,0,0.3553912847745216,0,0,0,101325,100
94640000000,0,0,9.81,0,0,0.3546552477646032,0,0,0,101325,100
94660000000,0,0,9.81,0,0,0.3549507297951905,0,0,0,101325,100
94680000000,0,0,9.81,0,0,0.35456634489397765,0,0,0,101325,100
94700000000,0,0,9.81,0,0,0.3564945082681811,0,0,0,101325,100
94720000000,0,0,9.81,0,0,0.3551889990301305,0,0,0,101325,100
94740000000,0,0,9.81,0,0,0.3558319435920562,0,0,0,101325,100
94760000000,0,0,9.81,0,0,0.3554684110144577,0,0,0,101325,100
94780000000,0,0,9.81,0,0,0.353406310338488,0,0,0,101325,100
94800000000,0,0,9.81,0,0,0.3553409894719285,0,0,0,101325,100
94820000000,0,0,9.81,0,0,0.35411154374846243,0,0,0,101325,100
94840000000,0,0,9.81,0,0,0.35453982474816453,0,0,0,101325,100
94860000000,0,0,9.81,0,0,0.35457495481427964,0,0,0,101325,100
94880000000,0,0,9.81,0,0,0.3547130958458571,0,0,0,101325,100
94900000000,0,0,9.81,0,0,0.3557873707034934,0,0,0,101325,100
94920000000,0,0,9.81,0,0,0.3545066702571353,0,0,0,101325,100
94940000000,0,0,9.81,0,0,0.3550528030186554,0,0,0,101325,100
94960000000,0,0,9.81,0,0,0.355401616164151,0,0,0,101325,100
94980000000,0,0,9.81,0,0,0.3540230312670893,0,0,0,101325,100
95000000000,0,0,9.81,0,0,0.3559016605495595,0,0,0,101325,100
95020000000,0,0,9.81,0,0,0.35449171335715485,0,0,0,101325,100
95040000000,0,0,9.81,0,0,0.355857231114641,0,0,0,101325,100
95060000000,0,0,9.81,0,0,0.35660426116458,0,0,0,101325,100
95080000000,0,0,9.81,0,0,0.35432069983983666,0,0,0,101325,100
95100000000,0,0,9.81,0,0,0.3568232739011685,0,0,0,101325,100
95120000000,0,0,9.81,0,0,0.35581900831614927,0,0,0,101325,100
95140000000,0,0,9.81,0,0,0.35643589792670516,0,0,0,101325,100
95160000000,0,0,9.81,0,0,0.3561821339629548,0,0,0,101325,100
95180000000,0,0,9.81,0,0,0.35273566836927134,0,0,0,101325,100
95200000000,0,0,9.81,0,0,0.35297496769913,0,0,0,101325,100
95220000000,0,0,9.81,0,0,0.35464017117047847,0,0,0,101325,100
95240000000,0,0,9.81,0,0,0.35551462793827826,0,0,0,101325,100
95260000000,0,0,9.81,0,0,0.3540385799652803,0,0,0,101325,100
95280000000,0,0,9.81,0,0,0.35540491269520097,0,0,0,101325,100
95300000000,0,0,9.81,0,0,0.3549344542454339,0,0,0,101325,100
95320000000,0,0,9.81,0,0,0.355263758407652,0,0,0,101325,100
95340000000,0,0,9.81,0,0,0.35539287506734746,0,0,0,101325,100
95360000000,0,0,9.81,0,0,0.35467500951363357,0,0,0,101325,100
95380000000,0,0,9.81,0,0,0.3564218735672938,0,0,0,101325,100
95400000000,0,0,9.81,0,0,0.3561635695177036,0,0,0,101325,100
95420000000,0,0,9.81,0,0,0.355272632895202,0,0,0,101325,100
95440000000,0,0,9.81,0,0,0.35558529669437855,0,0,0,101325,100
95460000000,0,0,9.81,0,0,0.3538648398719186,0,0,0,101325,100
95480000000,0,0,9.81,0,0,0.3531821396359811,0,0,0,101325,100
95500000000,0,0,9.81,0,0,0.355084913727315,0,0,0,101325,100
95520000000,0,0,9.81,0,0,0.35410268901199043,0,0,0,101325,100
95540000000,0,0,9.81,0,0,0.3551767557930908,0,0,0,101325,100
95560000000,0,0,9.81,0,0,0.3538448132594982,0,0,0,101325,100
95580000000,0,0,9.81,0,0,0.3542249169491805,0,0,0,101325,100
95600000000,0,0,9.81,0,0,0.35581497843735166,0,0,0,101325,100
95620000000,0,0,9.81,0,0,0.3536285441775555,0,0,0,101325,100
95640000000,0,0,9.81,0,0,0.3557660628731428,0,0,0,101325,100
95660000000,0,0,9.81,0,0,0.35485576985572187,0,0,0,101325,100
95680000000,0,0,9.81,0,0,0.3535791074719851,0,0,0,101325,100
95700000000,0,0,9.81,0,0,0.35386306189701205,0,0,0,101325,100
95720000000,0,0,9.81,0,0,0.35286592652958926,0,0,0,101325,100
95740000000,0,0,9.81,0,0,0.35401545779090066,0,0,0,101325,100
95760000000,0,0,9.81,0,0,0.3556031105360848,0,0,0,101325,100
95780000000,0,0,9.81,0,0,0.35329484383212145,0,0,0,101325,100
95800000000,0,0,9.81,0,0,0.35494342013403324,0,0,0,101325,100
95820000000,0,0,9.81,0,0,0.3564274535124633,0,0,0,101325,100
95840000000,0,0,9.81,0,0,0.35420160644925597,0,0,0,101325,100
95860000000,0,0,9.81,0,0,0.35628523576735516,0,0,0,101325,100
95880000000,0,0,9.81,0,0,0.3536119500071819,0,0,0,101325,100
95900000000,0,0,9.81,0,0,0.3557244467671232,0,0,0,101325,100
95920000000,0,0,9.81,0,0,0.3548493684132092,0,0,0,101325,100
95940000000,0,0,9.81,0,0,0.3550113284322317,0,0,0,101325,100
95960000000,0,0,9.81,0,0,0.35544095608488524,0,0,0,101325,100
95980000000,0,0,9.81,0,0,0.3544129371297851,0,0,0,101325,100
96000000000,0,0,9.81,0,0,0.3545316962086903,0,0,0,101325,100
96020000000,0,0,9.81,0,0,0.35500769103165597,0,0,0,101325,100
96040000000,0,0,9.81,0,0,0.35672631184000264,0,0,0,101325,100
96060000000,0,0,9.81,0,0,0.35755825417992343,0,0,0,101325,100
96080000000,0,0,9.81,0,0,0.35477563739306356,0,0,0,101325,100
96100000000,0,0,9.81,0,0,0.3552320115008362,0,0,0,101325,100
96120000000,0,0,9.81,0,0,0.35420230876980363,0,0,0,101325,100
96140000000,0,0,9.81,0,0,0.35715413805262347,0,0,0,101325,100
96160000000,0,0,9.81,0,0,0.3549110683387062,0,0,0,101325,100
96180000000,0,0,9.81,0,0,0.35603505147592746,0,0,0,101325,100
96200000000,0,0,9.81,0,0,0.35446912561282523,0,0,0,101325,100
96220000000,0,0,9.81,0,0,0.35470219188243934,0,0,0,101325,100
96240000000,0,0,9.81,0,0,0.35479252598087,0,0,0,101325,100
96260000000,0,0,9.81,0,0,0.3543514674528732,0,0,0,101325,100
96280000000,0,0,9.81,0,0,0.35552910012043276,0,0,0,101325,100
96300000000,0,0,9.81,0,0,0.35569592846986403,0,0,0,101325,100
96320000000,0,0,9.81,0,0,0.3562478591347228,0,0,0,101325,100
96340000000,0,0,9.81,0,0,0.354436675075725,0,0,0,101325,100
96360000000,0,0,9.81,0,0,0.35390426326562996,0,0,0,101325,100
96380000000,0,0,9.81,0,0,0.3556650835835217,0,0,0,101325,100
96400000000,0,0,9.81,0,0,0.35511852119068865,0,0,0,101325,100
96420000000,0,0,9.81,0,0,0.35475426010894373,0,0,0,101325,100
96440000000,0,0,9.81,0,0,0.3557277080119327,0,0,0,101325,100
96460000000,0,0,9.81,0,0,0.3563552292636875,0,0,0,101325,100
96480000000,0,0,9.81,0,0,0.35611261805232997,0,0,0,101325,100
96500000000,0,0,9.81,0,0,0.35440131221822757,0,0,0,101325,100
96520000000,0,0,9.81,0,0,0.3551077109074097,0,0,0,101325,100
96540000000,0,0,9.81,0,0,0.3538151217210353,0,0,0,101325,100
96560000000,0,0,9.81,0,0,0.3544455302416592,0,0,0,101325,100
96580000000,0,0,9.81,0,0,0.3543714322259597,0,0,0,101325,100
96600000000,0,0,9.81,0,0,0.35303717805443724,0,0,0,101325,100
96620000000,0,0,9.81,0,0,0.35446480160909183,0,0,0,101325,100
96640000000,0,0,9.81,0,0,0.355396176781157,0,0,0,101325,100
96660000000,0,0,9.81,0,0,0.35363230362214687,0,0,0,101325,100
96680000000,0,0,9.81,0,0,0.35593745479212774,0,0,0,101325,100
96700000000,0,0,9.81,0,0,0.3548579965748524,0,0,0,101325,100
96720000000,0,0,9.81,0,0,0.35345863263228167,0,0,0,101325,100
96740000000,0,0,9.81,0,0,0.3550332789899176,0,0,0,101325,100
96760000000,0,0,9.81,0,0,0.3554323425740437,0,0,0,101325,100
96780000000,0,0,9.81,0,0,0.35562201692359346,0,0,0,101325,100
96800000000,0,0,9.81,0,0,0.3555333592068301,0,0,0,101325,100
96820000000,0,0,9.81,0,0,0.35587995014892065,0,0,0,101325,100
96840000000,0,0,9.81,0,0,0.35534248017841663,0,0,0,101325,100
96860000000,0,0,9.81,0,0,0.35506347651776754,0,0,0,101325,100
96880000000,0,0,9.81,0,0,0.35481759642358546,0,0,0,101325,100
96900000000,0,0,9.81,0,0,0.35390255832844686,0,0,0,101325,100
96920000000,0,0,9.81,0,0,0.35650266017240423,0,0,0,101325,100
96940000000,0,0,9.81,0,0,0.3556991264476466,0,0,0,101325,100
96960000000,0,0,9.81,0,0,0.35515246319740884,0,0,0,101325,100
96980000000,0,0,9.81,0,0,0.3554947966402681,0,0,0,101325,100
97000000000,0,0,9.81,0,0,0.3553674582817481,0,0,0,101325,100
97020000000,0,0,9.81,0,0,0.354199260991689,0,0,0,101325,100
97040000000,0,0,9.81,0,0,0.3537798124676617,0,0,0,101325,100
97060000000,0,0,9.81,0,0,0.3561508928317238,0,0,0,101325,100
97080000000,0,0,9.81,0,0,0.3555153264472677,0,0,0,101325,100
97100000000,0,0,9.81,0,0,0.35530260483029813,0,0,0,101325,100
97120000000,0,0,9.81,0,0,0.3561956732155425,0,0,0,101325,100
97140000000,0,0,9.81,0,0,0.3556301296458528,0,0,0,101325,100
97160000000,0,0,9.81,0,0,0.3552636603579988,0,0,0,101325,100
97180000000,0,0,9.81,0,0,0.3553088056887382,0,0,0,101325,100
97200000000,0,0,9.81,0,0,0.35533465835072936,0,0,0,101325,100
97220000000,0,0,9.81,0,0,0.35606871755707187,0,0,0,101325,100
97240000000,0,0,9.81,0,0,0.3561923534799912,0,0,0,101325,100
97260000000,0,0,9.81,0,0,0.35483082993836346,0,0,0,101325,100
97280000000,0,0,9.81,0,0,0.35463913832224236,0,0,0,101325,100
97300000000,0,0,9.81,0,0,0.35525020120041567,0,0,0,101325,100
97320000000,0,0,9.81,0,0,0.3547604666282506,0,0,0,101325,100
97340000000,0,0,9.81,0,0,0.3556506631540958,0,0,0,101325,100
97360000000,0,0,9.81,0,0,0.35402172185346914,0,0,0,101325,100
97380000000,0,0,9.81,0,0,0.35525346205464664,0,0,0,101325,100
97400000000,0,0,9.81,0,0,0.3549333266696332,0,0,0,101325,100
97420000000,0,0,9.81,0,0,0.3549212745141317,0,0,0,101325,100
97440000000,0,0,9.81,0,0,0.3540977020424102,0,0,0,101325,100
97460000000,0,0,9.81,0,0,0.3559216875725094,0,0,0,101325,100
97480000000,0,0,9.81,0,0,0.3551849090828975,0,0,0,101325,100
97500000000,0,0,9.81,0,0,0.3559644514961636,0,0,0,101325,100
97520000000,0,0,9.81,0,0,0.3551686566927286,0,0,0,101325,100
97540000000,0,0,9.81,0,0,0.3547149459842563,0,0,0,101325,100
97560000000,0,0,9.81,0,0,0.35558107321052274,0,0,0,101325,100
97580000000,0,0,9.81,0,0,0.355949336883541,0,0,0,101325,100
97600000000,0,0,9.81,0,0,0.35457412372424774,0,0,0,101325,100
97620000000,0,0,9.81,0,0,0.3548340166777876,0,0,0,101325,100
97640000000,0,0,9.81,0,0,0.35440009454846694,0,0,0,101325,100
97660000000,0,0,9.81,0,0,0.3554661644898618,0,0,0,101325,100
97680000000,0,0,9.81,0,0,0.3537650234462904,0,0,0,101325,100
97700000000,0,0,9.81,0,0,0.35581040349846293,0,0,0,101325,100
97720000000,0,0,9.81,0,0,0.3552326711551535,0,0,0,101325,100
97740000000,0,0,9.81,0,0,0.35518631404172224,0,0,0,101325,100
97760000000,0,0,9.81,0,0,0.35612430136281004,0,0,0,101325,100
97780000000,0,0,9.81,0,0,0.35685951479324823,0,0,0,101325,100
97800000000,0,0,9.81,0,0,0.35542215153932194,0,0,0,101325,100
97820000000,0,0,9.81,0,0,0.35437372599419703,0,0,0,101325,100
97840000000,0,0,9.81,0,0,0.35472268434411597,0,0,0,101325,100
97860000000,0,0,9.81,0,0,0.3553490790385536,0,0,0,101325,100
97880000000,0,0,9.81,0,0,0.3560701977009992,0,0,0,101325,100
97900000000,0,0,9.81,0,0,0.3545692755764398,0,0,0,101325,100
97920000000,0,0,9.81,0,0,0.3552056972636261,0,0,0,101325,100
97940000000,0,0,9.81,0,0,0.35632602861551277,0,0,0,101325,100
97960000000,0,0,9.81,0,0,0.35470524693366623,0,0,0,101325,100
97980000000,0,0,9.81,0,0,0.35649813535316455,0,0,0,101325,100
98000000000,0,0,9.81,0,0,0.3546066173047961,0,0,0,101325,100
98020000000,0,0,9.81,0,0,0.3547840280157931,0,0,0,101325,100
98040000000,0,0,9.81,0,0,0.35349538886286813,0,0,0,101325,100
98060000000,0,0,9.81,0,0,0.3549978792523321,0,0,0,101325,100
98080000000,0,0,9.81,0,0,0.35451151484699517,0,0,0,101325,100
98100000000,0,0,9.81,0,0,0.3561349367259742,0,0,0,101325,100
98120000000,0,0,9.81,0,0,0.3551518553133363,0,0,0,101325,100
98140000000,0,0,9.81,0,0,0.3543692031103632,0,0,0,101325,100
98160000000,0,0,9.81,0,0,0.3534930143242487,0,0,0,101325,100
98180000000,0,0,9.81,0,0,0.35387786840240476,0,0,0,101325,100
98200000000,0,0,9.81,0,0,0.3565935552809523,0,0,0,101325,100
98220000000,0,0,9.81,0,0,0.35708484853943456,0,0,0,101325,100
98240000000,0,0,9.81,0,0,0.35623550720447694,0,0,0,101325,100
98260000000,0,0,9.81,0,0,0.3538210664026316,0,0,0,101325,100
98280000000,0,0,9.81,0,0,0.3558504043532391,0,0,0,101325,100
98300000000,0,0,9.81,0,0,0.35515061106791596,0,0,0,101325,100
98320000000,0,0,9.81,0,0,0.35565283353742955,0,0,0,101325,100
98340000000,0,0,9.81,0,0,0.35433171120953144,0,0,0,101325,100
98360000000,0,0,9.81,0,0,0.3550585734523313,0,0,0,101325,100
98380000000,0,0,9.81,0,0,0.3553894565945502,0,0,0,101325,100
98400000000,0,0,9.81,0,0,0.3542383121134669,0,0,0,101325,100
98420000000,0,0,9.81,0,0,0.35572651550637513,0,0,0,101325,100
98440000000,0,0,9.81,0,0,0.3541370889398848,0,0,0,101325,100
98460000000,0,0,9.81,0,0,0.35548915979928414,0,0,0,101325,100
98480000000,0,0,9.81,0,0,0.35561499643969285,0,0,0,101325,100
98500000000,0,0,9.81,0,0,0.3547030930810278,0,0,0,101325,100
98520000000,0,0,9.81,0,0,0.35368841638877363,0,0,0,101325,100
98540000000,0,0,9.81,0,0,0.3543302833872044,0,0,0,101325,100
98560000000,0,0,9.81,0,0,0.3553814891128773,0,0,0,101325,100
98580000000,0,0,9.81,0,0,0.35553548622755854,0,0,0,101325,100
98600000000,0,0,9.81,0,0,0.3551011432709989,0,0,0,101325,100
98620000000,0,0,9.81,0,0,0.35544254768797034,0,0,0,101325,100
98640000000,0,0,9.81,0,0,0.35381552580547804,0,0,0,101325,100
98660000000,0,0,9.81,0,0,0.3559811552180645,0,0,0,101325,100
98680000000,0,0,9.81,0,0,0.35369315855198946,0,0,0,101325,100
98700000000,0,0,9.81,0,0,0.35557407815939224,0,0,0,101325,100
98720000000,0,0,9.81,0,0,0.3547889225070019,0,0,0,101325,100
98740000000,0,0,9.81,0,0,0.3543623857332395,0,0,0,101325,100
98760000000,0,0,9.81,0,0,0.355201549397468,0,0,0,101325,100
98780000000,0,0,9.81,0,0,0.35433653478991173,0,0,0,101325,100
98800000000,0,0,9.81,0,0,0.354791917672815,0,0,0,101325,100
98820000000,0,0,9.81,0,0,0.354500896074634,0,0,0,101325,100
98840000000,0,0,9.81,0,0,0.3562482617834265,0,0,0,101325,100
98860000000,0,0,9.81,0,0,0.35537404876722445,0,0,0,101325,100
98880000000,0,0,9.81,0,0,0.3553122611208071,0,0,0,101325,100
98900000000,0,0,9.81,0,0,0.3557442994864947,0,0,0,101325,100
98920000000,0,0,9.81,0,0,0.3557376087421036,0,0,0,101325,100
98940000000,0,0,9.81,0,0,0.3550828048551223,0,0,0,101325,100
98960000000,0,0,9.81,0,0,0.3541279713599341,0,0,0,101325,100
98980000000,0,0,9.81,0,0,0.35491143713485584,0,0,0,101325,100
99000000000,0,0,9.81,0,0,0.35612988066492174,0,0,0,101325,100
99020000000,0,0,9.81,0,0,0.3551985555379811,0,0,0,101325,100
99040000000,0,0,9.81,0,0,0.3551232678961773,0,0,0,101325,100
99060000000,0,0,9.81,0,0,0.3546800677094485,0,0,0,101325,100
99080000000,0,0,9.81,0,0,0.3548045361753558,0,0,0,101325,100
99100000000,0,0,9.81,0,0,0.35342025519104814,0,0,0,101325,100
99120000000,0,0,9.81,0,0,0.35426267809721934,0,0,0,101325,100
99140000000,0,0,9.81,0,0,0.35378731216460113,0,0,0,101325,100
99160000000,0,0,9.81,0,0,0.3544915849549144,0,0,0,101325,100
99180000000,0,0,9.81,0,0,0.3540543847010619,0,0,0,101325,100
99200000000,0,0,9.81,0,0,0.3551335132093023,0,0,0,101325,100
99220000000,0,0,9.81,0,0,0.3561322125896851,0,0,0,101325,100
99240000000,0,0,9.81,0,0,0.3551096630945073,0,0,0,101325,100
99260000000,0,0,9.81,0,0,0.3549689866528036,0,0,0,101325,100
99280000000,0,0,9.81,0,0,0.35348425406247536,0,0,0,101325,100
99300000000,0,0,9.81,0,0,0.35598564085105067,0,0,0,101325,100
99320000000,0,0,9.81,0,0,0.3542063483744067,0,0,0,101325,100
99340000000,0,0,9.81,0,0,0.3541332333813316,0,0,0,101325,100
99360000000,0,0,9.81,0,0,0.354661187699178,0,0,0,101325,100
99380000000,0,0,9.81,0,0,0.35482287726287354,0,0,0,101325,100
99400000000,0,0,9.81,0,0,0.35499282076611,0,0,0,101325,100
99420000000,0,0,9.81,0,0,0.3547341932772384,0,0,0,101325,100
99440000000,0,0,9.81,0,0,0.3548160981087948,0,0,0,101325,100
99460000000,0,0,9.81,0,0,0.3557219195036191,0,0,0,101325,100
99480000000,0,0,9.81,0,0,0.3542592098916763,0,0,0,101325,100
99500000000,0,0,9.81,0,0,0.3551217911617143,0,0,0,101325,100
99520000000,0,0,9.81,0,0,0.35522072116970804,0,0,0,101325,100
99540000000,0,0,9.81,0,0,0.355262225567756,0,0,0,101325,100
99560000000,0,0,9.81,0,0,0.354683135649122,0,0,0,101325,100
99580000000,0,0,9.81,0,0,0.35318332259586127,0,0,0,101325,100
99600000000,0,0,9.81,0,0,0.35526346804022024,0,0,0,101325,100
99620000000,0,0,9.81,0,0,0.35529589839970266,0,0,0,101325,100
99640000000,0,0,9.81,0,0,0.35380850995222124,0,0,0,101325,100
99660000000,0,0,9.81,0,0,0.35600689007515396,0,0,0,101325,100
99680000000,0,0,9.81,0,0,0.3532763802347958,0,0,0,101325,100
99700000000,0,0,9.81,0,0,0.3564366647527085,0,0,0,101325,100
99720000000,0,0,9.81,0,0,0.35485853936008876,0,0,0,101325,100
99740000000,0,0,9.81,0,0,0.35542069257121095,0,0,0,101325,100
99760000000,0,0,9.81,0,0,0.35522656767325306,0,0,0,101325,100
99780000000,0,0,9.81,0,0,0.354329670405,0,0,0,101325,100
99800000000,0,0,9.81,0,0,0.3549259058520542,0,0,0,101325,100
99820000000,0,0,9.81,0,0,0.35686762283197054,0,0,0,101325,100
99840000000,0,0,9.81,0,0,0.3549790947008105,0,0,0,101325,100
99860000000,0,0,9.81,0,0,0.3553693530020169,0,0,0,101325,100
99880000000,0,0,9.81,0,0,0.3560635727247361,0,0,0,101325,100
99900000000,0,0,9.81,0,0,0.3565183195208843,0,0,0,101325,100
99920000000,0,0,9.81,0,0,0.35580097400337396,0,0,0,101325,100
99940000000,0,0,9.81,0,0,0.35610825644344446,0,0,0,101325,100
99960000000,0,0,9.81,0,0,0.3551910183094581,0,0,0,101325,100
99980000000,0,0,9.81,0,0,0.35583689380483746,0,0,0,101325,100
100000000000,0,0,9.81,0,0,0.35581703032858186,0,0,0,101325,100
100020000000,0,0,9.81,0,0,0.35584951910590745,0,0,0,101325,100
100040000000,0,0,9.81,0,0,0.3546613069597368,0,0,0,101325,100
100060000000,0,0,9.81,0,0,0.3528631282775993,0,0,0,101325,100
100080000000,0,0,9.81,0,0,0.3554958619956211,0,0,0,101325,100
100100000000,0,0,9.81,0,0,0.354540339895508,0,0,0,101325,100
100120000000,0,0,9.81,0,0,0.3576501201595378,0,0,0,101325,100
100140000000,0,0,9.81,0,0,0.355432487363343,0,0,0,101325,100
100160000000,0,0,9.81,0,0,0.35528385597053613,0,0,0,101325,100
100180000000,0,0,9.81,0,0,0.35450247666327955,0,0,0,101325,100
100200000000,0,0,9.81,0,0,0.355999148221428,0,0,0,101325,100
100220000000,0,0,9.81,0,0,0.35559026590050635,0,0,0,101325,100
100240000000,0,0,9.81,0,0,0.35517756207386436,0,0,0,101325,100
100260000000,0,0,9.81,0,0,0.35580825510090497,0,0,0,101325,100
100280000000,0,0,9.81,0,0,0.35562370187143627,0,0,0,101325,100
100300000000,0,0,9.81,0,0,0.35529923821683396,0,0,0,101325,100
100320000000,0,0,9.81,0,0,0.3545555797940641,0,0,0,101325,100
100340000000,0,0,9.81,0,0,0.354010044726281,0,0,0,101325,100
100360000000,0,0,9.81,0,0,0.35406886096289164,0,0,0,101325,100
100380000000,0,0,9.81,0,0,0.3553940126047588,0,0,0,101325,100
100400000000,0,0,9.81,0,0,0.3540721626803556,0,0,0,101325,100
100420000000,0,0,9.81,0,0,0.35628589280266215,0,0,0,101325,100
100440000000,0,0,9.81,0,0,0.3549659374664871,0,0,0,101325,100
100460000000,0,0,9.81,0,0,0.3562973803315945,0,0,0,101325,100
100480000000,0,0,9.81,0,0,0.3551884076221865,0,0,0,101325,100
100500000000,0,0,9.81,0,0,0.35492585237799235,0,0,0,101325,100
100520000000,0,0,9.81,0,0,0.3550034902546699,0,0,0,101325,100
100540000000,0,0,9.81,0,0,0.35326586758506723,0,0,0,101325,100
100560000000,0,0,9.81,0,0,0.354656634328395,0,0,0,101325,100
100580000000,0,0,9.81,0,0,0.3555432032214723,0,0,0,101325,100
100600000000,0,0,9.81,0,0,0.35417268151116754,0,0,0,101325,100
100620000000,0,0,9.81,0,0,0.35486487704822633,0,0,0,101325,100
100640000000,0,0,9.81,0,0,0.35339636375305067,0,0,0,101325,100
100660000000,0,0,9.81,0,0,0.3550115140317789,0,0,0,101325,100
100680000000,0,0,9.81,0,0,0.3538928634429843,0,0,0,101325,100
100700000000,0,0,9.81,0,0,0.35478632775615027,0,0,0,101325,100
100720000000,0,0,9.81,0,0,0.3549897684139818,0,0,0,101325,100
100740000000,0,0,9.81,0,0,0.3560704935869325,0,0,0,101325,100
100760000000,0,0,9.81,0,0,0.3554823748310856,0,0,0,101325,100
100780000000,0,0,9.81,0,0,0.35484165421381114,0,0,0,101325,100
100800000000,0,0,9.81,0,0,0.3555522496407242,0,0,0,101325,100
100820000000,0,0,9.81,0,0,0.35464707904339327,0,0,0,101325,100
100840000000,0,0,9.81,0,0,0.3552673023993723,0,0,0,101325,100
100860000000,0,0,9.81,0,0,0.35447788724003637,0,0,0,101325,100
100880000000,0,0,9.81,0,0,0.354695067947062,0,0,0,101325,100
100900000000,0,0,9.81,0,0,0.3557926985043041,0,0,0,101325,100
100920000000,0,0,9.81,0,0,0.3552864963468609,0,0,0,101325,100
100940000000,0,0,9.81,0,0,0.3559448623379555,0,0,0,101325,100
100960000000,0,0,9.81,0,0,0.3555005449834627,0,0,0,101325,100
100980000000,0,0,9.81,0,0,0.3548041037370946,0,0,0,101325,100
101000000000,0,0,9.81,0,0,0.35306088626376037,0,0,0,101325,100
101020000000,0,0,9.81,0,0,0.3533348062146474,0,0,0,101325,100
101040000000,0,0,9.81,0,0,0.353800916167726,0,0,0,101325,100
101060000000,0,0,9.81,0,0,0.35547732092167267,0,0,0,101325,100
101080000000,0,0,9.81,0,0,0.3559118185652796,0,0,0,101325,100
101100000000,0,0,9.81,0,0,0.3552521319516056,0,0,0,101325,100
101120000000,0,0,9.81,0,0,0.3552246973937047,0,0,0,101325,100
101140000000,0,0,9.81,0,0,0.355346191834348,0,0,0,101325,100
101160000000,0,0,9.81,0,0,0.3538238771417366,0,0,0,101325,100
101180000000,0,0,9.81,0,0,0.35485502763530424,0,0,0,101325,100
101200000000,0,0,9.81,0,0,0.35577676292814375,0,0,0,101325,100
101220000000,0,0,9.81,0,0,0.3550856656910032,0,0,0,101325,100
101240000000,0,0,9.81,0,0,0.35437690191409504,0,0,0,101325,100
101260000000,0,0,9.81,0,0,0.3537048782921588,0,0,0,101325,100
101280000000,0,0,9.81,0,0,0.3556285912116244,0,0,0,101325,100
101300000000,0,0,9.81,0,0,0.3560263085578647,0,0,0,101325,100
101320000000,0,0,9.81,0,0,0.3541790837967106,0,0,0,101325,100
101340000000,0,0,9.81,0,0,0.35476069848526576,0,0,0,101325,100
101360000000,0,0,9.81,0,0,0.35444978597082183,0,0,0,101325,100
101380000000,0,0,9.81,0,0,0.35549315560312084,0,0,0,101325,100
101400000000,0,0,9.81,0,0,0.3550598977377231,0,0,0,101325,100
101420000000,0,0,9.81,0,0,0.35536325398160284,0,0,0,101325,100
101440000000,0,0,9.81,0,0,0.35453496873942403,0,0,0,101325,100
101460000000,0,0,9.81,0,0,0.35559112165490575,0,0,0,101325,100
101480000000,0,0,9.81,0,0,0.35417638459812956,0,0,0,101325,100
101500000000,0,0,9.81,0,0,0.3547182425273206,0,0,0,101325,100
101520000000,0,0,9.81,0,0,0.35428429876030854,0,0,0,101325,100
101540000000,0,0,9.81,0,0,0.3539467931389945,0,0,0,101325,100
101560000000,0,0,9.81,0,0,0.35516326738403503,0,0,0,101325,100
101580000000,0,0,9.81,0,0,0.35627374693732217,0,0,0,101325,100
101600000000,0,0,9.81,0,0,0.3551845102200233,0,0,0,101325,100
101620000000,0,0,9.81,0,0,0.35542081009230303,0,0,0,101325,100
101640000000,0,0,9.81,0,0,0.3535771830414348,0,0,0,101325,100
101660000000,0,0,9.81,0,0,0.3560182190122624,0,0,0,101325,100
101680000000,0,0,9.81,0,0,0.3539720339183258,0,0,0,101325,100
101700000000,0,0,9.81,0,0,0.35564398783718565,0,0,0,101325,100
101720000000,0,0,9.81,0,0,0.3549651902378272,0,0,0,101325,100
101740000000,0,0,9.81,0,0,0.3554192152859218,0,0,0,101325,100
101760000000,0,0,9.81,0,0,0.354801854775078,0,0,0,101325,100
101780000000,0,0,9.81,0,0,0.355688134658948,0,0,0,101325,100
101800000000,0,0,9.81,0,0,0.35457960435944746,0,0,0,101325,100
101820000000,0,0,9.81,0,0,0.3560299445296489,0,0,0,101325,100
101840000000,0,0,9.81,0,0,0.3552706564549941,0,0,0,101325,100
101860000000,0,0,9.81,0,0,0.3548851317755718,0,0,0,101325,100
101880000000,0,0,9.81,0,0,0.35570629176714313,0,0,0,101325,100
101900000000,0,0,9.81,0,0,0.3547024107701564,0,0,0,101325,100
101920000000,0,0,9.81,0,0,0.3537469518611451,0,0,0,101325,100
101940000000,0,0,9.81,0,0,0.355071299632801,0,0,0,101325,100
101960000000,0,0,9.81,0,0,0.35431038375287177,0,0,0,101325,100
101980000000,0,0,9.81,0,0,0.3567254958597435,0,0,0,101325,100
102000000000,0,0,9.81,0,0,0.35593791467961267,0,0,0,101325,100
102020000000,0,0,9.81,0,0,0.35532937234654277,0,0,0,101325,100
102040000000,0,0,9.81,0,0,0.35432421147158055,0,0,0,101325,100
102060000000,0,0,9.81,0,0,0.35476906500686967,0,0,0,101325,100
102080000000,0,0,9.81,0,0,0.35534332469832686,0,0,0,101325,100
102100000000,0,0,9.81,0,0,0.3544763055113597,0,0,0,101325,100
102120000000,0,0,9.81,0,0,0.3536884538064803,0,0,0,101325,100
102140000000,0,0,9.81,0,0,0.3556806813992388,0,0,0,101325,100
102160000000,0,0,9.81,0,0,0.3578856995172651,0,0,0,101325,100
102180000000,0,0,9.81,0,0,0.35556863609990874,0,0,0,101325,100
102200000000,0,0,9.81,0,0,0.3560763562571718,0,0,0,101325,100
102220000000,0,0,9.81,0,0,0.35305454650553936,0,0,0,101325,100
102240000000,0,0,9.81,0,0,0.3539341576905385,0,0,0,101325,100
102260000000,0,0,9.81,0,0,0.35504629636601215,0,0,0,101325,100
102280000000,0,0,9.81,0,0,0.35375789539617114,0,0,0,101325,100
102300000000,0,0,9.81,0,0,0.3526894648677117,0,0,0,101325,100
102320000000,0,0,9.81,0,0,0.3548725900801875,0,0,0,101325,100
102340000000,0,0,9.81,0,0,0.3551591719606775,0,0,0,101325,100
102360000000,0,0,9.81,0,0,0.3565516796017257,0,0,0,101325,100
102380000000,0,0,9.81,0,0,0.35503725478637366,0,0,0,101325,100
102400000000,0,0,9.81,0,0,0.3542741804594342,0,0,0,101325,100
102420000000,0,0,9.81,0,0,0.3535953998533129,0,0,0,101325,100
102440000000,0,0,9.81,0,0,0.3553363257044797,0,0,0,101325,100
102460000000,0,0,9.81,0,0,0.35514432653449146,0,0,0,101325,100
102480000000,0,0,9.81,0,0,0.3545405816704722,0,0,0,101325,100
102500000000,0,0,9.81,0,0,0.35407671652844785,0,0,0,101325,100
102520000000,0,0,9.81,0,0,0.35524545602313934,0,0,0,101325,100
102540000000,0,0,9.81,0,0,0.35473481499554876,0,0,0,101325,100
102560000000,0,0,9.81,0,0,0.35552078071006404,0,0,0,101325,100
102580000000,0,0,9.81,0,0,0.3560111914490517,0,0,0,101325,100
102600000000,0,0,9.81,0,0,0.35510613942261227,0,0,0,101325,100
102620000000,0,0,9.81,0,0,0.35384323768783715,0,0,0,101325,100
102640000000,0,0,9.81,0,0,0.35610554249671916,0,0,0,101325,100
102660000000,0,0,9.81,0,0,0.3542257156125245,0,0,0,101325,100
102680000000,0,0,9.81,0,0,0.3543302926444508,0,0,0,101325,100
102700000000,0,0,9.81,0,0,0.35537398906871237,0,0,0,101325,100
102720000000,0,0,9.81,0,0,0.3551036381778511,0,0,0,101325,100
102740000000,0,0,9.81,0,0,0.35654525664679526,0,0,0,101325,100
102760000000,0,0,9.81,0,0,0.3555439331511178,0,0,0,101325,100
102780000000,0,0,9.81,0,0,0.35529906135583217,0,0,0,101325,100
102800000000,0,0,9.81,0,0,0.355794708243248,0,0,0,101325,100
102820000000,0,0,9.81,0,0,0.3558201227150869,0,0,0,101325,100
102840000000,0,0,9.81,0,0,0.35492157306326433,0,0,0,101325,100
102860000000,0,0,9.81,0,0,0.3568683324741591,0,0,0,101325,100
102880000000,0,0,9.81,0,0,0.3558341603420174,0,0,0,101325,100
102900000000,0,0,9.81,0,0,0.35513689559191997,0,0,0,101325,100
102920000000,0,0,9.81,0,0,0.35528930713437146,0,0,0,101325,100
102940000000,0,0,9.81,0,0,0.35567045182051493,0,0,0,101325,100
102960000000,0,0,9.81,0,0,0.3552047891403162,0,0,0,101325,100
102980000000,0,0,9.81,0,0,0.35537257784443993,0,0,0,101325,100
103000000000,0,0,9.81,0,0,0.3551164934854421,0,0,0,101325,100
103020000000,0,0,9.81,0,0,0.35602306952878304,0,0,0,101325,100
103040000000,0,0,9.81,0,0,0.3542540061144524,0,0,0,101325,100
103060000000,0,0,9.81,0,0,0.35506505076410655,0,0,0,101325,100
103080000000,0,0,9.81,0,0,0.3545467884439891,0,0,0,101325,100
103100000000,0,0,9.81,0,0,0.35707223964488527,0,0,0,101325,100
103120000000,0,0,9.81,0,0,0.35733678500720334,0,0,0,101325,100
103140000000,0,0,9.81,0,0,0.355519584284972,0,0,0,101325,100
103160000000,0,0,9.81,0,0,0.35509436177630493,0,0,0,101325,100
103180000000,0,0,9.81,0,0,0.35534109005186265,0,0,0,101325,100
103200000000,0,0,9.81,0,0,0.35427044445395167,0,0,0,101325,100
103220000000,0,0,9.81,0,0,0.3552827967410133,0,0,0,101325,100
103240000000,0,0,9.81,0,0,0.35510483697306533,0,0,0,101325,100
103260000000,0,0,9.81,0,0,0.3551686028646188,0,0,0,101325,100
103280000000,0,0,9.81,0,0,0.35527297840108946,0,0,0,101325,100
103300000000,0,0,9.81,0,0,0.3559435552288491,0,0,0,101325,100
103320000000,0,0,9.81,0,0,0.3568292847742048,0,0,0,101325,100
103340000000,0,0,9.81,0,0,0.35318764750008735,0,0,0,101325,100
103360000000,0,0,9.81,0,0,0.3581927605051615,0,0,0,101325,100
103380000000,0,0,9.81,0,0,0.35475601412386415,0,0,0,101325,100
103400000000,0,0,9.81,0,0,0.355289053513042,0,0,0,101325,100
103420000000,0,0,9.81,0,0,0.35393759685620707,0,0,0,101325,100
103440000000,0,0,9.81,0,0,0.3543127837125446,0,0,0,101325,100
103460000000,0,0,9.81,0,0,0.35487730801339695,0,0,0,101325,100
103480000000,0,0,9.81,0,0,0.3553340515118399,0,0,0,101325,100
103500000000,0,0,9.81,0,0,0.3533122254706703,0,0,0,101325,100
103520000000,0,0,9.81,0,0,0.3551910895676821,0,0,0,101325,100
103540000000,0,0,9.81,0,0,0.35449914565807417,0,0,0,101325,100
103560000000,0,0,9.81,0,0,0.355321184444368,0,0,0,101325,100
103580000000,0,0,9.81,0,0,0.3560151793019069,0,0,0,101325,100
103600000000,0,0,9.81,0,0,0.35596238201548064,0,0,0,101325,100
103620000000,0,0,9.81,0,0,0.35351007413029256,0,0,0,101325,100
103640000000,0,0,9.81,0,0,0.3553329144945729,0,0,0,101325,100
103660000000,0,0,9.81,0,0,0.35557820633295484,0,0,0,101325,100
103680000000,0,0,9.81,0,0,0.3559562331810769,0,0,0,101325,100
103700000000,0,0,9.81,0,0,0.35449437022488034,0,0,0,101325,100
103720000000,0,0,9.81,0,0,0.35499697074326064,0,0,0,101325,100
103740000000,0,0,9.81,0,0,0.3550288493261555,0,0,0,101325,100
103760000000,0,0,9.81,0,0,0.35514012843207166,0,0,0,101325,100
103780000000,0,0,9.81,0,0,0.3546499719089391,0,0,0,101325,100
103800000000,0,0,9.81,0,0,0.3547118128598877,0,0,0,101325,100
103820000000,0,0,9.81,0,0,0.3570369523809552,0,0,0,101325,100
103840000000,0,0,9.81,0,0,0.3537141664890579,0,0,0,101325,100
103860000000,0,0,9.81,0,0,0.35583972708051415,0,0,0,101325,100
103880000000,0,0,9.81,0,0,0.35577797409206197,0,0,0,101325,100
103900000000,0,0,9.81,0,0,0.355848682052872,0,0,0,101325,100
103920000000,0,0,9.81,0,0,0.35412113700880204,0,0,0,101325,100
103940000000,0,0,9.81,0,0,0.35536920963868324,0,0,0,101325,100
103960000000,0,0,9.81,0,0,0.3548116165563032,0,0,0,101325,100
103980000000,0,0,9.81,0,0,0.35530540951608697,0,0,0,101325,100
104000000000,0,0,9.81,0,0,0.35553646207063533,0,0,0,101325,100
104020000000,0,0,9.81,0,0,0.3542535776486217,0,0,0,101325,100
104040000000,0,0,9.81,0,0,0.35544325043941394,0,0,0,101325,100
104060000000,0,0,9.81,0,0,0.35499347855567864,0,0,0,101325,100
104080000000,0,0,9.81,0,0,0.3536893203889649,0,0,0,101325,100
104100000000,0,0,9.81,0,0,0.35737433165947136,0,0,0,101325,100
104120000000,0,0,9.81,0,0,0.35422414628001553,0,0,0,101325,100
104140000000,0,0,9.81,0,0,0.35610518478527065,0,0,0,101325,100
104160000000,0,0,9.81,0,0,0.3544487913742379,0,0,0,101325,100
104180000000,0,0,9.81,0,0,0.35505738955959126,0,0,0,101325,100
104200000000,0,0,9.81,0,0,0.35528990574040664,0,0,0,101325,100
104220000000,0,0,9.81,0,0,0.35543799829786976,0,0,0,101325,100
104240000000,0,0,9.81,0,0,0.3565249506496733,0,0,0,101325,100
104260000000,0,0,9.81,0,0,0.3550235986406327,0,0,0,101325,100
104280000000,0,0,9.81,0,0,0.35658544465112496,0,0,0,101325,100
104300000000,0,0,9.81,0,0,0.35519457442884445,0,0,0,101325,100
104320000000,0,0,9.81,0,0,0.3541980683504956,0,0,0,101325,100
104340000000,0,0,9.81,0,0,0.3556467151276616,0,0,0,101325,100
104360000000,0,0,9.81,0,0,0.3544919828143481,0,0,0,101325,100
104380000000,0,0,9.81,0,0,0.3565439781754533,0,0,0,101325,100
104400000000,0,0,9.81,0,0,0.3557403475967661,0,0,0,101325,100
104420000000,0,0,9.81,0,0,0.3559208215278871,0,0,0,101325,100
104440000000,0,0,9.81,0,0,0.3539844724950246,0,0,0,101325,100
104460000000,0,0,9.81,0,0,0.35550268722271655,0,0,0,101325,100
104480000000,0,0,9.81,0,0,0.3522050248390009,0,0,0,101325,100
104500000000,0,0,9.81,0,0,0.35450214451772,0,0,0,101325,100
104520000000,0,0,9.81,0,0,0.35430884486054726,0,0,0,101325,100
104540000000,0,0,9.81,0,0,0.3540441048897784,0,0,0,101325,100
104560000000,0,0,9.81,0,0,0.35607807616079007,0,0,0,101325,100
104580000000,0,0,9.81,0,0,0.3541340762181296,0,0,0,101325,100
104600000000,0,0,9.81,0,0,0.35357701493333693,0,0,0,101325,100
104620000000,0,0,9.81,0,0,0.35660685247360246,0,0,0,101325,100
104640000000,0,0,9.81,0,0,0.3548308622514546,0,0,0,101325,100
104660000000,0,0,9.81,0,0,0.3553357522396379,0,0,0,101325,100
104680000000,0,0,9.81,0,0,0.35416819369531294,0,0,0,101325,100
104700000000,0,0,9.81,0,0,0.3557044068594045,0,0,0,101325,100
104720000000,0,0,9.81,0,0,0.3551663991205567,0,0,0,101325,100
104740000000,0,0,9.81,0,0,0.3569320189212423,0,0,0,101325,100
104760000000,0,0,9.81,0,0,0.35476883623467464,0,0,0,101325,100
104780000000,0,0,9.81,0,0,0.35500452591380527,0,0,0,101325,100
104800000000,0,0,9.81,0,0,0.35622645842480133,0,0,0,101325,100
104820000000,0,0,9.81,0,0,0.35531909583729193,0,0,0,101325,100
104840000000,0,0,9.81,0,0,0.3538079240993784,0,0,0,101325,100
104860000000,0,0,9.81,0,0,0.354967928302619,0,0,0,101325,100
104880000000,0,0,9.81,0,0,0.3550196465291886,0,0,0,101325,100
104900000000,0,0,9.81,0,0,0.3562688766799921,0,0,0,101325,100
104920000000,0,0,9.81,0,0,0.35378714575711706,0,0,0,101325,100
104940000000,0,0,9.81,0,0,0.3547636625155374,0,0,0,101325,100
104960000000,0,0,9.81,0,0,0.35434150068106707,0,0,0,101325,100
104980000000,0,0,9.81,0,0,0.3547367445077146,0,0,0,101325,100
105000000000,0,0,9.81,0,0,0.3543788348540581,0,0,0,101325,100
105020000000,0,0,9.81,0,0,0.35419877395583954,0,0,0,101325,100
105040000000,0,0,9.81,0,0,0.3560262879068013,0,0,0,101325,100
105060000000,0,0,9.81,0,0,0.3551250199926989,0,0,0,101325,100
105080000000,0,0,9.81,0,0,0.3557574889124446,0,0,0,101325,100
105100000000,0,0,9.81,0,0,0.35409506742139596,0,0,0,101325,100
105120000000,0,0,9.81,0,0,0.3546684974566206,0,0,0,101325,100
105140000000,0,0,9.81,0,0,0.35659199255322227,0,0,0,101325,100
105160000000,0,0,9.81,0,0,0.3549265027812282,0,0,0,101325,100
105180000000,0,0,9.81,0,0,0.3549406947709867,0,0,0,101325,100
105200000000,0,0,9.81,0,0,0.35534450144305374,0,0,0,101325,100
105220000000,0,0,9.81,0,0,0.3554205840172321,0,0,0,101325,100
105240000000,0,0,9.81,0,0,0.35547119037103125,0,0,0,101325,100
105260000000,0,0,9.81,0,0,0.35469547430556553,0,0,0,101325,100
105280000000,0,0,9.81,0,0,0.3539973918120589,0,0,0,101325,100
105300000000,0,0,9.81,0,0,0.35467126999821436,0,0,0,101325,100
105320000000,0,0,9.81,0,0,0.3539946166547828,0,0,0,101325,100
105340000000,0,0,9.81,0,0,0.3554237105652544,0,0,0,101325,100
105360000000,0,0,9.81,0,0,0.3535392807177537,0,0,0,101325,100
105380000000,0,0,9.81,0,0,0.3543412612020933,0,0,0,101325,100
105400000000,0,0,9.81,0,0,0.35665652562920663,0,0,0,101325,100
105420000000,0,0,9.81,0,0,0.35471483473700216,0,0,0,101325,100
105440000000,0,0,9.81,0,0,0.35501170116899144,0,0,0,101325,100
105460000000,0,0,9.81,0,0,0.35477932493854586,0,0,0,101325,100
105480000000,0,0,9.81,0,0,0.3558524656348853,0,0,0,101325,100
105500000000,0,0,9.81,0,0,0.35628326491258433,0,0,0,101325,100
105520000000,0,0,9.81,0,0,0.35484670590566925,0,0,0,101325,100
105540000000,0,0,9.81,0,0,0.35418680640073996,0,0,0,101325,100
105560000000,0,0,9.81,0,0,0.35537294004181724,0,0,0,101325,100
105580000000,0,0,9.81,0,0,0.35535854393113037,0,0,0,101325,100
105600000000,0,0,9.81,0,0,0.3556144590049774,0,0,0,101325,100
105620000000,0,0,9.81,0,0,0.3552701318248489,0,0,0,101325,100
105640000000,0,0,9.81,0,0,0.3552236666546111,0,0,0,101325,100
105660000000,0,0,9.81,0,0,0.3554762831094722,0,0,0,101325,100
105680000000,0,0,9.81,0,0,0.35401496118807957,0,0,0,101325,100
105700000000,0,0,9.81,0,0,0.35553994222963775,0,0,0,101325,100
105720000000,0,0,9.81,0,0,0.35409921084194373,0,0,0,101325,100
105740000000,0,0,9.81,0,0,0.3553917105246239,0,0,0,101325,100
105760000000,0,0,9.81,0,0,0.3551015915993977,0,0,0,101325,100
105780000000,0,0,9.81,0,0,0.35447228364888955,0,0,0,101325,100
105800000000,0,0,9.81,0,0,0.354590082925423,0,0,0,101325,100
105820000000,0,0,9.81,0,0,0.3535027495533257,0,0,0,101325,100
105840000000,0,0,9.81,0,0,0.3557373855991114,0,0,0,101325,100
105860000000,0,0,9.81,0,0,0.35396700019841243,0,0,0,101325,100
105880000000,0,0,9.81,0,0,0.3550148177321122,0,0,0,101325,100
105900000000,0,0,9.81,0,0,0.3573796893532324,0,0,0,101325,100
105920000000,0,0,9.81,0,0,0.3551599626065739,0,0,0,101325,100
105940000000,0,0,9.81,0,0,0.35369909086859147,0,0,0,101325,100
105960000000,0,0,9.81,0,0,0.35460772279500175,0,0,0,101325,100
105980000000,0,0,9.81,0,0,0.3542969552248648,0,0,0,101325,100
106000000000,0,0,9.81,0,0,0.3568889222474265,0,0,0,101325,100
106020000000,0,0,9.81,0,0,0.3567988195061896,0,0,0,101325,100
106040000000,0,0,9.81,0,0,0.3545742501845242,0,0,0,101325,100
106060000000,0,0,9.81,0,0,0.35795414595775227,0,0,0,101325,100
106080000000,0,0,9.81,0,0,0.35438566083268974,0,0,0,101325,100
106100000000,0,0,9.81,0,0,0.355467223953443,0,0,0,101325,100
106120000000,0,0,9.81,0,0,0.354232778740182,0,0,0,101325,100
106140000000,0,0,9.81,0,0,0.35364530051620174,0,0,0,101325,100
106160000000,0,0,9.81,0,0,0.355789857735643,0,0,0,101325,100
106180000000,0,0,9.81,0,0,0.35522017715259663,0,0,0,101325,100
106200000000,0,0,9.81,0,0,0.35661048912448345,0,0,0,101325,100
106220000000,0,0,9.81,0,0,0.3549186646359457,0,0,0,101325,100
106240000000,0,0,9.81,0,0,0.3553150589852912,0,0,0,101325,100
106260000000,0,0,9.81,0,0,0.3550999083766505,0,0,0,101325,100
106280000000,0,0,9.81,0,0,0.3550962069127897,0,0,0,101325,100
106300000000,0,0,9.81,0,0,0.35452524589932843,0,0,0,101325,100
106320000000,0,0,9.81,0,0,0.3544333135819646,0,0,0,101325,100
106340000000,0,0,9.81,0,0,0.35549069374609155,0,0,0,101325,100
106360000000,0,0,9.81,0,0,0.3545757499623744,0,0,0,101325,100
106380000000,0,0,9.81,0,0,0.35525069852302793,0,0,0,101325,100
106400000000,0,0,9.81,0,0,0.355633505119463,0,0,0,101325,100
106420000000,0,0,9.81,0,0,0.35667555519876815,0,0,0,101325,100
106440000000,0,0,9.81,0,0,0.35253177196142377,0,0,0,101325,100
106460000000,0,0,9.81,0,0,0.3546982151793525,0,0,0,101325,100
106480000000,0,0,9.81,0,0,0.3548944840032743,0,0,0,101325,100
106500000000,0,0,9.81,0,0,0.35639932383957346,0,0,0,101325,100
106520000000,0,0,9.81,0,0,0.3545732589359049,0,0,0,101325,100
106540000000,0,0,9.81,0,0,0.3557451284692422,0,0,0,101325,100
106560000000,0,0,9.81,0,0,0.35624795654320557,0,0,0,101325,100
106580000000,0,0,9.81,0,0,0.35470909151030017,0,0,0,101325,100
106600000000,0,0,9.81,0,0,0.35625338975605386,0,0,0,101325,100
106620000000,0,0,9.81,0,0,0.35570059445355645,0,0,0,101325,100
106640000000,0,0,9.81,0,0,0.35379538436518615,0,0,0,101325,100
106660000000,0,0,9.81,0,0,0.35376742830178604,0,0,0,101325,100
106680000000,0,0,9.81,0,0,0.3547569271669923,0,0,0,101325,100
106700000000,0,0,9.81,0,0,0.35313248296371,0,0,0,101325,100
106720000000,0,0,9.81,0,0,0.3540212113154807,0,0,0,101325,100
106740000000,0,0,9.81,0,0,0.3568169416964313,0,0,0,101325,100
106760000000,0,0,9.81,0,0,0.35453038711135254,0,0,0,101325,100
106780000000,0,0,9.81,0,0,0.35560596400713246,0,0,0,101325,100
106800000000,0,0,9.81,0,0,0.35606139864855585,0,0,0,101325,100
106820000000,0,0,9.81,0,0,0.3545137062425292,0,0,0,101325,100
106840000000,0,0,9.81,0,0,0.3553526273435087,0,0,0,101325,100
106860000000,0,0,9.81,0,0,0.3556726966215314,0,0,0,101325,100
106880000000,0,0,9.81,0,0,0.3551024027309934,0,0,0,101325,100
106900000000,0,0,9.81,0,0,0.35330330714793257,0,0,0,101325,100
106920000000,0,0,9.81,0,0,0.35410054461068635,0,0,0,101325,100
106940000000,0,0,9.81,0,0,0.3562645029114981,0,0,0,101325,100
106960000000,0,0,9.81,0,0,0.3540375570081575,0,0,0,101325,100
106980000000,0,0,9.81,0,0,0.35594034165053906,0,0,0,101325,100
107000000000,0,0,9.81,0,0,0.3550754621525515,0,0,0,101325,100
107020000000,0,0,9.81,0,0,0.3552072777831044,0,0,0,101325,100
107040000000,0,0,9.81,0,0,0.3554297471325351,0,0,0,101325,100
107060000000,0,0,9.81,0,0,0.3542181057261537,0,0,0,101325,100
107080000000,0,0,9.81,0,0,0.3545585328772115,0,0,0,101325,100
107100000000,0,0,9.81,0,0,0.3544881550271961,0,0,0,101325,100
107120000000,0,0,9.81,0,0,0.3542668106259707,0,0,0,101325,100
107140000000,0,0,9.81,0,0,0.3526530071897093,0,0,0,101325,100
107160000000,0,0,9.81,0,0,0.35483072045885056,0,0,0,101325,100
107180000000,0,0,9.81,0,0,0.35581909208914214,0,0,0,101325,100
107200000000,0,0,9.81,0,0,0.3543819135544612,0,0,0,101325,100
107220000000,0,0,9.81,0,0,0.3544743108395791,0,0,0,101325,100
107240000000,0,0,9.81,0,0,0.35456351782991075,0,0,0,101325,100
107260000000,0,0,9.81,0,0,0.35449963110005484,0,0,0,101325,100
107280000000,0,0,9.81,0,0,0.3549552549961346,0,0,0,101325,100
107300000000,0,0,9.81,0,0,0.35447511792407677,0,0,0,101325,100
107320000000,0,0,9.81,0,0,0.35570415610635964,0,0,0,101325,100
107340000000,0,0,9.81,0,0,0.3554542045679994,0,0,0,101325,100
107360000000,0,0,9.81,0,0,0.35637224541864854,0,0,0,101325,100
107380000000,0,0,9.81,0,0,0.35438233168143546,0,0,0,101325,100
107400000000,0,0,9.81,0,0,0.35595242468599675,0,0,0,101325,100
107420000000,0,0,9.81,0,0,0.3540675473946982,0,0,0,101325,100
107440000000,0,0,9.81,0,0,0.355590742675773,0,0,0,101325,100
107460000000,0,0,9.81,0,0,0.35494643354848454,0,0,0,101325,100
107480000000,0,0,9.81,0,0,0.3554822379057052,0,0,0,101325,100
107500000000,0,0,9.81,0,0,0.35422905685674355,0,0,0,101325,100
107520000000,0,0,9.81,0,0,0.3553307326947244,0,0,0,101325,100
107540000000,0,0,9.81,0,0,0.3552033966508323,0,0,0,101325,100
107560000000,0,0,9.81,0,0,0.35403781733844014,0,0,0,101325,100
107580000000,0,0,9.81,0,0,0.35392463643977545,0,0,0,101325,100
107600000000,0,0,9.81,0,0,0.3556982421004568,0,0,0,101325,100
107620000000,0,0,9.81,0,0,0.35705110381302424,0,0,0,101325,100
107640000000,0,0,9.81,0,0,0.3544612909157383,0,0,0,101325,100
107660000000,0,0,9.81,0,0,0.3561519392479144,0,0,0,101325,100
107680000000,0,0,9.81,0,0,0.35452693976987404,0,0,0,101325,100
107700000000,0,0,9.81,0,0,0.3550376631625875,0,0,0,101325,100
107720000000,0,0,9.81,0,0,0.3556444076263906,0,0,0,101325,100
107740000000,0,0,9.81,0,0,0.35556036563233856,0,0,0,101325,100
107760000000,0,0,9.81,0,0,0.35458838545086413,0,0,0,101325,100
107780000000,0,0,9.81,0,0,0.35545689314070905,0,0,0,101325,100
107800000000,0,0,9.81,0,0,0.35472875158907435,0,0,0,101325,100
107820000000,0,0,9.81,0,0,0.3567411353827663,0,0,0,101325,100
107840000000,0,0,9.81,0,0,0.35446141373904266,0,0,0,101325,100
107860000000,0,0,9.81,0,0,0.3548768537659786,0,0,0,101325,100
107880000000,0,0,9.81,0,0,0.354849842079545,0,0,0,101325,100
107900000000,0,0,9.81,0,0,0.35621062349441274,0,0,0,101325,100
107920000000,0,0,9.81,0,0,0.3540954174951771,0,0,0,101325,100
107940000000,0,0,9.81,0,0,0.3555849709566282,0,0,0,101325,100
107960000000,0,0,9.81,0,0,0.3553409642210892,0,0,0,101325,100
107980000000,0,0,9.81,0,0,0.3549518056262944,0,0,0,101325,100
108000000000,0,0,9.81,0,0,0.3552488657238129,0,0,0,101325,100
108020000000,0,0,9.81,0,0,0.3558108170037216,0,0,0,101325,100
108040000000,0,0,9.81,0,0,0.35525781916116533,0,0,0,101325,100
108060000000,0,0,9.81,0,0,0.3548411257904762,0,0,0,101325,100
108080000000,0,0,9.81,0,0,0.3551546792763118,0,0,0,101325,100
108100000000,0,0,9.81,0,0,0.3541926090223854,0,0,0,101325,100
108120000000,0,0,9.81,0,0,0.35604058848642534,0,0,0,101325,100
108140000000,0,0,9.81,0,0,0.3539214283393003,0,0,0,101325,100
108160000000,0,0,9.81,0,0,0.3537489630326748,0,0,0,101325,100
108180000000,0,0,9.81,0,0,0.35423027909424304,0,0,0,101325,100
108200000000,0,0,9.81,0,0,0.3540653394426916,0,0,0,101325,100
108220000000,0,0,9.81,0,0,0.3558155230370867,0,0,0,101325,100
108240000000,0,0,9.81,0,0,0.3552191544130939,0,0,0,101325,100
108260000000,0,0,9.81,0,0,0.3542856102145746,0,0,0,101325,100
108280000000,0,0,9.81,0,0,0.35475386593744346,0,0,0,101325,100
108300000000,0,0,9.81,0,0,0.3550884593772022,0,0,0,101325,100
108320000000,0,0,9.81,0,0,0.35541539827737456,0,0,0,101325,100
108340000000,0,0,9.81,0,0,0.354188593280814,0,0,0,101325,100
108360000000,0,0,9.81,0,0,0.3550574738955138,0,0,0,101325,100
108380000000,0,0,9.81,0,0,0.3555333758843673,0,0,0,101325,100
108400000000,0,0,9.81,0,0,0.35571351241362836,0,0,0,101325,100
108420000000,0,0,9.81,0,0,0.35352913904394334,0,0,0,101325,100
108440000000,0,0,9.81,0,0,0.3557718220245235,0,0,0,101325,100
108460000000,0,0,9.81,0,0,0.35371140169716053,0,0,0,101325,100
108480000000,0,0,9.81,0,0,0.35581284110474676,0,0,0,101325,100
108500000000,0,0,9.81,0,0,0.3526535131831124,0,0,0,101325,100
108520000000,0,0,9.81,0,0,0.3545267754293041,0,0,0,101325,100
108540000000,0,0,9.81,0,0,0.354602955862355,0,0,0,101325,100
108560000000,0,0,9.81,0,0,0.35571950581554396,0,0,0,101325,100
108580000000,0,0,9.81,0,0,0.35577917289617816,0,0,0,101325,100
108600000000,0,0,9.81,0,0,0.35498091275197513,0,0,0,101325,100
108620000000,0,0,9.81,0,0,0.3534756766814533,0,0,0,101325,100
108640000000,0,0,9.81,0,0,0.3563769925958038,0,0,0,101325,100
108660000000,0,0,9.81,0,0,0.3552816440012615,0,0,0,101325,100
108680000000,0,0,9.81,0,0,0.3556543395015471,0,0,0,101325,100
108700000000,0,0,9.81,0,0,0.35412827028539745,0,0,0,101325,100
108720000000,0,0,9.81,0,0,0.35341752339354365,0,0,0,101325,100
108740000000,0,0,9.81,0,0,0.3553150425280243,0,0,0,101325,100
108760000000,0,0,9.81,0,0,0.35563151433083817,0,0,0,101325,100
108780000000,0,0,9.81,0,0,0.3544088003561777,0,0,0,101325,100
108800000000,0,0,9.81,0,0,0.35586610673098534,0,0,0,101325,100
108820000000,0,0,9.81,0,0,0.3560926875555019,0,0,0,101325,100
108840000000,0,0,9.81,0,0,0.3547363682682235,0,0,0,101325,100
108860000000,0,0,9.81,0,0,0.3546237855552284,0,0,0,101325,100
108880000000,0,0,9.81,0,0,0.35550519814822373,0,0,0,101325,100
108900000000,0,0,9.81,0,0,0.35323054930985176,0,0,0,101325,100
108920000000,0,0,9.81,0,0,0.35569902372153805,0,0,0,101325,100
108940000000,0,0,9.81,0,0,0.35657695109168824,0,0,0,101325,100
108960000000,0,0,9.81,0,0,0.3547757221973897,0,0,0,101325,100
108980000000,0,0,9.81,0,0,0.35493260478843175,0,0,0,101325,100
109000000000,0,0,9.81,0,0,0.35739933209061425,0,0,0,101325,100
109020000000,0,0,9.81,0,0,0.3554119146715638,0,0,0,101325,100
109040000000,0,0,9.81,0,0,0.3558302141259262,0,0,0,101325,100
109060000000,0,0,9.81,0,0,0.354016167822818,0,0,0,101325,100
109080000000,0,0,9.81,0,0,0.35521274329920377,0,0,0,101325,100
109100000000,0,0,9.81,0,0,0.3543501570971903,0,0,0,101325,100
109120000000,0,0,9.81,0,0,0.3544465099718156,0,0,0,101325,100
109140000000,0,0,9.81,0,0,0.3537008677536361,0,0,0,101325,100
109160000000,0,0,9.81,0,0,0.3538235690479555,0,0,0,101325,100
109180000000,0,0,9.81,0,0,0.3561169394464296,0,0,0,101325,100
109200000000,0,0,9.81,0,0,0.3559139537045947,0,0,0,101325,100
109220000000,0,0,9.81,0,0,0.3552776779447655,0,0,0,101325,100
109240000000,0,0,9.81,0,0,0.35595936368629855,0,0,0,101325,100
109260000000,0,0,9.81,0,0,0.35425262478011105,0,0,0,101325,100
109280000000,0,0,9.81,0,0,0.35410233461860485,0,0,0,101325,100
109300000000,0,0,9.81,0,0,0.3548242563993685,0,0,0,101325,100
109320000000,0,0,9.81,0,0,0.35448555834353457,0,0,0,101325,100
109340000000,0,0,9.81,0,0,0.3565754702278965,0,0,0,101325,100
109360000000,0,0,9.81,0,0,0.35493894312065116,0,0,0,101325,100
109380000000,0,0,9.81,0,0,0.35327770818217186,0,0,0,101325,100
109400000000,0,0,9.81,0,0,0.35615090616960576,0,0,0,101325,100
109420000000,0,0,9.81,0,0,0.35317058250671624,0,0,0,101325,100
109440000000,0,0,9.81,0,0,0.3536970144941876,0,0,0,101325,100
109460000000,0,0,9.81,0,0,0.3556339926861173,0,0,0,101325,100
109480000000,0,0,9.81,0,0,0.3563192113875029,0,0,0,101325,100
109500000000,0,0,9.81,0,0,0.3533718733139302,0,0,0,101325,100
109520000000,0,0,9.81,0,0,0.35468062309090803,0,0,0,101325,100
109540000000,0,0,9.81,0,0,0.35502717875882556,0,0,0,101325,100
109560000000,0,0,9.81,0,0,0.3565384637897377,0,0,0,101325,100
109580000000,0,0,9.81,0,0,0.355219781233186,0,0,0,101325,100
109600000000,0,0,9.81,0,0,0.35316516871379317,0,0,0,101325,100
109620000000,0,0,9.81,0,0,0.3555264288625033,0,0,0,101325,100
109640000000,0,0,9.81,0,0,0.3539259502754514,0,0,0,101325,100
109660000000,0,0,9.81,0,0,0.35441059077272485,0,0,0,101325,100
109680000000,0,0,9.81,0,0,0.35667805394486646,0,0,0,101325,100
109700000000,0,0,9.81,0,0,0.35453843929015605,0,0,0,101325,100
109720000000,0,0,9.81,0,0,0.3559043952306523,0,0,0,101325,100
109740000000,0,0,9.81,0,0,0.3548033213665774,0,0,0,101325,100
109760000000,0,0,9.81,0,0,0.3553428932099628,0,0,0,101325,100
109780000000,0,0,9.81,0,0,0.35448013869341827,0,0,0,101325,100
109800000000,0,0,9.81,0,0,0.3545085748156926,0,0,0,101325,100
109820000000,0,0,9.81,0,0,0.3545268736497803,0,0,0,101325,100
109840000000,0,0,9.81,0,0,0.35503658880811767,0,0,0,101325,100
109860000000,0,0,9.81,0,0,0.3565876739423448,0,0,0,101325,100
109880000000,0,0,9.81,0,0,0.3555348825341703,0,0,0,101325,100
109900000000,0,0,9.81,0,0,0.35493971928721724,0,0,0,101325,100
109920000000,0,0,9.81,0,0,0.35478425149108206,0,0,0,101325,100
109940000000,0,0,9.81,0,0,0.35488930379500644,0,0,0,101325,100
109960000000,0,0,9.81,0,0,0.3561543174272701,0,0,0,101325,100
109980000000,0,0,9.81,0,0,0.3541341490593268,0,0,0,101325,100
110000000000,0,0,9.81,0,0,0.35539135254583126,0,0,0,101325,100
110020000000,0,0,9.81,0,0,0.3552362202497101,0,0,0,101325,100
110040000000,0,0,9.81,0,0,0.3569555031371075,0,0,0,101325,100
110060000000,0,0,9.81,0,0,0.35411027477034573,0,0,0,101325,100
110080000000,0,0,9.81,0,0,0.3532564959823442,0,0,0,101325,100
110100000000,0,0,9.81,0,0,0.3548782829367429,0,0,0,101325,100
110120000000,0,0,9.81,0,0,0.35504231905998374,0,0,0,101325,100
110140000000,0,0,9.81,0,0,0.35435069677881825,0,0,0,101325,100
110160000000,0,0,9.81,0,0,0.35634576726986344,0,0,0,101325,100
110180000000,0,0,9.81,0,0,0.35526389698557365,0,0,0,101325,100
110200000000,0,0,9.81,0,0,0.35423634322675757,0,0,0,101325,100
110220000000,0,0,9.81,0,0,0.3561311517109386,0,0,0,101325,100
110240000000,0,0,9.81,0,0,0.35677495590001174,0,0,0,101325,100
110260000000,0,0,9.81,0,0,0.3549305176882023,0,0,0,101325,100
110280000000,0,0,9.81,0,0,0.35581675171732374,0,0,0,101325,100
110300000000,0,0,9.81,0,0,0.35606950551064603,0,0,0,101325,100
110320000000,0,0,9.81,0,0,0.35415505011327214,0,0,0,101325,100
110340000000,0,0,9.81,0,0,0.35502379829874414,0,0,0,101325,100
110360000000,0,0,9.81,0,0,0.3547630835849406,0,0,0,101325,100
110380000000,0,0,9.81,0,0,0.3560335857900896,0,0,0,101325,100
110400000000,0,0,9.81,0,0,0.3547738852933473,0,0,0,101325,100
110420000000,0,0,9.81,0,0,0.3546167112309601,0,0,0,101325,100
110440000000,0,0,9.81,0,0,0.3541762709011983,0,0,0,101325,100
110460000000,0,0,9.81,0,0,0.3561038871649361,0,0,0,101325,100
110480000000,0,0,9.81,0,0,0.3546275814180294,0,0,0,101325,100
110500000000,0,0,9.81,0,0,0.35545356738776207,0,0,0,101325,100
110520000000,0,0,9.81,0,0,0.3540659475869224,0,0,0,101325,100
110540000000,0,0,9.81,0,0,0.355885023910958,0,0,0,101325,100
110560000000,0,0,9.81,0,0,0.3548510346483556,0,0,0,101325,100
110580000000,0,0,9.81,0,0,0.35537654008289765,0,0,0,101325,100
110600000000,0,0,9.81,0,0,0.3551499020970696,0,0,0,101325,100
110620000000,0,0,9.81,0,0,0.35534556697215175,0,0,0,101325,100
110640000000,0,0,9.81,0,0,0.35606876778374086,0,0,0,101325,100
110660000000,0,0,9.81,0,0,0.3552629360102854,0,0,0,101325,100
110680000000,0,0,9.81,0,0,0.3560969582717299,0,0,0,101325,100
110700000000,0,0,9.81,0,0,0.3552385766558846,0,0,0,101325,100
110720000000,0,0,9.81,0,0,0.3544186439833098,0,0,0,101325,100
110740000000,0,0,9.81,0,0,0.35442275750443375,0,0,0,101325,100
110760000000,0,0,9.81,0,0,0.3548770418716157,0,0,0,101325,100
110780000000,0,0,9.81,0,0,0.354627237695939,0,0,0,101325,100
110800000000,0,0,9.81,0,0,0.355620852975185,0,0,0,101325,100
110820000000,0,0,9.81,0,0,0.35593253509745426,0,0,0,101325,100
110840000000,0,0,9.81,0,0,0.35507027368839295,0,0,0,101325,100
110860000000,0,0,9.81,0,0,0.35456047349971437,0,0,0,101325,100
110880000000,0,0,9.81,0,0,0.3562699032341614,0,0,0,101325,100
110900000000,0,0,9.81,0,0,0.35501634258083276,0,0,0,101325,100
110920000000,0,0,9.81,0,0,0.35381415756569146,0,0,0,101325,100
110940000000,0,0,9.81,0,0,0.35676665278853353,0,0,0,101325,100
110960000000,0,0,9.81,0,0,0.3558044343549283,0,0,0,101325,100
110980000000,0,0,9.81,0,0,0.3533054976883588,0,0,0,101325,100
111000000000,0,0,9.81,0,0,0.35473961374653623,0,0,0,101325,100
111020000000,0,0,9.81,0,0,0.3555014974509384,0,0,0,101325,100
111040000000,0,0,9.81,0,0,0.35432982083004555,0,0,0,101325,100
111060000000,0,0,9.81,0,0,0.3547563735121668,0,0,0,101325,100
111080000000,0,0,9.81,0,0,0.352252677150797,0,0,0,101325,100
111100000000,0,0,9.81,0,0,0.35473312673242124,0,0,0,101325,100
111120000000,0,0,9.81,0,0,0.35501794962433914,0,0,0,101325,100
111140000000,0,0,9.81,0,0,0.3540120020638742,0,0,0,101325,100
111160000000,0,0,9.81,0,0,0.35466506646813933,0,0,0,101325,100
111180000000,0,0,9.81,0,0,0.3539104290994987,0,0,0,101325,100
111200000000,0,0,9.81,0,0,0.354660127146814,0,0,0,101325,100
111220000000,0,0,9.81,0,0,0.3554118094640145,0,0,0,101325,100
111240000000,0,0,9.81,0,0,0.35517157109338027,0,0,0,101325,100
111260000000,0,0,9.81,0,0,0.3555953536281505,0,0,0,101325,100
111280000000,0,0,9.81,0,0,0.35606872917966276,0,0,0,101325,100
111300000000,0,0,9.81,0,0,0.35495182796810676,0,0,0,101325,100
111320000000,0,0,9.81,0,0,0.35426250412871896,0,0,0,101325,100
111340000000,0,0,9.81,0,0,0.355073270204081,0,0,0,101325,100
111360000000,0,0,9.81,0,0,0.354604602210066,0,0,0,101325,100
111380000000,0,0,9.81,0,0,0.3577769941916101,0,0,0,101325,100
111400000000,0,0,9.81,0,0,0.3530187020931789,0,0,0,101325,100
111420000000,0,0,9.81,0,0,0.35482379121677193,0,0,0,101325,100
111440000000,0,0,9.81,0,0,0.3538922454597565,0,0,0,101325,100
111460000000,0,0,9.81,0,0,0.35625147686519293,0,0,0,101325,100
111480000000,0,0,9.81,0,0,0.35551894773563897,0,0,0,101325,100
111500000000,0,0,9.81,0,0,0.3539126194870888,0,0,0,101325,100
111520000000,0,0,9.81,0,0,0.35500386823214886,0,0,0,101325,100
111540000000,0,0,9.81,0,0,0.3551599990030164,0,0,0,101325,100
111560000000,0,0,9.81,0,0,0.35486038737398573,0,0,0,101325,100
111580000000,0,0,9.81,0,0,0.3541742139386802,0,0,0,101325,100
111600000000,0,0,9.81,0,0,0.35429434450442243,0,0,0,101325,100
111620000000,0,0,9.81,0,0,0.35437189260528196,0,0,0,101325,100
111640000000,0,0,9.81,0,0,0.3559241175258052,0,0,0,101325,100
111660000000,0,0,9.81,0,0,0.35367549014674177,0,0,0,101325,100
111680000000,0,0,9.81,0,0,0.3551268631266194,0,0,0,101325,100
111700000000,0,0,9.81,0,0,0.3533460676784587,0,0,0,101325,100
111720000000,0,0,9.81,0,0,0.3547958971785953,0,0,0,101325,100
111740000000,0,0,9.81,0,0,0.35430249399618735,0,0,0,101325,100
111760000000,0,0,9.81,0,0,0.3572732016980263,0,0,0,101325,100
111780000000,0,0,9.81,0,0,0.353981560161607,0,0,0,101325,100
111800000000,0,0,9.81,0,0,0.35550520992515966,0,0,0,101325,100
111820000000,0,0,9.81,0,0,0.35438558554252053,0,0,0,101325,100
111840000000,0,0,9.81,0,0,0.3535981417075589,0,0,0,101325,100
111860000000,0,0,9.81,0,0,0.3547565885216186,0,0,0,101325,100
111880000000,0,0,9.81,0,0,0.35550655624208255,0,0,0,101325,100
111900000000,0,0,9.81,0,0,0.35320973987092424,0,0,0,101325,100
111920000000,0,0,9.81,0,0,0.3555694816183546,0,0,0,101325,100
111940000000,0,0,9.81,0,0,0.3552617348251258,0,0,0,101325,100
111960000000,0,0,9.81,0,0,0.3557364862569893,0,0,0,101325,100
111980000000,0,0,9.81,0,0,0.35391367838001514,0,0,0,101325,100
112000000000,0,0,9.81,0,0,0.35661573588316625,0,0,0,101325,100
112020000000,0,0,9.81,0,0,0.3557939520574714,0,0,0,101325,100
112040000000,0,0,9.81,0,0,0.3563369915905888,0,0,0,101325,100
112060000000,0,0,9.81,0,0,0.3557960912998207,0,0,0,101325,100
112080000000,0,0,9.81,0,0,0.3558591307497085,0,0,0,101325,100
112100000000,0,0,9.81,0,0,0.35425824746084916,0,0,0,101325,100
112120000000,0,0,9.81,0,0,0.3557327913209822,0,0,0,101325,100
112140000000,0,0,9.81,0,0,0.3536399996991117,0,0,0,101325,100
112160000000,0,0,9.81,0,0,0.35534296397865905,0,0,0,101325,100
112180000000,0,0,9.81,0,0,0.3545778102533806,0,0,0,101325,100
112200000000,0,0,9.81,0,0,0.3552958454196814,0,0,0,101325,100
112220000000,0,0,9.81,0,0,0.3557927542275553,0,0,0,101325,100
112240000000,0,0,9.81,0,0,0.35538724931978893,0,0,0,101325,100
112260000000,0,0,9.81,0,0,0.3552122359703093,0,0,0,101325,100
112280000000,0,0,9.81,0,0,0.3553273053641301,0,0,0,101325,100
112300000000,0,0,9.81,0,0,0.35531162986149195,0,0,0,101325,100
112320000000,0,0,9.81,0,0,0.35389167384331666,0,0,0,101325,100
112340000000,0,0,9.81,0,0,0.3549570788515031,0,0,0,101325,100
112360000000,0,0,9.81,0,0,0.3559298923553761,0,0,0,101325,100
112380000000,0,0,9.81,0,0,0.35407195076058656,0,0,0,101325,100
112400000000,0,0,9.81,0,0,0.3553713942182309,0,0,0,101325,100
112420000000,0,0,9.81,0,0,0.3548789245127544,0,0,0,101325,100
112440000000,0,0,9.81,0,0,0.35473422385290393,0,0,0,101325,100
112460000000,0,0,9.81,0,0,0.35514580445350424,0,0,0,101325,100
112480000000,0,0,9.81,0,0,0.35489267258690954,0,0,0,101325,100
112500000000,0,0,9.81,0,0,0.3561648549900936,0,0,0,101325,100
112520000000,0,0,9.81,0,0,0.3558928330788252,0,0,0,101325,100
112540000000,0,0,9.81,0,0,0.35423299143265036,0,0,0,101325,100
112560000000,0,0,9.81,0,0,0.354478747811374,0,0,0,101325,100
112580000000,0,0,9.81,0,0,0.3549458700808169,0,0,0,101325,100
112600000000,0,0,9.81,0,0,0.3546590874407766,0,0,0,101325,100
112620000000,0,0,9.81,0,0,0.3552626461718903,0,0,0,101325,100
112640000000,0,0,9.81,0,0,0.3558104425172524,0,0,0,101325,100
112660000000,0,0,9.81,0,0,0.3549999914737284,0,0,0,101325,100
112680000000,0,0,9.81,0,0,0.3555815797624492,0,0,0,101325,100
112700000000,0,0,9.81,0,0,0.3572107790677826,0,0,0,101325,100
112720000000,0,0,9.81,0,0,0.3553741701789001,0,0,0,101325,100
112740000000,0,0,9.81,0,0,0.3556562624870513,0,0,0,101325,100
112760000000,0,0,9.81,0,0,0.3552840840912992,0,0,0,101325,100
112780000000,0,0,9.81,0,0,0.3549574100838166,0,0,0,101325,100
112800000000,0,0,9.81,0,0,0.354263350228579,0,0,0,101325,100
112820000000,0,0,9.81,0,0,0.35496601505051295,0,0,0,101325,100
112840000000,0,0,9.81,0,0,0.3557380824466068,0,0,0,101325,100
112860000000,0,0,9.81,0,0,0.3553519686418341,0,0,0,101325,100
112880000000,0,0,9.81,0,0,0.3555668837615076,0,0,0,101325,100
112900000000,0,0,9.81,0,0,0.35582197278179617,0,0,0,101325,100
112920000000,0,0,9.81,0,0,0.35461112852987575,0,0,0,101325,100
112940000000,0,0,9.81,0,0,0.35479117010436106,0,0,0,101325,100
112960000000,0,0,9.81,0,0,0.35426666915069727,0,0,0,101325,100
112980000000,0,0,9.81,0,0,0.3543451479798645,0,0,0,101325,100
113000000000,0,0,9.81,0,0,0.3565530702170542,0,0,0,101325,100
113020000000,0,0,9.81,0,0,0.35514550223626207,0,0,0,101325,100
113040000000,0,0,9.81,0,0,0.3543367746809331,0,0,0,101325,100
113060000000,0,0,9.81,0,0,0.35566044262051527,0,0,0,101325,100
113080000000,0,0,9.81,0,0,0.3547499924134282,0,0,0,101325,100
113100000000,0,0,9.81,0,0,0.35393057977383174,0,0,0,101325,100
113120000000,0,0,9.81,0,0,0.3547898824025124,0,0,0,101325,100
113140000000,0,0,9.81,0,0,0.3557151892326005,0,0,0,101325,100
113160000000,0,0,9.81,0,0,0.3553236980434093,0,0,0,101325,100
113180000000,0,0,9.81,0,0,0.3550832763416851,0,0,0,101325,100
113200000000,0,0,9.81,0,0,0.35500991466794435,0,0,0,101325,100
113220000000,0,0,9.81,0,0,0.3541585923330054,0,0,0,101325,100
113240000000,0,0,9.81,0,0,0.35555310268590706,0,0,0,101325,100
113260000000,0,0,9.81,0,0,0.35395912810820057,0,0,0,101325,100
113280000000,0,0,9.81,0,0,0.3552515798451049,0,0,0,101325,100
113300000000,0,0,9.81,0,0,0.357161963463594,0,0,0,101325,100
113320000000,0,0,9.81,0,0,0.35351287000882087,0,0,0,101325,100
113340000000,0,0,9.81,0,0,0.3562132163823504,0,0,0,101325,100
113360000000,0,0,9.81,0,0,0.355869667850709,0,0,0,101325,100
113380000000,0,0,9.81,0,0,0.35469766079086956,0,0,0,101325,100
113400000000,0,0,9.81,0,0,0.35557579178191157,0,0,0,101325,100
113420000000,0,0,9.81,0,0,0.35448312821055866,0,0,0,101325,100
113440000000,0,0,9.81,0,0,0.3550109231957035,0,0,0,101325,100
113460000000,0,0,9.81,0,0,0.3557724251734733,0,0,0,101325,100
113480000000,0,0,9.81,0,0,0.35450593090987853,0,0,0,101325,100
113500000000,0,0,9.81,0,0,0.35534972901424994,0,0,0,101325,100
113520000000,0,0,9.81,0,0,0.35606804757415483,0,0,0,101325,100
113540000000,0,0,9.81,0,0,0.3550377070356651,0,0,0,101325,100
113560000000,0,0,9.81,0,0,0.3552757741496066,0,0,0,101325,100
113580000000,0,0,9.81,0,0,0.3534490785552238,0,0,0,101325,100
113600000000,0,0,9.81,0,0,0.35458370529034255,0,0,0,101325,100
113620000000,0,0,9.81,0,0,0.3546434353942537,0,0,0,101325,100
113640000000,0,0,9.81,0,0,0.3564168705513246,0,0,0,101325,100
113660000000,0,0,9.81,0,0,0.35465726483181104,0,0,0,101325,100
113680000000,0,0,9.81,0,0,0.35513130528582526,0,0,0,101325,100
113700000000,0,0,9.81,0,0,0.35484799413019397,0,0,0,101325,100
113720000000,0,0,9.81,0,0,0.3554746152049511,0,0,0,101325,100
113740000000,0,0,9.81,0,0,0.3550707902610536,0,0,0,101325,100
113760000000,0,0,9.81,0,0,0.3550040175355265,0,0,0,101325,100
113780000000,0,0,9.81,0,0,0.3549212466062781,0,0,0,101325,100
113800000000,0,0,9.81,0,0,0.355949803185231,0,0,0,101325,100
113820000000,0,0,9.81,0,0,0.35443188876797377,0,0,0,101325,100
113840000000,0,0,9.81,0,0,0.3539135042757932,0,0,0,101325,100
113860000000,0,0,9.81,0,0,0.35528595839226906,0,0,0,101325,100
113880000000,0,0,9.81,0,0,0.3558002635687007,0,0,0,101325,100
113900000000,0,0,9.81,0,0,0.3540535136959353,0,0,0,101325,100
113920000000,0,0,9.81,0,0,0.35463941154412465,0,0,0,101325,100
113940000000,0,0,9.81,0,0,0.3548872576380655,0,0,0,101325,100
113960000000,0,0,9.81,0,0,0.3554167191053254,0,0,0,101325,100
113980000000,0,0,9.81,0,0,0.3548462028050092,0,0,0,101325,100
114000000000,0,0,9.81,0,0,0.3544376471730326,0,0,0,101325,100
114020000000,0,0,9.81,0,0,0.3560686179152303,0,0,0,101325,100
114040000000,0,0,9.81,0,0,0.3554779067022579,0,0,0,101325,100
114060000000,0,0,9.81,0,0,0.3546654248224257,0,0,0,101325,100
114080000000,0,0,9.81,0,0,0.3550730411784288,0,0,0,101325,100
114100000000,0,0,9.81,0,0,0.35593862914697044,0,0,0,101325,100
114120000000,0,0,9.81,0,0,0.35462540026180445,0,0,0,101325,100
114140000000,0,0,9.81,0,0,0.35713566105114924,0,0,0,101325,100
114160000000,0,0,9.81,0,0,0.3549755326471505,0,0,0,101325,100
114180000000,0,0,9.81,0,0,0.35571864904675443,0,0,0,101325,100
114200000000,0,0,9.81,0,0,0.354762142747732,0,0,0,101325,100
114220000000,0,0,9.81,0,0,0.3558275164469817,0,0,0,101325,100
114240000000,0,0,9.81,0,0,0.3546476046396033,0,0,0,101325,100
114260000000,0,0,9.81,0,0,0.3557079609994307,0,0,0,101325,100
114280000000,0,0,9.81,0,0,0.35566182394912743,0,0,0,101325,100
114300000000,0,0,9.81,0,0,0.3550008883464842,0,0,0,101325,100
114320000000,0,0,9.81,0,0,0.35385763294143524,0,0,0,101325,100
114340000000,0,0,9.81,0,0,0.3544730882855906,0,0,0,101325,100
114360000000,0,0,9.81,0,0,0.3550840388586806,0,0,0,101325,100
114380000000,0,0,9.81,0,0,0.3552854541656428,0,0,0,101325,100
114400000000,0,0,9.81,0,0,0.35377888900551246,0,0,0,101325,100
114420000000,0,0,9.81,0,0,0.35606712993411027,0,0,0,101325,100
114440000000,0,0,9.81,0,0,0.3556050062867255,0,0,0,101325,100
114460000000,0,0,9.81,0,0,0.35577974806478885,0,0,0,101325,100
114480000000,0,0,9.81,0,0,0.35496684590450706,0,0,0,101325,100
114500000000,0,0,9.81,0,0,0.3546622049199097,0,0,0,101325,100
114520000000,0,0,9.81,0,0,0.3558220390947408,0,0,0,101325,100
114540000000,0,0,9.81,0,0,0.3555307501749663,0,0,0,101325,100
114560000000,0,0,9.81,0,0,0.35344853211747684,0,0,0,101325,100
114580000000,0,0,9.81,0,0,0.3569924660466424,0,0,0,101325,100
114600000000,0,0,9.81,0,0,0.3550539938434169,0,0,0,101325,100
114620000000,0,0,9.81,0,0,0.355245199002161,0,0,0,101325,100
114640000000,0,0,9.81,0,0,0.3546938608196816,0,0,0,101325,100
114660000000,0,0,9.81,0,0,0.356346377660682,0,0,0,101325,100
114680000000,0,0,9.81,0,0,0.3551465733720183,0,0,0,101325,100
114700000000,0,0,9.81,0,0,0.35548110188868337,0,0,0,101325,100
114720000000,0,0,9.81,0,0,0.3553052761506501,0,0,0,101325,100
114740000000,0,0,9.81,0,0,0.35422834385071994,0,0,0,101325,100
114760000000,0,0,9.81,0,0,0.35472155247674547,0,0,0,101325,100
114780000000,0,0,9.81,0,0,0.354452416850186,0,0,0,101325,100
114800000000,0,0,9.81,0,0,0.35571534918864833,0,0,0,101325,100
114820000000,0,0,9.81,0,0,0.3561114638897789,0,0,0,101325,100
114840000000,0,0,9.81,0,0,0.3545275283054189,0,0,0,101325,100
114860000000,0,0,9.81,0,0,0.3545826103116192,0,0,0,101325,100
114880000000,0,0,9.81,0,0,0.3556554578021816,0,0,0,101325,100
114900000000,0,0,9.81,0,0,0.35459792562820375,0,0,0,101325,100
114920000000,0,0,9.81,0,0,0.35540494312537724,0,0,0,101325,100
114940000000,0,0,9.81,0,0,0.3538450000688187,0,0,0,101325,100
114960000000,0,0,9.81,0,0,0.35575107765010594,0,0,0,101325,100
114980000000,0,0,9.81,0,0,0.3548646273932639,0,0,0,101325,100
115000000000,0,0,9.81,0,0,0.3558145820230905,0,0,0,101325,100
115020000000,0,0,9.81,0,0,0.3541218853575367,0,0,0,101325,100
115040000000,0,0,9.81,0,0,0.35486924350118654,0,0,0,101325,100
115060000000,0,0,9.81,0,0,0.35460877899854676,0,0,0,101325,100
115080000000,0,0,9.81,0,0,0.35498072802081704,0,0,0,101325,100
115100000000,0,0,9.81,0,0,0.35567091259881534,0,0,0,101325,100
115120000000,0,0,9.81,0,0,0.35621091913111946,0,0,0,101325,100
115140000000,0,0,9.81,0,0,0.35599383737575485,0,0,0,101325,100
115160000000,0,0,9.81,0,0,0.35409177478029985,0,0,0,101325,100
115180000000,0,0,9.81,0,0,0.3569631299062826,0,0,0,101325,100
115200000000,0,0,9.81,0,0,0.3541369509866039,0,0,0,101325,100
115220000000,0,0,9.81,0,0,0.3544904150634555,0,0,0,101325,100
115240000000,0,0,9.81,0,0,0.3542489091534692,0,0,0,101325,100
115260000000,0,0,9.81,0,0,0.35552250421537857,0,0,0,101325,100
115280000000,0,0,9.81,0,0,0.3546489678734261,0,0,0,101325,100
115300000000,0,0,9.81,0,0,0.3563024999907586,0,0,0,101325,100
115320000000,0,0,9.81,0,0,0.35577176626160784,0,0,0,101325,100
115340000000,0,0,9.81,0,0,0.3555306355130859,0,0,0,101325,100
115360000000,0,0,9.81,0,0,0.35621298940511603,0,0,0,101325,100
115380000000,0,0,9.81,0,0,0.35674529425289775,0,0,0,101325,100
115400000000,0,0,9.81,0,0,0.3550932017299942,0,0,0,101325,100
115420000000,0,0,9.81,0,0,0.35473357932885774,0,0,0,101325,100
115440000000,0,0,9.81,0,0,0.3546063967822862,0,0,0,101325,100
115460000000,0,0,9.81,0,0,0.3549816094117487,0,0,0,101325,100
115480000000,0,0,9.81,0,0,0.3546614094924469,0,0,0,101325,100
115500000000,0,0,9.81,0,0,0.35472826571714955,0,0,0,101325,100
115520000000,0,0,9.81,0,0,0.35412225062376224,0,0,0,101325,100
115540000000,0,0,9.81,0,0,0.3538334699077452,0,0,0,101325,100
115560000000,0,0,9.81,0,0,0.3545072911001165,0,0,0,101325,100
115580000000,0,0,9.81,0,0,0.3544545824496603,0,0,0,101325,100
115600000000,0,0,9.81,0,0,0.35527295169456286,0,0,0,101325,100
115620000000,0,0,9.81,0,0,0.35562736449803667,0,0,0,101325,100
115640000000,0,0,9.81,0,0,0.35541574749990623,0,0,0,101325,100
115660000000,0,0,9.81,0,0,0.3540560424832068,0,0,0,101325,100
115680000000,0,0,9.81,0,0,0.35674849613816473,0,0,0,101325,100
115700000000,0,0,9.81,0,0,0.3559398856828742,0,0,0,101325,100
115720000000,0,0,9.81,0,0,0.35574784667437265,0,0,0,101325,100
115740000000,0,0,9.81,0,0,0.3562496450232324,0,0,0,101325,100
115760000000,0,0,9.81,0,0,0.35595664538010574,0,0,0,101325,100
115780000000,0,0,9.81,0,0,0.35556729574674767,0,0,0,101325,100
115800000000,0,0,9.81,0,0,0.3555108943041183,0,0,0,101325,100
115820000000,0,0,9.81,0,0,0.355225862433245,0,0,0,101325,100
115840000000,0,0,9.81,0,0,0.3548373758298747,0,0,0,101325,100
115860000000,0,0,9.81,0,0,0.35455825987566536,0,0,0,101325,100
115880000000,0,0,9.81,0,0,0.35427455101063976,0,0,0,101325,100
115900000000,0,0,9.81,0,0,0.3548187325040437,0,0,0,101325,100
115920000000,0,0,9.81,0,0,0.356006156855931,0,0,0,101325,100
115940000000,0,0,9.81,0,0,0.35619053897530095,0,0,0,101325,100
115960000000,0,0,9.81,0,0,0.35446610956450286,0,0,0,101325,100
115980000000,0,0,9.81,0,0,0.3557407647482402,0,0,0,101325,100
116000000000,0,0,9.81,0,0,0.3544949414293348,0,0,0,101325,100
116020000000,0,0,9.81,0,0,0.35625829428564576,0,0,0,101325,100
116040000000,0,0,9.81,0,0,0.35528347141836336,0,0,0,101325,100
116060000000,0,0,9.81,0,0,0.35445852174788806,0,0,0,101325,100
116080000000,0,0,9.81,0,0,0.3549284843933288,0,0,0,101325,100
116100000000,0,0,9.81,0,0,0.3537507349375511,0,0,0,101325,100
116120000000,0,0,9.81,0,0,0.35502788252828144,0,0,0,101325,100
116140000000,0,0,9.81,0,0,0.353957882590468,0,0,0,101325,100
116160000000,0,0,9.81,0,0,0.3549992558884575,0,0,0,101325,100
116180000000,0,0,9.81,0,0,0.3531347813615119,0,0,0,101325,100
116200000000,0,0,9.81,0,0,0.35469371676299727,0,0,0,101325,100
116220000000,0,0,9.81,0,0,0.355517242075823,0,0,0,101325,100
116240000000,0,0,9.81,0,0,0.3543468054844808,0,0,0,101325,100
116260000000,0,0,9.81,0,0,0.3554078309354098,0,0,0,101325,100
116280000000,0,0,9.81,0,0,0.3545429142534652,0,0,0,101325,100
116300000000,0,0,9.81,0,0,0.3548156974222875,0,0,0,101325,100
116320000000,0,0,9.81,0,0,0.3553595371530314,0,0,0,101325,100
116340000000,0,0,9.81,0,0,0.3535214393870893,0,0,0,101325,100
116360000000,0,0,9.81,0,0,0.35475850022987987,0,0,0,101325,100
116380000000,0,0,9.81,0,0,0.3552544774025498,0,0,0,101325,100
116400000000,0,0,9.81,0,0,0.35427939762364385,0,0,0,101325,100
116420000000,0,0,9.81,0,0,0.35419927913455973,0,0,0,101325,100
116440000000,0,0,9.81,0,0,0.3549841424039991,0,0,0,101325,100
116460000000,0,0,9.81,0,0,0.35425782841925413,0,0,0,101325,100
116480000000,0,0,9.81,0,0,0.3534634751700123,0,0,0,101325,100
116500000000,0,0,9.81,0,0,0.35535353724889257,0,0,0,101325,100
116520000000,0,0,9.81,0,0,0.3548952951087508,0,0,0,101325,100
116540000000,0,0,9.81,0,0,0.35632947108239765,0,0,0,101325,100
116560000000,0,0,9.81,0,0,0.3550266683818745,0,0,0,101325,100
116580000000,0,0,9.81,0,0,0.35392902893613265,0,0,0,101325,100
116600000000,0,0,9.81,0,0,0.35684801502929386,0,0,0,101325,100
116620000000,0,0,9.81,0,0,0.3532926103381836,0,0,0,101325,100
116640000000,0,0,9.81,0,0,0.3554814145236067,0,0,0,101325,100
116660000000,0,0,9.81,0,0,0.35578896522549347,0,0,0,101325,100
116680000000,0,0,9.81,0,0,0.35412185628555876,0,0,0,101325,100
116700000000,0,0,9.81,0,0,0.35376913233834967,0,0,0,101325,100
116720000000,0,0,9.81,0,0,0.3543891787201978,0,0,0,101325,100
116740000000,0,0,9.81,0,0,0.3538897509021485,0,0,0,101325,100
116760000000,0,0,9.81,0,0,0.353675093819779,0,0,0,101325,100
116780000000,0,0,9.81,0,0,0.35405425650785044,0,0,0,101325,100
116800000000,0,0,9.81,0,0,0.3553167487066457,0,0,0,101325,100
116820000000,0,0,9.81,0,0,0.3535050795705561,0,0,0,101325,100
116840000000,0,0,9.81,0,0,0.35653989393069463,0,0,0,101325,100
116860000000,0,0,9.81,0,0,0.35458234645060327,0,0,0,101325,100
116880000000,0,0,9.81,0,0,0.35424298083871986,0,0,0,101325,100
116900000000,0,0,9.81,0,0,0.3548447642947522,0,0,0,101325,100
116920000000,0,0,9.81,0,0,0.3545129314963547,0,0,0,101325,100
116940000000,0,0,9.81,0,0,0.35562252407384,0,0,0,101325,100
116960000000,0,0,9.81,0,0,0.3568586370044077,0,0,0,101325,100
116980000000,0,0,9.81,0,0,0.3553394157955251,0,0,0,101325,100
117000000000,0,0,9.81,0,0,0.3545063541500009,0,0,0,101325,100
117020000000,0,0,9.81,0,0,0.35557441035403115,0,0,0,101325,100
117040000000,0,0,9.81,0,0,0.35534468979432055,0,0,0,101325,100
117060000000,0,0,9.81,0,0,0.35378195223665,0,0,0,101325,100
117080000000,0,0,9.81,0,0,0.3544776299761279,0,0,0,101325,100
117100000000,0,0,9.81,0,0,0.3547896987898469,0,0,0,101325,100
117120000000,0,0,9.81,0,0,0.3550984108910352,0,0,0,101325,100
117140000000,0,0,9.81,0,0,0.3562476698654522,0,0,0,101325,100
117160000000,0,0,9.81,0,0,0.35657205591135743,0,0,0,101325,100
117180000000,0,0,9.81,0,0,0.3545075291487169,0,0,0,101325,100
117200000000,0,0,9.81,0,0,0.355686700706378,0,0,0,101325,100
117220000000,0,0,9.81,0,0,0.35327678867448287,0,0,0,101325,100
117240000000,0,0,9.81,0,0,0.35493795656621496,0,0,0,101325,100
117260000000,0,0,9.81,0,0,0.3557238551484113,0,0,0,101325,100
117280000000,0,0,9.81,0,0,0.3533634681912792,0,0,0,101325,100
117300000000,0,0,9.81,0,0,0.35597683692815835,0,0,0,101325,100
117320000000,0,0,9.81,0,0,0.35682119299475373,0,0,0,101325,100
117340000000,0,0,9.81,0,0,0.35483492367780545,0,0,0,101325,100
117360000000,0,0,9.81,0,0,0.3542326561586651,0,0,0,101325,100
117380000000,0,0,9.81,0,0,0.35444421974547063,0,0,0,101325,100
117400000000,0,0,9.81,0,0,0.35475360903904546,0,0,0,101325,100
117420000000,0,0,9.81,0,0,0.3548910745699947,0,0,0,101325,100
117440000000,0,0,9.81,0,0,0.3558232894812676,0,0,0,101325,100
117460000000,0,0,9.81,0,0,0.35427357720259606,0,0,0,101325,100
117480000000,0,0,9.81,0,0,0.353588174403637,0,0,0,101325,100
117500000000,0,0,9.81,0,0,0.35319265283758094,0,0,0,101325,100
117520000000,0,0,9.81,0,0,0.3556751845004908,0,0,0,101325,100
117540000000,0,0,9.81,0,0,0.35671101860642634,0,0,0,101325,100
117560000000,0,0,9.81,0,0,0.3553446406279476,0,0,0,101325,100
117580000000,0,0,9.81,0,0,0.35593517117509027,0,0,0,101325,100
117600000000,0,0,9.81,0,0,0.3550288608924871,0,0,0,101325,100
117620000000,0,0,9.81,0,0,0.3555647951672175,0,0,0,101325,100
117640000000,0,0,9.81,0,0,0.35452705160696374,0,0,0,101325,100
117660000000,0,0,9.81,0,0,0.35539078718941786,0,0,0,101325,100
117680000000,0,0,9.81,0,0,0.35543383570464016,0,0,0,101325,100
117700000000,0,0,9.81,0,0,0.35470525332869707,0,0,0,101325,100
117720000000,0,0,9.81,0,0,0.3551722074007549,0,0,0,101325,100
117740000000,0,0,9.81,0,0,0.35562899391693004,0,0,0,101325,100
117760000000,0,0,9.81,0,0,0.3554241933725445,0,0,0,101325,100
117780000000,0,0,9.81,0,0,0.35471543784315124,0,0,0,101325,100
117800000000,0,0,9.81,0,0,0.3536654174027667,0,0,0,101325,100
117820000000,0,0,9.81,0,0,0.35378478245557077,0,0,0,101325,100
117840000000,0,0,9.81,0,0,0.3562228582902229,0,0,0,101325,100
117860000000,0,0,9.81,0,0,0.35492366602323244,0,0,0,101325,100
117880000000,0,0,9.81,0,0,0.3562189082034556,0,0,0,101325,100
117900000000,0,0,9.81,0,0,0.3553280119547932,0,0,0,101325,100
117920000000,0,0,9.81,0,0,0.35685668928188224,0,0,0,101325,100
117940000000,0,0,9.81,0,0,0.35493626576309095,0,0,0,101325,100
117960000000,0,0,9.81,0,0,0.35558504429576615,0,0,0,101325,100
117980000000,0,0,9.81,0,0,0.355419881163569,0,0,0,101325,100
118000000000,0,0,9.81,0,0,0.35562565419961095,0,0,0,101325,100
118020000000,0,0,9.81,0,0,0.354125363745984,0,0,0,101325,100
118040000000,0,0,9.81,0,0,0.3555915634598961,0,0,0,101325,100
118060000000,0,0,9.81,0,0,0.3550419248448398,0,0,0,101325,100
118080000000,0,0,9.81,0,0,0.35624223200985755,0,0,0,101325,100
118100000000,0,0,9.81,0,0,0.35405546200014987,0,0,0,101325,100
118120000000,0,0,9.81,0,0,0.3539445765740461,0,0,0,101325,100
118140000000,0,0,9.81,0,0,0.3548472751494122,0,0,0,101325,100
118160000000,0,0,9.81,0,0,0.3541884141953001,0,0,0,101325,100
118180000000,0,0,9.81,0,0,0.35512839077836406,0,0,0,101325,100
118200000000,0,0,9.81,0,0,0.3535670910797497,0,0,0,101325,100
118220000000,0,0,9.81,0,0,0.3556100967656971,0,0,0,101325,100
118240000000,0,0,9.81,0,0,0.3536367229685028,0,0,0,101325,100
118260000000,0,0,9.81,0,0,0.35558504248065737,0,0,0,101325,100
118280000000,0,0,9.81,0,0,0.3544657925832009,0,0,0,101325,100
118300000000,0,0,9.81,0,0,0.3569251008433329,0,0,0,101325,100
118320000000,0,0,9.81,0,0,0.35526906857437235,0,0,0,101325,100
118340000000,0,0,9.81,0,0,0.3545753275240058,0,0,0,101325,100
118360000000,0,0,9.81,0,0,0.35502141356995376,0,0,0,101325,100
118380000000,0,0,9.81,0,0,0.3545036557236335,0,0,0,101325,100
118400000000,0,0,9.81,0,0,0.35618111928451224,0,0,0,101325,100
118420000000,0,0,9.81,0,0,0.35490113669102813,0,0,0,101325,100
118440000000,0,0,9.81,0,0,0.355244336689375,0,0,0,101325,100
118460000000,0,0,9.81,0,0,0.355997069571766,0,0,0,101325,100
118480000000,0,0,9.81,0,0,0.3548115432813821,0,0,0,101325,100
118500000000,0,0,9.81,0,0,0.35443697976769656,0,0,0,101325,100
118520000000,0,0,9.81,0,0,0.3545764258898116,0,0,0,101325,100
118540000000,0,0,9.81,0,0,0.35450776031966114,0,0,0,101325,100
118560000000,0,0,9.81,0,0,0.35568071824359604,0,0,0,101325,100
118580000000,0,0,9.81,0,0,0.3560911747589978,0,0,0,101325,100
118600000000,0,0,9.81,0,0,0.355605641292054,0,0,0,101325,100
118620000000,0,0,9.81,0,0,0.35545581736665527,0,0,0,101325,100
118640000000,0,0,9.81,0,0,0.3546188919540292,0,0,0,101325,100
118660000000,0,0,9.81,0,0,0.35438726042402424,0,0,0,101325,100
118680000000,0,0,9.81,0,0,0.3551970298451749,0,0,0,101325,100
118700000000,0,0,9.81,0,0,0.3561639287136685,0,0,0,101325,100
118720000000,0,0,9.81,0,0,0.35555963944191354,0,0,0,101325,100
118740000000,0,0,9.81,0,0,0.35526164361512785,0,0,0,101325,100
118760000000,0,0,9.81,0,0,0.35486070499939765,0,0,0,101325,100
118780000000,0,0,9.81,0,0,0.354690584083281,0,0,0,101325,100
118800000000,0,0,9.81,0,0,0.3561436397009967,0,0,0,101325,100
118820000000,0,0,9.81,0,0,0.35441911173615254,0,0,0,101325,100
118840000000,0,0,9.81,0,0,0.35499484138000015,0,0,0,101325,100
118860000000,0,0,9.81,0,0,0.3552187379744918,0,0,0,101325,100
118880000000,0,0,9.81,0,0,0.3567052944466149,0,0,0,101325,100
118900000000,0,0,9.81,0,0,0.3568129107382546,0,0,0,101325,100
118920000000,0,0,9.81,0,0,0.35402747759923614,0,0,0,101325,100
118940000000,0,0,9.81,0,0,0.3536872300010011,0,0,0,101325,100
118960000000,0,0,9.81,0,0,0.35429544235605376,0,0,0,101325,100
118980000000,0,0,9.81,0,0,0.355419278876454,0,0,0,101325,100
119000000000,0,0,9.81,0,0,0.35560560812563125,0,0,0,101325,100
119020000000,0,0,9.81,0,0,0.3544507043385762,0,0,0,101325,100
119040000000,0,0,9.81,0,0,0.3545181412487748,0,0,0,101325,100
119060000000,0,0,9.81,0,0,0.35779490666390557,0,0,0,101325,100
119080000000,0,0,9.81,0,0,0.35538202277262937,0,0,0,101325,100
119100000000,0,0,9.81,0,0,0.3540231176132726,0,0,0,101325,100
119120000000,0,0,9.81,0,0,0.35544968971999935,0,0,0,101325,100
119140000000,0,0,9.81,0,0,0.3552224685398656,0,0,0,101325,100
119160000000,0,0,9.81,0,0,0.35480090710853557,0,0,0,101325,100
119180000000,0,0,9.81,0,0,0.352996764291273,0,0,0,101325,100
119200000000,0,0,9.81,0,0,0.35652633532105726,0,0,0,101325,100
119220000000,0,0,9.81,0,0,0.35469005083314165,0,0,0,101325,100
119240000000,0,0,9.81,0,0,0.3549848296591414,0,0,0,101325,100
119260000000,0,0,9.81,0,0,0.35477086718526474,0,0,0,101325,100
119280000000,0,0,9.81,0,0,0.3535778636354149,0,0,0,101325,100
119300000000,0,0,9.81,0,0,0.3546533983476147,0,0,0,101325,100
119320000000,0,0,9.81,0,0,0.3552364225624492,0,0,0,101325,100
119340000000,0,0,9.81,0,0,0.35475837729371223,0,0,0,101325,100
119360000000,0,0,9.81,0,0,0.3542903531087125,0,0,0,101325,100
119380000000,0,0,9.81,0,0,0.3561154365599365,0,0,0,101325,100
119400000000,0,0,9.81,0,0,0.3539731739974611,0,0,0,101325,100
119420000000,0,0,9.81,0,0,0.3543604363430326,0,0,0,101325,100
119440000000,0,0,9.81,0,0,0.35474384389208385,0,0,0,101325,100
119460000000,0,0,9.81,0,0,0.35728439009476937,0,0,0,101325,100
119480000000,0,0,9.81,0,0,0.35366315374750096,0,0,0,101325,100
119500000000,0,0,9.81,0,0,0.3555122492468321,0,0,0,101325,100
119520000000,0,0,9.81,0,0,0.3547586432100282,0,0,0,101325,100
119540000000,0,0,9.81,0,0,0.3560569949055927,0,0,0,101325,100
119560000000,0,0,9.81,0,0,0.35447960262382044,0,0,0,101325,100
119580000000,0,0,9.81,0,0,0.35452390767823966,0,0,0,101325,100
119600000000,0,0,9.81,0,0,0.35626502212343647,0,0,0,101325,100
119620000000,0,0,9.81,0,0,0.3554178317809368,0,0,0,101325,100
119640000000,0,0,9.81,0,0,0.3553474604380188,0,0,0,101325,100
119660000000,0,0,9.81,0,0,0.3557176358395209,0,0,0,101325,100
119680000000,0,0,9.81,0,0,0.3544894856565026,0,0,0,101325,100
119700000000,0,0,9.81,0,0,0.3564530967460057,0,0,0,101325,100
119720000000,0,0,9.81,0,0,0.3541310061317113,0,0,0,101325,100
119740000000,0,0,9.81,0,0,0.35492849959069644,0,0,0,101325,100
119760000000,0,0,9.81,0,0,0.3549578154018837,0,0,0,101325,100
119780000000,0,0,9.81,0,0,0.35397742988002096,0,0,0,101325,100
119800000000,0,0,9.81,0,0,0.3560628526213422,0,0,0,101325,100
119820000000,0,0,9.81,0,0,0.35543469271549016,0,0,0,101325,100
119840000000,0,0,9.81,0,0,0.35558427770491285,0,0,0,101325,100
119860000000,0,0,9.81,0,0,0.354103948957473,0,0,0,101325,100
119880000000,0,0,9.81,0,0,0.3552130910002579,0,0,0,101325,100
119900000000,0,0,9.81,0,0,0.3534024066937519,0,0,0,101325,100
119920000000,0,0,9.81,0,0,0.35331734875790277,0,0,0,101325,100
119940000000,0,0,9.81,0,0,0.3557973981514293,0,0,0,101325,100
119960000000,0,0,9.81,0,0,0.35634586760529646,0,0,0,101325,100
119980000000,0,0,9.81,0,0,0.3554251471846354,0,0,0,101325,100
120000000000,0,0,9.81,0,0,0.35480574990967195,0,0,0,101325,100
120020000000,0,0,9.81,0,0,0.3560930668480582,0,0,0,101325,100
120040000000,0,0,9.81,0,0,0.35477487700756194,0,0,0,101325,100
120060000000,0,0,9.81,0,0,0.35577723431261166,0,0,0,101325,100
120080000000,0,0,9.81,0,0,0.356075355363074,0,0,0,101325,100
120100000000,0,0,9.81,0,0,0.3551392627323801,0,0,0,101325,100
120120000000,0,0,9.81,0,0,0.3567697369530861,0,0,0,101325,100
120140000000,0,0,9.81,0,0,0.3545879117540688,0,0,0,101325,100
120160000000,0,0,9.81,0,0,0.3541878020389465,0,0,0,101325,100
120180000000,0,0,9.81,0,0,0.3554189811687947,0,0,0,101325,100
120200000000,0,0,9.81,0,0,0.3548222444580302,0,0,0,101325,100
120220000000,0,0,9.81,0,0,0.353547190420399,0,0,0,101325,100
120240000000,0,0,9.81,0,0,0.3540862842267385,0,0,0,101325,100
120260000000,0,0,9.81,0,0,0.35599633366402617,0,0,0,101325,100
120280000000,0,0,9.81,0,0,0.3556804001246851,0,0,0,101325,100
120300000000,0,0,9.81,0,0,0.35543054798691015,0,0,0,101325,100
120320000000,0,0,9.81,0,0,0.3543336564462912,0,0,0,101325,100
120340000000,0,0,9.81,0,0,0.3560543181909615,0,0,0,101325,100
120360000000,0,0,9.81,0,0,0.35346212795030707,0,0,0,101325,100
120380000000,0,0,9.81,0,0,0.35449185925499094,0,0,0,101325,100
120400000000,0,0,9.81,0,0,0.3554814026719463,0,0,0,101325,100
120420000000,0,0,9.81,0,0,0.3546610823414251,0,0,0,101325,100
120440000000,0,0,9.81,0,0,0.3539181966033746,0,0,0,101325,100
120460000000,0,0,9.81,0,0,0.3532853666451435,0,0,0,101325,100
120480000000,0,0,9.81,0,0,0.3559549374704666,0,0,0,101325,100
120500000000,0,0,9.81,0,0,0.35470318663818234,0,0,0,101325,100
120520000000,0,0,9.81,0,0,0.35591189111131577,0,0,0,101325,100
120540000000,0,0,9.81,0,0,0.35636930339336165,0,0,0,101325,100
120560000000,0,0,9.81,0,0,0.3546372200614518,0,0,0,101325,100
120580000000,0,0,9.81,0,0,0.35488149009222486,0,0,0,101325,100
120600000000,0,0,9.81,0,0,0.3548103691337572,0,0,0,101325,100
120620000000,0,0,9.81,0,0,0.35592382762107166,0,0,0,101325,100
120640000000,0,0,9.81,0,0,0.3558344350503431,0,0,0,101325,100
120660000000,0,0,9.81,0,0,0.35492884086303567,0,0,0,101325,100
120680000000,0,0,9.81,0,0,0.35415631306469847,0,0,0,101325,100
120700000000,0,0,9.81,0,0,0.3554106875897927,0,0,0,101325,100
120720000000,0,0,9.81,0,0,0.3553397523479358,0,0,0,101325,100
120740000000,0,0,9.81,0,0,0.3539456486301533,0,0,0,101325,100
120760000000,0,0,9.81,0,0,0.3556374449143464,0,0,0,101325,100
120780000000,0,0,9.81,0,0,0.35376459739916605,0,0,0,101325,100
120800000000,0,0,9.81,0,0,0.35592712955033184,0,0,0,101325,100
120820000000,0,0,9.81,0,0,0.35396344068750085,0,0,0,101325,100
120840000000,0,0,9.81,0,0,0.3558385090364629,0,0,0,101325,100
120860000000,0,0,9.81,0,0,0.3551306758788074,0,0,0,101325,100
120880000000,0,0,9.81,0,0,0.35505850457734345,0,0,0,101325,100
120900000000,0,0,9.81,0,0,0.3548927429294441,0,0,0,101325,100
120920000000,0,0,9.81,0,0,0.3557856613811038,0,0,0,101325,100
120940000000,0,0,9.81,0,0,0.35417953481090003,0,0,0,101325,100
120960000000,0,0,9.81,0,0,0.3553751301594471,0,0,0,101325,100
120980000000,0,0,9.81,0,0,0.35522134745824546,0,0,0,101325,100
121000000000,0,0,9.81,0,0,0.35483101568958847,0,0,0,101325,100
121020000000,0,0,9.81,0,0,0.3564024928968808,0,0,0,101325,100
121040000000,0,0,9.81,0,0,0.35596495815709317,0,0,0,101325,100
121060000000,0,0,9.81,0,0,0.3541130191050382,0,0,0,101325,100
121080000000,0,0,9.81,0,0,0.35703688423233626,0,0,0,101325,100
121100000000,0,0,9.81,0,0,0.35502630640927935,0,0,0,101325,100
121120000000,0,0,9.81,0,0,0.35646008999835493,0,0,0,101325,100
121140000000,0,0,9.81,0,0,0.35462628050659956,0,0,0,101325,100
121160000000,0,0,9.81,0,0,0.3547912929073778,0,0,0,101325,100
121180000000,0,0,9.81,0,0,0.35421988550634986,0,0,0,101325,100
121200000000,0,0,9.81,0,0,0.3550870327991943,0,0,0,101325,100
121220000000,0,0,9.81,0,0,0.3554517529033706,0,0,0,101325,100
121240000000,0,0,9.81,0,0,0.35510515093138395,0,0,0,101325,100
121260000000,0,0,9.81,0,0,0.3560413766210502,0,0,0,101325,100
121280000000,0,0,9.81,0,0,0.35533478810327596,0,0,0,101325,100
121300000000,0,0,9.81,0,0,0.35633273103099256,0,0,0,101325,100
121320000000,0,0,9.81,0,0,0.3554565442959157,0,0,0,101325,100
121340000000,0,0,9.81,0,0,0.355210674547522,0,0,0,101325,100
121360000000,0,0,9.81,0,0,0.35427891118912763,0,0,0,101325,100
121380000000,0,0,9.81,0,0,0.35475224662908317,0,0,0,101325,100
121400000000,0,0,9.81,0,0,0.3554599383969195,0,0,0,101325,100
121420000000,0,0,9.81,0,0,0.3548774870010866,0,0,0,101325,100
121440000000,0,0,9.81,0,0,0.3544724310314946,0,0,0,101325,100
121460000000,0,0,9.81,0,0,0.3559275320725469,0,0,0,101325,100
121480000000,0,0,9.81,0,0,0.35450638703242787,0,0,0,101325,100
121500000000,0,0,9.81,0,0,0.35491669102538237,0,0,0,101325,100
121520000000,0,0,9.81,0,0,0.3546621066734552,0,0,0,101325,100
121540000000,0,0,9.81,0,0,0.35602225192374615,0,0,0,101325,100
121560000000,0,0,9.81,0,0,0.35497219831917665,0,0,0,101325,100
121580000000,0,0,9.81,0,0,0.3569640363334349,0,0,0,101325,100
121600000000,0,0,9.81,0,0,0.35647665598060374,0,0,0,101325,100
121620000000,0,0,9.81,0,0,0.35513007217067805,0,0,0,101325,100
121640000000,0,0,9.81,0,0,0.35487360471738344,0,0,0,101325,100
121660000000,0,0,9.81,0,0,0.3552974266700073,0,0,0,101325,100
121680000000,0,0,9.81,0,0,0.3538726256588721,0,0,0,101325,100
121700000000,0,0,9.81,0,0,0.3567043896304381,0,0,0,101325,100
121720000000,0,0,9.81,0,0,0.35499601299301964,0,0,0,101325,100
121740000000,0,0,9.81,0,0,0.35408132241902235,0,0,0,101325,100
121760000000,0,0,9.81,0,0,0.35457065672699734,0,0,0,101325,100
121780000000,0,0,9.81,0,0,0.354073184238074,0,0,0,101325,100
121800000000,0,0,9.81,0,0,0.35487361259249656,0,0,0,101325,100
121820000000,0,0,9.81,0,0,0.3548717368261248,0,0,0,101325,100
121840000000,0,0,9.81,0,0,0.35661546035985936,0,0,0,101325,100
121860000000,0,0,9.81,0,0,0.3568367022136805,0,0,0,101325,100
121880000000,0,0,9.81,0,0,0.35620982344593766,0,0,0,101325,100
121900000000,0,0,9.81,0,0,0.35496120962450467,0,0,0,101325,100
121920000000,0,0,9.81,0,0,0.35432297227498255,0,0,0,101325,100
121940000000,0,0,9.81,0,0,0.35469072883206076,0,0,0,101325,100
121960000000,0,0,9.81,0,0,0.3542615238397695,0,0,0,101325,100
121980000000,0,0,9.81,0,0,0.3545420719465112,0,0,0,101325,100
122000000000,0,0,9.81,0,0,0.35564355085069504,0,0,0,101325,100
122020000000,0,0,9.81,0,0,0.35529098402745884,0,0,0,101325,100
122040000000,0,0,9.81,0,0,0.3543668411914913,0,0,0,101325,100
122060000000,0,0,9.81,0,0,0.3554018248411807,0,0,0,101325,100
122080000000,0,0,9.81,0,0,0.35659183149505075,0,0,0,101325,100
122100000000,0,0,9.81,0,0,0.35857487008496114,0,0,0,101325,100
122120000000,0,0,9.81,0,0,0.3556215788039235,0,0,0,101325,100
122140000000,0,0,9.81,0,0,0.3549805554021612,0,0,0,101325,100
122160000000,0,0,9.81,0,0,0.35446007344925146,0,0,0,101325,100
122180000000,0,0,9.81,0,0,0.35645142987331574,0,0,0,101325,100
122200000000,0,0,9.81,0,0,0.35552050906525856,0,0,0,101325,100
122220000000,0,0,9.81,0,0,0.3550677557293007,0,0,0,101325,100
122240000000,0,0,9.81,0,0,0.35481993715287347,0,0,0,101325,100
122260000000,0,0,9.81,0,0,0.3558010159784062,0,0,0,101325,100
122280000000,0,0,9.81,0,0,0.3549219137289957,0,0,0,101325,100
122300000000,0,0,9.81,0,0,0.3563680071853655,0,0,0,101325,100
122320000000,0,0,9.81,0,0,0.3549899981409671,0,0,0,101325,100
122340000000,0,0,9.81,0,0,0.35488313810809874,0,0,0,101325,100
122360000000,0,0,9.81,0,0,0.35537782756841513,0,0,0,101325,100
122380000000,0,0,9.81,0,0,0.3561633697952438,0,0,0,101325,100
122400000000,0,0,9.81,0,0,0.3537567252787148,0,0,0,101325,100
122420000000,0,0,9.81,0,0,0.3555355403944658,0,0,0,101325,100
122440000000,0,0,9.81,0,0,0.3546683950020945,0,0,0,101325,100
122460000000,0,0,9.81,0,0,0.3548841365561866,0,0,0,101325,100
122480000000,0,0,9.81,0,0,0.3563628849889626,0,0,0,101325,100
122500000000,0,0,9.81,0,0,0.3541837148477954,0,0,0,101325,100
122520000000,0,0,9.81,0,0,0.35428353765189974,0,0,0,101325,100
122540000000,0,0,9.81,0,0,0.35626056759043145,0,0,0,101325,100
122560000000,0,0,9.81,0,0,0.35569263818499425,0,0,0,101325,100
122580000000,0,0,9.81,0,0,0.3564317287329645,0,0,0,101325,100
122600000000,0,0,9.81,0,0,0.35514728489304354,0,0,0,101325,100
122620000000,0,0,9.81,0,0,0.3544026777451047,0,0,0,101325,100
122640000000,0,0,9.81,0,0,0.3543237338658512,0,0,0,101325,100
122660000000,0,0,9.81,0,0,0.3558295274871066,0,0,0,101325,100
122680000000,0,0,9.81,0,0,0.3557735283398525,0,0,0,101325,100
122700000000,0,0,9.81,0,0,0.3547399464474564,0,0,0,101325,100
122720000000,0,0,9.81,0,0,0.35453493576762496,0,0,0,101325,100
122740000000,0,0,9.81,0,0,0.3548055777735736,0,0,0,101325,100
122760000000,0,0,9.81,0,0,0.35542888292869995,0,0,0,101325,100
122780000000,0,0,9.81,0,0,0.3560081052634638,0,0,0,101325,100
122800000000,0,0,9.81,0,0,0.3560942370902482,0,0,0,101325,100
122820000000,0,0,9.81,0,0,0.35390398371872095,0,0,0,101325,100
122840000000,0,0,9.81,0,0,0.3539567312091639,0,0,0,101325,100
122860000000,0,0,9.81,0,0,0.3554973922030304,0,0,0,101325,100
122880000000,0,0,9.81,0,0,0.3541986149993919,0,0,0,101325,100
122900000000,0,0,9.81,0,0,0.35557940455969583,0,0,0,101325,100
122920000000,0,0,9.81,0,0,0.3553739109438505,0,0,0,101325,100
122940000000,0,0,9.81,0,0,0.3549000466307812,0,0,0,101325,100
122960000000,0,0,9.81,0,0,0.3559857861598448,0,0,0,101325,100
122980000000,0,0,9.81,0,0,0.3556495866381656,0,0,0,101325,100
123000000000,0,0,9.81,0,0,0.35520087910053877,0,0,0,101325,100
123020000000,0,0,9.81,0,0,0.35373184227507337,0,0,0,101325,100
123040000000,0,0,9.81,0,0,0.35532792477196096,0,0,0,101325,100
123060000000,0,0,9.81,0,0,0.35604790930808905,0,0,0,101325,100
123080000000,0,0,9.81,0,0,0.35389303342728295,0,0,0,101325,100
123100000000,0,0,9.81,0,0,0.3560409865887175,0,0,0,101325,100
123120000000,0,0,9.81,0,0,0.35548329186081096,0,0,0,101325,100
123140000000,0,0,9.81,0,0,0.35550443935870113,0,0,0,101325,100
123160000000,0,0,9.81,0,0,0.35384044626558,0,0,0,101325,100
123180000000,0,0,9.81,0,0,0.35612274956534573,0,0,0,101325,100
123200000000,0,0,9.81,0,0,0.3542915585701949,0,0,0,101325,100
123220000000,0,0,9.81,0,0,0.3539088015943425,0,0,0,101325,100
123240000000,0,0,9.81,0,0,0.35494465523932495,0,0,0,101325,100
123260000000,0,0,9.81,0,0,0.35570963275179324,0,0,0,101325,100
123280000000,0,0,9.81,0,0,0.35526149743442126,0,0,0,101325,100
123300000000,0,0,9.81,0,0,0.35506096469976706,0,0,0,101325,100
123320000000,0,0,9.81,0,0,0.35442601978247684,0,0,0,101325,100
123340000000,0,0,9.81,0,0,0.3553239342436954,0,0,0,101325,100
123360000000,0,0,9.81,0,0,0.3562280456107639,0,0,0,101325,100
123380000000,0,0,9.81,0,0,0.3557705673011668,0,0,0,101325,100
123400000000,0,0,9.81,0,0,0.35538629987121706,0,0,0,101325,100
123420000000,0,0,9.81,0,0,0.3562235981635519,0,0,0,101325,100
123440000000,0,0,9.81,0,0,0.35468291870986435,0,0,0,101325,100
123460000000,0,0,9.81,0,0,0.35551524724754435,0,0,0,101325,100
123480000000,0,0,9.81,0,0,0.3539466503770181,0,0,0,101325,100
123500000000,0,0,9.81,0,0,0.35670310591897725,0,0,0,101325,100
123520000000,0,0,9.81,0,0,0.3562196406127568,0,0,0,101325,100
123540000000,0,0,9.81,0,0,0.3552899477960857,0,0,0,101325,100
123560000000,0,0,9.81,0,0,0.35457806782240664,0,0,0,101325,100
123580000000,0,0,9.81,0,0,0.35566052047403324,0,0,0,101325,100
123600000000,0,0,9.81,0,0,0.3540160345940046,0,0,0,101325,100
123620000000,0,0,9.81,0,0,0.35324850304537236,0,0,0,101325,100
123640000000,0,0,9.81,0,0,0.3557232545164053,0,0,0,101325,100
123660000000,0,0,9.81,0,0,0.35465126749084513,0,0,0,101325,100
123680000000,0,0,9.81,0,0,0.3550751821978532,0,0,0,101325,100
123700000000,0,0,9.81,0,0,0.35556796680667807,0,0,0,101325,100
123720000000,0,0,9.81,0,0,0.3557887824710184,0,0,0,101325,100
123740000000,0,0,9.81,0,0,0.3540799622371203,0,0,0,101325,100
123760000000,0,0,9.81,0,0,0.3545877631647745,0,0,0,101325,100
123780000000,0,0,9.81,0,0,0.354618330343688,0,0,0,101325,100
123800000000,0,0,9.81,0,0,0.35560526679182014,0,0,0,101325,100
123820000000,0,0,9.81,0,0,0.3544379537861853,0,0,0,101325,100
123840000000,0,0,9.81,0,0,0.3568665734002546,0,0,0,101325,100
123860000000,0,0,9.81,0,0,0.3552183814764593,0,0,0,101325,100
123880000000,0,0,9.81,0,0,0.35404447179908305,0,0,0,101325,100
123900000000,0,0,9.81,0,0,0.35603579858655243,0,0,0,101325,100
123920000000,0,0,9.81,0,0,0.3542543541005992,0,0,0,101325,100
123940000000,0,0,9.81,0,0,0.35644199543416627,0,0,0,101325,100
123960000000,0,0,9.81,0,0,0.35450656566142036,0,0,0,101325,100
123980000000,0,0,9.81,0,0,0.35508594004337957,0,0,0,101325,100
124000000000,0,0,9.81,0,0,0.35547300414125815,0,0,0,101325,100
124020000000,0,0,9.81,0,0,0.3538936771399814,0,0,0,101325,100
124040000000,0,0,9.81,0,0,0.35360783559885883,0,0,0,101325,100
124060000000,0,0,9.81,0,0,0.35512982182374303,0,0,0,101325,100
124080000000,0,0,9.81,0,0,0.3547027036442116,0,0,0,101325,100
124100000000,0,0,9.81,0,0,0.3535817631351816,0,0,0,101325,100
124120000000,0,0,9.81,0,0,0.3537833130555165,0,0,0,101325,100
124140000000,0,0,9.81,0,0,0.35596546624432224,0,0,0,101325,100
124160000000,0,0,9.81,0,0,0.35485147379843807,0,0,0,101325,100
124180000000,0,0,9.81,0,0,0.3551508695994961,0,0,0,101325,100
124200000000,0,0,9.81,0,0,0.3558948299970879,0,0,0,101325,100
124220000000,0,0,9.81,0,0,0.35421110832735503,0,0,0,101325,100
124240000000,0,0,9.81,0,0,0.35616299762134884,0,0,0,101325,100
124260000000,0,0,9.81,0,0,0.35537073867130436,0,0,0,101325,100
124280000000,0,0,9.81,0,0,0.355621735825118,0,0,0,101325,100
124300000000,0,0,9.81,0,0,0.3558663255307009,0,0,0,101325,100
124320000000,0,0,9.81,0,0,0.354183367266428,0,0,0,101325,100
124340000000,0,0,9.81,0,0,0.35407437317611684,0,0,0,101325,100
124360000000,0,0,9.81,0,0,0.35517630940271794,0,0,0,101325,100
124380000000,0,0,9.81,0,0,0.35691075397195515,0,0,0,101325,100
124400000000,0,0,9.81,0,0,0.35441018291508525,0,0,0,101325,100
124420000000,0,0,9.81,0,0,0.355316421232431,0,0,0,101325,100
124440000000,0,0,9.81,0,0,0.35427135401824095,0,0,0,101325,100
124460000000,0,0,9.81,0,0,0.35711296763858785,0,0,0,101325,100
124480000000,0,0,9.81,0,0,0.3558748568262775,0,0,0,101325,100
124500000000,0,0,9.81,0,0,0.35449344110589853,0,0,0,101325,100
124520000000,0,0,9.81,0,0,0.35455929311963613,0,0,0,101325,100
124540000000,0,0,9.81,0,0,0.354112407775014,0,0,0,101325,100
124560000000,0,0,9.81,0,0,0.35476483137278086,0,0,0,101325,100
124580000000,0,0,9.81,0,0,0.3550737295642914,0,0,0,101325,100
124600000000,0,0,9.81,0,0,0.35411230703879,0,0,0,101325,100
124620000000,0,0,9.81,0,0,0.35539956764017233,0,0,0,101325,100
124640000000,0,0,9.81,0,0,0.35469017311174206,0,0,0,101325,100
124660000000,0,0,9.81,0,0,0.3549521433148097,0,0,0,101325,100
124680000000,0,0,9.81,0,0,0.35602712906712763,0,0,0,101325,100
124700000000,0,0,9.81,0,0,0.3552850271534135,0,0,0,101325,100
124720000000,0,0,9.81,0,0,0.35614203682475176,0,0,0,101325,100
124740000000,0,0,9.81,0,0,0.3541610172672557,0,0,0,101325,100
124760000000,0,0,9.81,0,0,0.3561974021373755,0,0,0,101325,100
124780000000,0,0,9.81,0,0,0.354162455111959,0,0,0,101325,100
124800000000,0,0,9.81,0,0,0.35575502286254734,0,0,0,101325,100
124820000000,0,0,9.81,0,0,0.3548340439872883,0,0,0,101325,100
124840000000,0,0,9.81,0,0,0.3544961216693979,0,0,0,101325,100
124860000000,0,0,9.81,0,0,0.3559636317339411,0,0,0,101325,100
124880000000,0,0,9.81,0,0,0.3556693386069845,0,0,0,101325,100
124900000000,0,0,9.81,0,0,0.3549628932272009,0,0,0,101325,100
124920000000,0,0,9.81,0,0,0.35614177704346545,0,0,0,101325,100
124940000000,0,0,9.81,0,0,0.3539094982780223,0,0,0,101325,100
124960000000,0,0,9.81,0,0,0.35550072525354537,0,0,0,101325,100
124980000000,0,0,9.81,0,0,0.35399968246184554,0,0,0,101325,100
125000000000,0,0,9.81,0,0,0.35487625135558093,0,0,0,101325,100
125020000000,0,0,9.81,0,0,0.3544972156967302,0,0,0,101325,100
125040000000,0,0,9.81,0,0,0.3553546041639514,0,0,0,101325,100
125060000000,0,0,9.81,0,0,0.3558205222914944,0,0,0,101325,100
125080000000,0,0,9.81,0,0,0.355114912939571,0,0,0,101325,100
125100000000,0,0,9.81,0,0,0.35667089915468453,0,0,0,101325,100
125120000000,0,0,9.81,0,0,0.35404832433411787,0,0,0,101325,100
125140000000,0,0,9.81,0,0,0.35672798659707716,0,0,0,101325,100
125160000000,0,0,9.81,0,0,0.3532792484118753,0,0,0,101325,100
125180000000,0,0,9.81,0,0,0.35580818077625753,0,0,0,101325,100
125200000000,0,0,9.81,0,0,0.35418257826870225,0,0,0,101325,100
125220000000,0,0,9.81,0,0,0.35530013651065984,0,0,0,101325,100
125240000000,0,0,9.81,0,0,0.3553153081864862,0,0,0,101325,100
125260000000,0,0,9.81,0,0,0.35430525612192826,0,0,0,101325,100
125280000000,0,0,9.81,0,0,0.3556872650386258,0,0,0,101325,100
125300000000,0,0,9.81,0,0,0.3558109140627387,0,0,0,101325,100
125320000000,0,0,9.81,0,0,0.35531311375944896,0,0,0,101325,100
125340000000,0,0,9.81,0,0,0.3557094282904169,0,0,0,101325,100
125360000000,0,0,9.81,0,0,0.3547481739372512,0,0,0,101325,100
125380000000,0,0,9.81,0,0,0.35608870292609657,0,0,0,101325,100
125400000000,0,0,9.81,0,0,0.3555611697242111,0,0,0,101325,100
125420000000,0,0,9.81,0,0,0.3542571965905016,0,0,0,101325,100
125440000000,0,0,9.81,0,0,0.3543753652068189,0,0,0,101325,100
125460000000,0,0,9.81,0,0,0.355254247310513,0,0,0,101325,100
125480000000,0,0,9.81,0,0,0.35431834721222777,0,0,0,101325,100
125500000000,0,0,9.81,0,0,0.35385275583014214,0,0,0,101325,100
125520000000,0,0,9.81,0,0,0.3548645415263446,0,0,0,101325,100
125540000000,0,0,9.81,0,0,0.35495975004514274,0,0,0,101325,100
125560000000,0,0,9.81,0,0,0.35473290843860583,0,0,0,101325,100
125580000000,0,0,9.81,0,0,0.3564947214760199,0,0,0,101325,100
125600000000,0,0,9.81,0,0,0.35434260218363356,0,0,0,101325,100
125620000000,0,0,9.81,0,0,0.35643290556247265,0,0,0,101325,100
125640000000,0,0,9.81,0,0,0.3539242975663398,0,0,0,101325,100
125660000000,0,0,9.81,0,0,0.35630486548372914,0,0,0,101325,100
125680000000,0,0,9.81,0,0,0.35468635352372435,0,0,0,101325,100
125700000000,0,0,9.81,0,0,0.3545581410004448,0,0,0,101325,100
125720000000,0,0,9.81,0,0,0.35591620983170164,0,0,0,101325,100
125740000000,0,0,9.81,0,0,0.35476047433963676,0,0,0,101325,100
125760000000,0,0,9.81,0,0,0.3554486322862949,0,0,0,101325,100
125780000000,0,0,9.81,0,0,0.3555388843609801,0,0,0,101325,100
125800000000,0,0,9.81,0,0,0.35536187347360204,0,0,0,101325,100
125820000000,0,0,9.81,0,0,0.3537772820178339,0,0,0,101325,100
125840000000,0,0,9.81,0,0,0.3527042304773365,0,0,0,101325,100
125860000000,0,0,9.81,0,0,0.35461026233082715,0,0,0,101325,100
125880000000,0,0,9.81,0,0,0.35529242745621525,0,0,0,101325,100
125900000000,0,0,9.81,0,0,0.3560598756738384,0,0,0,101325,100
125920000000,0,0,9.81,0,0,0.3543581853029504,0,0,0,101325,100
125940000000,0,0,9.81,0,0,0.3555358613001293,0,0,0,101325,100
125960000000,0,0,9.81,0,0,0.3535912011323268,0,0,0,101325,100
125980000000,0,0,9.81,0,0,0.3560828457513661,0,0,0,101325,100
126000000000,0,0,9.81,0,0,0.3549289960837823,0,0,0,101325,100
126020000000,0,0,9.81,0,0,0.35661567000407324,0,0,0,101325,100
126040000000,0,0,9.81,0,0,0.35467926820384765,0,0,0,101325,100
126060000000,0,0,9.81,0,0,0.3548922822501462,0,0,0,101325,100
126080000000,0,0,9.81,0,0,0.35644761562243565,0,0,0,101325,100
126100000000,0,0,9.81,0,0,0.3555053833526165,0,0,0,101325,100
126120000000,0,0,9.81,0,0,0.35699875229721284,0,0,0,101325,100
126140000000,0,0,9.81,0,0,0.35534741584501045,0,0,0,101325,100
126160000000,0,0,9.81,0,0,0.35457317169095814,0,0,0,101325,100
126180000000,0,0,9.81,0,0,0.354448250846916,0,0,0,101325,100
126200000000,0,0,9.81,0,0,0.355700720448274,0,0,0,101325,100
126220000000,0,0,9.81,0,0,0.3558434410523826,0,0,0,101325,100
126240000000,0,0,9.81,0,0,0.35442889971320324,0,0,0,101325,100
126260000000,0,0,9.81,0,0,0.3562852594807901,0,0,0,101325,100
126280000000,0,0,9.81,0,0,0.3561190880117353,0,0,0,101325,100
126300000000,0,0,9.81,0,0,0.35505772299306176,0,0,0,101325,100
126320000000,0,0,9.81,0,0,0.3539834488798182,0,0,0,101325,100
126340000000,0,0,9.81,0,0,0.353702764784479,0,0,0,101325,100
126360000000,0,0,9.81,0,0,0.35456629306218573,0,0,0,101325,100
126380000000,0,0,9.81,0,0,0.3547005371196264,0,0,0,101325,100
126400000000,0,0,9.81,0,0,0.3540985152238742,0,0,0,101325,100
126420000000,0,0,9.81,0,0,0.3554123340518091,0,0,0,101325,100
126440000000,0,0,9.81,0,0,0.3557883060758001,0,0,0,101325,100
126460000000,0,0,9.81,0,0,0.3543351162733191,0,0,0,101325,100
126480000000,0,0,9.81,0,0,0.35400526719081116,0,0,0,101325,100
126500000000,0,0,9.81,0,0,0.35364581362424047,0,0,0,101325,100
126520000000,0,0,9.81,0,0,0.3538804962290388,0,0,0,101325,100
126540000000,0,0,9.81,0,0,0.3543907243046958,0,0,0,101325,100
126560000000,0,0,9.81,0,0,0.3554183902603432,0,0,0,101325,100
126580000000,0,0,9.81,0,0,0.3549168673589311,0,0,0,101325,100
126600000000,0,0,9.81,0,0,0.355848036382104,0,0,0,101325,100
126620000000,0,0,9.81,0,0,0.35476259666538534,0,0,0,101325,100
126640000000,0,0,9.81,0,0,0.35468431031559294,0,0,0,101325,100
126660000000,0,0,9.81,0,0,0.3561221112162764,0,0,0,101325,100
126680000000,0,0,9.81,0,0,0.35546080625560794,0,0,0,101325,100
126700000000,0,0,9.81,0,0,0.3552886262047061,0,0,0,101325,100
126720000000,0,0,9.81,0,0,0.35604213187293726,0,0,0,101325,100
126740000000,0,0,9.81,0,0,0.353988357339177,0,0,0,101325,100
126760000000,0,0,9.81,0,0,0.35484987040054156,0,0,0,101325,100
126780000000,0,0,9.81,0,0,0.3573966202565744,0,0,0,101325,100
126800000000,0,0,9.81,0,0,0.35480288420585215,0,0,0,101325,100
126820000000,0,0,9.81,0,0,0.3550020842159912,0,0,0,101325,100
126840000000,0,0,9.81,0,0,0.3547522799562428,0,0,0,101325,100
126860000000,0,0,9.81,0,0,0.3557582234493307,0,0,0,101325,100
126880000000,0,0,9.81,0,0,0.35369082436265553,0,0,0,101325,100
126900000000,0,0,9.81,0,0,0.35604907516236634,0,0,0,101325,100
126920000000,0,0,9.81,0,0,0.35621842456985026,0,0,0,101325,100
126940000000,0,0,9.81,0,0,0.35475213565969677,0,0,0,101325,100
126960000000,0,0,9.81,0,0,0.35542235458949345,0,0,0,101325,100
126980000000,0,0,9.81,0,0,0.3551239556094024,0,0,0,101325,100
127000000000,0,0,9.81,0,0,0.35513089615132953,0,0,0,101325,100
127020000000,0,0,9.81,0,0,0.35552925389705037,0,0,0,101325,100
127040000000,0,0,9.81,0,0,0.3541898656337951,0,0,0,101325,100
127060000000,0,0,9.81,0,0,0.35428659837163273,0,0,0,101325,100
127080000000,0,0,9.81,0,0,0.3557714066492149,0,0,0,101325,100
127100000000,0,0,9.81,0,0,-0.4384721061171317,0,0,0,101325,100
127120000000,0,0,9.81,0,0,-0.43727141871820485,0,0,0,101325,100
127140000000,0,0,9.81,0,0,-0.4368011359849145,0,0,0,101325,100
127160000000,0,0,9.81,0,0,-0.43667076566008084,0,0,0,101325,100
127180000000,0,0,9.81,0,0,-0.43846287524045635,0,0,0,101325,100
127200000000,0,0,9.81,0,0,-0.4368623390143297,0,0,0,101325,100
127220000000,0,0,9.81,0,0,-0.4380265920067102,0,0,0,101325,100
127240000000,0,0,9.81,0,0,-0.43746243991712863,0,0,0,101325,100
127260000000,0,0,9.81,0,0,-0.4386641519509424,0,0,0,101325,100
127280000000,0,0,9.81,0,0,-0.43798845628436656,0,0,0,101325,100
127300000000,0,0,9.81,0,0,-0.4378541934796041,0,0,0,101325,100
127320000000,0,0,9.81,0,0,-0.43704198979895564,0,0,0,101325,100
127340000000,0,0,9.81,0,0,-0.4367084790426888,0,0,0,101325,100
127360000000,0,0,9.81,0,0,-0.43674970125451135,0,0,0,101325,100
127380000000,0,0,9.81,0,0,-0.43719409272638055,0,0,0,101325,100
127400000000,0,0,9.81,0,0,-0.4378451313260534,0,0,0,101325,100
127420000000,0,0,9.81,0,0,-0.43813496040606226,0,0,0,101325,100
127440000000,0,0,9.81,0,0,-0.4374510669154978,0,0,0,101325,100
127460000000,0,0,9.81,0,0,-0.43816316083731754,0,0,0,101325,100
127480000000,0,0,9.81,0,0,-0.4373752197072883,0,0,0,101325,100
127500000000,0,0,9.81,0,0,-0.4380094047612556,0,0,0,101325,100
127520000000,0,0,9.81,0,0,-0.4376816887709123,0,0,0,101325,100
127540000000,0,0,9.81,0,0,-0.4383966506923982,0,0,0,101325,100
127560000000,0,0,9.81,0,0,-0.4380891021520824,0,0,0,101325,100
127580000000,0,0,9.81,0,0,-0.437170539812474,0,0,0,101325,100
127600000000,0,0,9.81,0,0,-0.43670353953586905,0,0,0,101325,100
127620000000,0,0,9.81,0,0,-0.437571964922722,0,0,0,101325,100
127640000000,0,0,9.81,0,0,-0.4372162667571852,0,0,0,101325,100
127660000000,0,0,9.81,0,0,-0.43687892293093367,0,0,0,101325,100
127680000000,0,0,9.81,0,0,-0.43678762029590223,0,0,0,101325,100
127700000000,0,0,9.81,0,0,-0.43625871484365464,0,0,0,101325,100
127720000000,0,0,9.81,0,0,-0.4369306155646908,0,0,0,101325,100
127740000000,0,0,9.81,0,0,-0.43613915660772457,0,0,0,101325,100
127760000000,0,0,9.81,0,0,-0.4358516939025308,0,0,0,101325,100
127780000000,0,0,9.81,0,0,-0.43693898368533407,0,0,0,101325,100
127800000000,0,0,9.81,0,0,-0.43782793630167327,0,0,0,101325,100
127820000000,0,0,9.81,0,0,-0.4366885028697473,0,0,0,101325,100
127840000000,0,0,9.81,0,0,-0.43596951052889416,0,0,0,101325,100
127860000000,0,0,9.81,0,0,-0.4373216616501058,0,0,0,101325,100
127880000000,0,0,9.81,0,0,-0.43721328258876807,0,0,0,101325,100
127900000000,0,0,9.81,0,0,-0.43797232790632695,0,0,0,101325,100
127920000000,0,0,9.81,0,0,-0.43728370141523903,0,0,0,101325,100
127940000000,0,0,9.81,0,0,-0.4369514620974735,0,0,0,101325,100
127960000000,0,0,9.81,0,0,-0.43649783597389813,0,0,0,101325,100
127980000000,0,0,9.81,0,0,-0.43787908078122645,0,0,0,101325,100
128000000000,0,0,9.81,0,0,-0.43710516078812084,0,0,0,101325,100
128020000000,0,0,9.81,0,0,-0.4376284540323652,0,0,0,101325,100
128039999999,0,0,9.81,0,0,-0.43780008186190983,0,0,0,101325,100
128060000000,0,0,9.81,0,0,-0.4360811630017634,0,0,0,101325,100
128080000000,0,0,9.81,0,0,-0.43850857468239196,0,0,0,101325,100
128100000000,0,0,9.81,0,0,-0.4360464893352038,0,0,0,101325,100
128120000000,0,0,9.81,0,0,-0.4376919409549228,0,0,0,101325,100
128139999999,0,0,9.81,0,0,-0.43631157638837326,0,0,0,101325,100
128160000000,0,0,9.81,0,0,-0.43531714629341894,0,0,0,101325,100
128180000000,0,0,9.81,0,0,-0.43681318001925473,0,0,0,101325,100
128199999999,0,0,9.81,0,0,-0.438422892222781,0,0,0,101325,100
128220000000,0,0,9.81,0,0,-0.43727813874196514,0,0,0,101325,100
128240000000,0,0,9.81,0,0,-0.43526236169166,0,0,0,101325,100
128259999999,0,0,9.81,0,0,-0.4389700417188611,0,0,0,101325,100
128280000000,0,0,9.81,0,0,-0.4380147082715139,0,0,0,101325,100
128300000000,0,0,9.81,0,0,-0.4378330263581689,0,0,0,101325,100
128320000000,0,0,9.81,0,0,-0.43619377300477746,0,0,0,101325,100
128340000000,0,0,9.81,0,0,-0.43708291334739763,0,0,0,101325,100
128360000000,0,0,9.81,0,0,-0.4370271416450467,0,0,0,101325,100
128380000000,0,0,9.81,0,0,-0.43802345172830776,0,0,0,101325,100
128400000000,0,0,9.81,0,0,-0.4377393773828921,0,0,0,101325,100
128419999999,0,0,9.81,0,0,-0.43689114724032285,0,0,0,101325,100
128440000000,0,0,9.81,0,0,-0.43817340565421076,0,0,0,101325,100
128460000000,0,0,9.81,0,0,-0.43880869552241825,0,0,0,101325,100
128479999999,0,0,9.81,0,0,-0.4375612859864309,0,0,0,101325,100
128500000000,0,0,9.81,0,0,-0.436829234011705,0,0,0,101325,100
128520000000,0,0,9.81,0,0,-0.4367280825941614,0,0,0,101325,100
128539999999,0,0,9.81,0,0,-0.4372000654156649,0,0,0,101325,100
128560000000,0,0,9.81,0,0,-0.43701042217969677,0,0,0,101325,100
128580000000,0,0,9.81,0,0,-0.4376686488902709,0,0,0,101325,100
128600000000,0,0,9.81,0,0,-0.43899439775505766,0,0,0,101325,100
128620000000,0,0,9.81,0,0,-0.4363301133652398,0,0,0,101325,100
128639999999,0,0,9.81,0,0,-0.4366810432889147,0,0,0,101325,100
128660000000,0,0,9.81,0,0,-0.4356120874439655,0,0,0,101325,100
128680000000,0,0,9.81,0,0,-0.43808050274530697,0,0,0,101325,100
128699999999,0,0,9.81,0,0,-0.43645385167895967,0,0,0,101325,100
128720000000,0,0,9.81,0,0,-0.4369147144953968,0,0,0,101325,100
128740000000,0,0,9.81,0,0,-0.43673477119749365,0,0,0,101325,100
128759999999,0,0,9.81,0,0,-0.436106016506484,0,0,0,101325,100
128780000000,0,0,9.81,0,0,-0.4383676536568302,0,0,0,101325,100
128800000000,0,0,9.81,0,0,-0.4374785029421769,0,0,0,101325,100
128820000000,0,0,9.81,0,0,-0.43719367564994005,0,0,0,101325,100
128840000000,0,0,9.81,0,0,-0.4380194163084933,0,0,0,101325,100
128860000000,0,0,9.81,0,0,-0.4387129811558935,0,0,0,101325,100
128880000000,0,0,9.81,0,0,-0.436961377263749,0,0,0,101325,100
128900000000,0,0,9.81,0,0,-0.4383815706465632,0,0,0,101325,100
128919999999,0,0,9.81,0,0,-0.4355546930968699,0,0,0,101325,100
128940000000,0,0,9.81,0,0,-0.43579514650131795,0,0,0,101325,100
128960000000,0,0,9.81,0,0,-0.43744634574146224,0,0,0,101325,100
128979999999,0,0,9.81,0,0,-0.4380641080685915,0,0,0,101325,100
129000000000,0,0,9.81,0,0,-0.4376558323675684,0,0,0,101325,100
129020000000,0,0,9.81,0,0,-0.4367080395893808,0,0,0,101325,100
129039999999,0,0,9.81,0,0,-0.43737639611098816,0,0,0,101325,100
129060000000,0,0,9.81,0,0,-0.43731989825895007,0,0,0,101325,100
129080000000,0,0,9.81,0,0,-0.4368302625678265,0,0,0,101325,100
129100000000,0,0,9.81,0,0,-0.4359003232244901,0,0,0,101325,100
129120000000,0,0,9.81,0,0,-0.4372571727779956,0,0,0,101325,100
129139999999,0,0,9.81,0,0,-0.43752900860706634,0,0,0,101325,100
129160000000,0,0,9.81,0,0,-0.43590710564444746,0,0,0,101325,100
129180000000,0,0,9.81,0,0,-0.4375920691029929,0,0,0,101325,100
129199999999,0,0,9.81,0,0,-0.43702803444638655,0,0,0,101325,100
129220000000,0,0,9.81,0,0,-0.4356911348911586,0,0,0,101325,100
129240000000,0,0,9.81,0,0,-0.43958828520652576,0,0,0,101325,100
129259999999,0,0,9.81,0,0,-0.43804469396283957,0,0,0,101325,100
129280000000,0,0,9.81,0,0,-0.43653430975831453,0,0,0,101325,100
129300000000,0,0,9.81,0,0,-0.43660713327933176,0,0,0,101325,100
129320000000,0,0,9.81,0,0,-0.43769543874535355,0,0,0,101325,100
129340000000,0,0,9.81,0,0,-0.43786149361065546,0,0,0,101325,100
129360000000,0,0,9.81,0,0,-0.43694440668307427,0,0,0,101325,100
129380000000,0,0,9.81,0,0,-0.43695998187533647,0,0,0,101325,100
129400000000,0,0,9.81,0,0,-0.4370361983649307,0,0,0,101325,100
129419999999,0,0,9.81,0,0,-0.4360599232701987,0,0,0,101325,100
129440000000,0,0,9.81,0,0,-0.4366608426807148,0,0,0,101325,100
129460000000,0,0,9.81,0,0,-0.4386402098622733,0,0,0,101325,100
129479999999,0,0,9.81,0,0,-0.43748463629851897,0,0,0,101325,100
129500000000,0,0,9.81,0,0,-0.43675593185999595,0,0,0,101325,100
129520000000,0,0,9.81,0,0,-0.43747951577547867,0,0,0,101325,100
129539999999,0,0,9.81,0,0,-0.4370118079060196,0,0,0,101325,100
129560000000,0,0,9.81,0,0,-0.436712311462413,0,0,0,101325,100
129580000000,0,0,9.81,0,0,-0.4373221318410903,0,0,0,101325,100
129600000000,0,0,9.81,0,0,-0.4378742822423984,0,0,0,101325,100
129620000000,0,0,9.81,0,0,-0.43706990487843866,0,0,0,101325,100
129639999999,0,0,9.81,0,0,-0.43668027146115085,0,0,0,101325,100
129660000000,0,0,9.81,0,0,-0.435469680712203,0,0,0,101325,100
129680000000,0,0,9.81,0,0,-0.43699439102422616,0,0,0,101325,100
129699999999,0,0,9.81,0,0,-0.43812932805637883,0,0,0,101325,100
129720000000,0,0,9.81,0,0,-0.4379461872272278,0,0,0,101325,100
129740000000,0,0,9.81,0,0,-0.437650168673678,0,0,0,101325,100
129759999999,0,0,9.81,0,0,-0.43730912221183676,0,0,0,101325,100
129780000000,0,0,9.81,0,0,-0.43793143246556243,0,0,0,101325,100
129800000000,0,0,9.81,0,0,-0.4363508523305286,0,0,0,101325,100
129820000000,0,0,9.81,0,0,-0.4379161313631715,0,0,0,101325,100
129840000000,0,0,9.81,0,0,-0.4383503805618318,0,0,0,101325,100
129860000000,0,0,9.81,0,0,-0.43625104857568664,0,0,0,101325,100
129880000000,0,0,9.81,0,0,-0.43656086241138603,0,0,0,101325,100
129900000000,0,0,9.81,0,0,-0.43770437067058754,0,0,0,101325,100
129919999999,0,0,9.81,0,0,-0.4387789764214124,0,0,0,101325,100
129940000000,0,0,9.81,0,0,-0.4372789449089404,0,0,0,101325,100
129960000000,0,0,9.81,0,0,-0.43747644295873184,0,0,0,101325,100
129979999999,0,0,9.81,0,0,-0.43758582461478246,0,0,0,101325,100
130000000000,0,0,9.81,0,0,-0.43867391899427916,0,0,0,101325,100
130020000000,0,0,9.81,0,0,-0.43820569561818234,0,0,0,101325,100
130039999999,0,0,9.81,0,0,-0.4371618486663217,0,0,0,101325,100
130060000000,0,0,9.81,0,0,-0.43810046340150877,0,0,0,101325,100
130080000000,0,0,9.81,0,0,-0.436125771252964,0,0,0,101325,100
130100000000,0,0,9.81,0,0,-0.4375328586831974,0,0,0,101325,100
130120000000,0,0,9.81,0,0,-0.437089721481092,0,0,0,101325,100
130139999999,0,0,9.81,0,0,-0.43834656039767483,0,0,0,101325,100
130160000000,0,0,9.81,0,0,-0.4355763685270973,0,0,0,101325,100
130180000000,0,0,9.81,0,0,-0.43708790411565396,0,0,0,101325,100
130199999999,0,0,9.81,0,0,-0.43714403372758887,0,0,0,101325,100
130220000000,0,0,9.81,0,0,-0.43812501697003486,0,0,0,101325,100
130240000000,0,0,9.81,0,0,-0.437079464303074,0,0,0,101325,100
130259999999,0,0,9.81,0,0,-0.43756120124342046,0,0,0,101325,100
130280000000,0,0,9.81,0,0,-0.4379155334896447,0,0,0,101325,100
130300000000,0,0,9.81,0,0,-0.43677635304778956,0,0,0,101325,100
130320000000,0,0,9.81,0,0,-0.4368236127479192,0,0,0,101325,100
130340000000,0,0,9.81,0,0,-0.4374316907881529,0,0,0,101325,100
130360000000,0,0,9.81,0,0,-0.43532237174825167,0,0,0,101325,100
130380000000,0,0,9.81,0,0,-0.43518929845821086,0,0,0,101325,100
130400000000,0,0,9.81,0,0,-0.43610842778377323,0,0,0,101325,100
130419999999,0,0,9.81,0,0,-0.4361283611514712,0,0,0,101325,100
130440000000,0,0,9.81,0,0,-0.43862906568219173,0,0,0,101325,100
130460000000,0,0,9.81,0,0,-0.4367831098886019,0,0,0,101325,100
130479999999,0,0,9.81,0,0,-0.43733126477950923,0,0,0,101325,100
130500000000,0,0,9.81,0,0,-0.4379217474811874,0,0,0,101325,100
130520000000,0,0,9.81,0,0,-0.43687131806490176,0,0,0,101325,100
130539999999,0,0,9.81,0,0,-0.43736143498758234,0,0,0,101325,100
130560000000,0,0,9.81,0,0,-0.4361930907382262,0,0,0,101325,100
130580000000,0,0,9.81,0,0,-0.4367031259801245,0,0,0,101325,100
130600000000,0,0,9.81,0,0,-0.435785690838631,0,0,0,101325,100
130620000000,0,0,9.81,0,0,-0.4369742372100977,0,0,0,101325,100
130639999999,0,0,9.81,0,0,-0.4365703929292912,0,0,0,101325,100
130660000000,0,0,9.81,0,0,-0.4372901518758463,0,0,0,101325,100
130680000000,0,0,9.81,0,0,-0.4373796240378274,0,0,0,101325,100
130699999999,0,0,9.81,0,0,-0.43794379340834216,0,0,0,101325,100
130720000000,0,0,9.81,0,0,-0.4375671836306701,0,0,0,101325,100
130740000000,0,0,9.81,0,0,-0.4375998539307914,0,0,0,101325,100
130759999999,0,0,9.81,0,0,-0.4365754295167749,0,0,0,101325,100
130780000000,0,0,9.81,0,0,-0.4378365004103173,0,0,0,101325,100
130800000000,0,0,9.81,0,0,-0.4371413447951528,0,0,0,101325,100
130820000000,0,0,9.81,0,0,-0.4382759071051489,0,0,0,101325,100
130840000000,0,0,9.81,0,0,-0.43710900242902095,0,0,0,101325,100
130860000000,0,0,9.81,0,0,-0.43716681793415346,0,0,0,101325,100
130880000000,0,0,9.81,0,0,-0.4369122088391378,0,0,0,101325,100
130900000000,0,0,9.81,0,0,-0.4368143399380504,0,0,0,101325,100
130919999999,0,0,9.81,0,0,-0.43665327028442635,0,0,0,101325,100
130940000000,0,0,9.81,0,0,-0.43839545308403555,0,0,0,101325,100
130960000000,0,0,9.81,0,0,-0.4373911413172179,0,0,0,101325,100
130979999999,0,0,9.81,0,0,-0.4362580179517143,0,0,0,101325,100
131000000000,0,0,9.81,0,0,-0.43773626395570725,0,0,0,101325,100
131020000000,0,0,9.81,0,0,-0.4379172453773612,0,0,0,101325,100
131039999999,0,0,9.81,0,0,-0.4370779934840948,0,0,0,101325,100
131060000000,0,0,9.81,0,0,-0.4368971610799059,0,0,0,101325,100
131080000000,0,0,9.81,0,0,-0.43725604647002214,0,0,0,101325,100
131100000000,0,0,9.81,0,0,-0.43784181799765864,0,0,0,101325,100
131120000000,0,0,9.81,0,0,-0.4365755008822539,0,0,0,101325,100
131139999999,0,0,9.81,0,0,-0.43793602214850086,0,0,0,101325,100
131160000000,0,0,9.81,0,0,-0.43548017227606217,0,0,0,101325,100
131180000000,0,0,9.81,0,0,-0.4361545325840452,0,0,0,101325,100
131199999999,0,0,9.81,0,0,-0.4367814907799145,0,0,0,101325,100
131220000000,0,0,9.81,0,0,-0.43720669580345994,0,0,0,101325,100
131240000000,0,0,9.81,0,0,-0.4364013974449306,0,0,0,101325,100
131259999999,0,0,9.81,0,0,-0.43638295810890454,0,0,0,101325,100
131280000000,0,0,9.81,0,0,-0.43738727313630954,0,0,0,101325,100
131300000000,0,0,9.81,0,0,-0.43669583476817303,0,0,0,101325,100
131320000000,0,0,9.81,0,0,-0.4357462483411723,0,0,0,101325,100
131340000000,0,0,9.81,0,0,-0.43884441661141865,0,0,0,101325,100
131360000000,0,0,9.81,0,0,-0.43872704140813407,0,0,0,101325,100
131380000000,0,0,9.81,0,0,-0.438506334153631,0,0,0,101325,100
131400000000,0,0,9.81,0,0,-0.4366562375399595,0,0,0,101325,100
131419999999,0,0,9.81,0,0,-0.43777466128864134,0,0,0,101325,100
131440000000,0,0,9.81,0,0,-0.4369420173042505,0,0,0,101325,100
131460000000,0,0,9.81,0,0,-0.43871276663025455,0,0,0,101325,100
131479999999,0,0,9.81,0,0,-0.43714209141422383,0,0,0,101325,100
131500000000,0,0,9.81,0,0,-0.4367441420874326,0,0,0,101325,100
131520000000,0,0,9.81,0,0,-0.4398565289895209,0,0,0,101325,100
131539999999,0,0,9.81,0,0,-0.43729592862170663,0,0,0,101325,100
131560000000,0,0,9.81,0,0,-0.4372098964731956,0,0,0,101325,100
131580000000,0,0,9.81,0,0,-0.4364064140310971,0,0,0,101325,100
131600000000,0,0,9.81,0,0,-0.4365345157722094,0,0,0,101325,100
131620000000,0,0,9.81,0,0,-0.4371730550856528,0,0,0,101325,100
131639999999,0,0,9.81,0,0,-0.43665834657190095,0,0,0,101325,100
131660000000,0,0,9.81,0,0,-0.437772996073962,0,0,0,101325,100
131680000000,0,0,9.81,0,0,-0.43658514865216824,0,0,0,101325,100
131699999999,0,0,9.81,0,0,-0.4383351855601785,0,0,0,101325,100
131720000000,0,0,9.81,0,0,-0.43815821021997226,0,0,0,101325,100
131740000000,0,0,9.81,0,0,-0.4387880845801868,0,0,0,101325,100
131759999999,0,0,9.81,0,0,-0.4380909777340286,0,0,0,101325,100
131780000000,0,0,9.81,0,0,-0.4372311635862858,0,0,0,101325,100
131800000000,0,0,9.81,0,0,-0.43652890893063556,0,0,0,101325,100
131820000000,0,0,9.81,0,0,-0.43561647168060696,0,0,0,101325,100
131840000000,0,0,9.81,0,0,-0.4379434489748702,0,0,0,101325,100
131860000000,0,0,9.81,0,0,-0.43698807510962334,0,0,0,101325,100
131880000000,0,0,9.81,0,0,-0.4369439497015525,0,0,0,101325,100
131900000000,0,0,9.81,0,0,-0.43603918033542144,0,0,0,101325,100
131919999999,0,0,9.81,0,0,-0.4374564154098801,0,0,0,101325,100
131940000000,0,0,9.81,0,0,-0.4368779665652664,0,0,0,101325,100
131960000000,0,0,9.81,0,0,-0.43683582925631964,0,0,0,101325,100
131979999999,0,0,9.81,0,0,-0.4373049621843618,0,0,0,101325,100
132000000000,0,0,9.81,0,0,-0.4367028629899488,0,0,0,101325,100
132020000000,0,0,9.81,0,0,-0.4367296952231822,0,0,0,101325,100
132039999999,0,0,9.81,0,0,-0.4365211323919691,0,0,0,101325,100
132060000000,0,0,9.81,0,0,-0.4370089917678562,0,0,0,101325,100
132080000000,0,0,9.81,0,0,-0.438045203583634,0,0,0,101325,100
132100000000,0,0,9.81,0,0,-0.43794203854984504,0,0,0,101325,100
132120000000,0,0,9.81,0,0,-0.43833654585925286,0,0,0,101325,100
132139999999,0,0,9.81,0,0,-0.435995637124337,0,0,0,101325,100
132160000000,0,0,9.81,0,0,-0.43707344553281285,0,0,0,101325,100
132180000000,0,0,9.81,0,0,-0.4376981344161515,0,0,0,101325,100
132199999999,0,0,9.81,0,0,-0.4371652165046295,0,0,0,101325,100
132220000000,0,0,9.81,0,0,-0.4381882843371718,0,0,0,101325,100
132240000000,0,0,9.81,0,0,-0.43725710625469394,0,0,0,101325,100
132259999999,0,0,9.81,0,0,-0.43693186047044374,0,0,0,101325,100
132280000000,0,0,9.81,0,0,-0.4379481641834122,0,0,0,101325,100
132300000000,0,0,9.81,0,0,-0.4391135943264888,0,0,0,101325,100
132320000000,0,0,9.81,0,0,-0.43831073840465795,0,0,0,101325,100
132340000000,0,0,9.81,0,0,-0.4367634158023629,0,0,0,101325,100
132360000000,0,0,9.81,0,0,-0.43777387247349425,0,0,0,101325,100
132380000000,0,0,9.81,0,0,-0.43766906878893036,0,0,0,101325,100
132400000000,0,0,9.81,0,0,-0.4355412872766199,0,0,0,101325,100
132419999999,0,0,9.81,0,0,-0.43530275638416754,0,0,0,101325,100
132440000000,0,0,9.81,0,0,-0.43791946977494056,0,0,0,101325,100
132460000000,0,0,9.81,0,0,-0.43651651482674614,0,0,0,101325,100
132479999999,0,0,9.81,0,0,-0.4363966251197669,0,0,0,101325,100
132500000000,0,0,9.81,0,0,-0.4365837831883848,0,0,0,101325,100
132520000000,0,0,9.81,0,0,-0.43739491194328495,0,0,0,101325,100
132539999999,0,0,9.81,0,0,-0.4365328891641559,0,0,0,101325,100
132560000000,0,0,9.81,0,0,-0.43658580673633385,0,0,0,101325,100
132580000000,0,0,9.81,0,0,-0.4381557541577538,0,0,0,101325,100
132600000000,0,0,9.81,0,0,-0.437749676510504,0,0,0,101325,100
132620000000,0,0,9.81,0,0,-0.4356747483395897,0,0,0,101325,100
132639999999,0,0,9.81,0,0,-0.43708545695406564,0,0,0,101325,100
132660000000,0,0,9.81,0,0,-0.43764123283137696,0,0,0,101325,100
132680000000,0,0,9.81,0,0,-0.4372985467948044,0,0,0,101325,100
132699999999,0,0,9.81,0,0,-0.43864284485416116,0,0,0,101325,100
132720000000,0,0,9.81,0,0,-0.4377650374148047,0,0,0,101325,100
132740000000,0,0,9.81,0,0,-0.43754343306343557,0,0,0,101325,100
132759999999,0,0,9.81,0,0,-0.4354970673381127,0,0,0,101325,100
132780000000,0,0,9.81,0,0,-0.435843511211653,0,0,0,101325,100
132800000000,0,0,9.81,0,0,-0.43746377666601555,0,0,0,101325,100
132820000000,0,0,9.81,0,0,-0.43792992586635815,0,0,0,101325,100
132840000000,0,0,9.81,0,0,-0.43576785201383356,0,0,0,101325,100
132860000000,0,0,9.81,0,0,-0.4364102089605505,0,0,0,101325,100
132880000000,0,0,9.81,0,0,-0.4374627639914194,0,0,0,101325,100
132900000000,0,0,9.81,0,0,-0.43694637671969905,0,0,0,101325,100
132919999999,0,0,9.81,0,0,-0.437082842398395,0,0,0,101325,100
132940000000,0,0,9.81,0,0,-0.43833382159796774,0,0,0,101325,100
132960000000,0,0,9.81,0,0,-0.43627786852340045,0,0,0,101325,100
132979999999,0,0,9.81,0,0,-0.43759104235495305,0,0,0,101325,100
133000000000,0,0,9.81,0,0,-0.438308446510068,0,0,0,101325,100
133020000000,0,0,9.81,0,0,-0.43648455071509906,0,0,0,101325,100
133039999999,0,0,9.81,0,0,-0.43685624930114525,0,0,0,101325,100
133060000000,0,0,9.81,0,0,-0.4359138517996044,0,0,0,101325,100
133080000000,0,0,9.81,0,0,-0.43923918879910556,0,0,0,101325,100
133100000000,0,0,9.81,0,0,-0.4351247267723227,0,0,0,101325,100
133120000000,0,0,9.81,0,0,-0.4380657217048953,0,0,0,101325,100
133139999999,0,0,9.81,0,0,-0.43783305890693536,0,0,0,101325,100
133160000000,0,0,9.81,0,0,-0.43795627797530295,0,0,0,101325,100
133180000000,0,0,9.81,0,0,-0.43815319070783154,0,0,0,101325,100
133199999999,0,0,9.81,0,0,-0.4374012981198652,0,0,0,101325,100
133220000000,0,0,9.81,0,0,-0.43684443905527387,0,0,0,101325,100
133240000000,0,0,9.81,0,0,-0.4369909100094658,0,0,0,101325,100
133259999999,0,0,9.81,0,0,-0.4377692047891444,0,0,0,101325,100
133280000000,0,0,9.81,0,0,-0.43753751821218034,0,0,0,101325,100
133300000000,0,0,9.81,0,0,-0.4374047876293648,0,0,0,101325,100
133320000000,0,0,9.81,0,0,-0.4355790229034698,0,0,0,101325,100
133340000000,0,0,9.81,0,0,-0.437655793563027,0,0,0,101325,100
133360000000,0,0,9.81,0,0,-0.43673453285571734,0,0,0,101325,100
133380000000,0,0,9.81,0,0,-0.43689737816776386,0,0,0,101325,100
133400000000,0,0,9.81,0,0,-0.43527875744428746,0,0,0,101325,100
133419999999,0,0,9.81,0,0,-0.4355183797072393,0,0,0,101325,100
133440000000,0,0,9.81,0,0,-0.43712809749301207,0,0,0,101325,100
133460000000,0,0,9.81,0,0,-0.43580404426921115,0,0,0,101325,100
133479999999,0,0,9.81,0,0,-0.43709925618577816,0,0,0,101325,100
133500000000,0,0,9.81,0,0,-0.4368890158072719,0,0,0,101325,100
133520000000,0,0,9.81,0,0,-0.43706031502103054,0,0,0,101325,100
133539999999,0,0,9.81,0,0,-0.43574442130265806,0,0,0,101325,100
133560000000,0,0,9.81,0,0,-0.4360565574963586,0,0,0,101325,100
133580000000,0,0,9.81,0,0,-0.43648929342112164,0,0,0,101325,100
133600000000,0,0,9.81,0,0,-0.43730952762263997,0,0,0,101325,100
133620000000,0,0,9.81,0,0,-0.4370463900893487,0,0,0,101325,100
133639999999,0,0,9.81,0,0,-0.43725971554941534,0,0,0,101325,100
133660000000,0,0,9.81,0,0,-0.4368412210682954,0,0,0,101325,100
133680000000,0,0,9.81,0,0,-0.43774071580161755,0,0,0,101325,100
133699999999,0,0,9.81,0,0,-0.4369805536695116,0,0,0,101325,100
133720000000,0,0,9.81,0,0,-0.4386764058883896,0,0,0,101325,100
133740000000,0,0,9.81,0,0,-0.4375017925001431,0,0,0,101325,100
133759999999,0,0,9.81,0,0,-0.43784061012813674,0,0,0,101325,100
133780000000,0,0,9.81,0,0,-0.4370697004972159,0,0,0,101325,100
133800000000,0,0,9.81,0,0,-0.4370847176959548,0,0,0,101325,100
133820000000,0,0,9.81,0,0,-0.4384380154027936,0,0,0,101325,100
133840000000,0,0,9.81,0,0,-0.4379922059589044,0,0,0,101325,100
133860000000,0,0,9.81,0,0,-0.43633636523802316,0,0,0,101325,100
133880000000,0,0,9.81,0,0,-0.4376030151876419,0,0,0,101325,100
133900000000,0,0,9.81,0,0,-0.43709810705052643,0,0,0,101325,100
133919999999,0,0,9.81,0,0,-0.4380055875228665,0,0,0,101325,100
133940000000,0,0,9.81,0,0,-0.43797389727713104,0,0,0,101325,100
133960000000,0,0,9.81,0,0,-0.43680147384563894,0,0,0,101325,100
133979999999,0,0,9.81,0,0,-0.4371404532290768,0,0,0,101325,100
134000000000,0,0,9.81,0,0,-0.4366445047653398,0,0,0,101325,100
134020000000,0,0,9.81,0,0,-0.4377594351477772,0,0,0,101325,100
134039999999,0,0,9.81,0,0,-0.4377058801813001,0,0,0,101325,100
134060000000,0,0,9.81,0,0,-0.4383159873908589,0,0,0,101325,100
134080000000,0,0,9.81,0,0,-0.4373537720892626,0,0,0,101325,100
134100000000,0,0,9.81,0,0,-0.43725505322642977,0,0,0,101325,100
134120000000,0,0,9.81,0,0,-0.4364275588766859,0,0,0,101325,100
134139999999,0,0,9.81,0,0,-0.4378067512404646,0,0,0,101325,100
134160000000,0,0,9.81,0,0,-0.4384753473287776,0,0,0,101325,100
134180000000,0,0,9.81,0,0,-0.4372931880461212,0,0,0,101325,100
134199999999,0,0,9.81,0,0,-0.4378445016660137,0,0,0,101325,100
134220000000,0,0,9.81,0,0,-0.4364922511510354,0,0,0,101325,100
134240000000,0,0,9.81,0,0,-0.4372701376671445,0,0,0,101325,100
134259999999,0,0,9.81,0,0,-0.43770186664340094,0,0,0,101325,100
134280000000,0,0,9.81,0,0,-0.4369222669487569,0,0,0,101325,100
134300000000,0,0,9.81,0,0,-0.4365910736710109,0,0,0,101325,100
134320000000,0,0,9.81,0,0,-0.43691055027359676,0,0,0,101325,100
134340000000,0,0,9.81,0,0,-0.43723679630140994,0,0,0,101325,100
134360000000,0,0,9.81,0,0,-0.43788523799539625,0,0,0,101325,100
134380000000,0,0,9.81,0,0,-0.43792201141028775,0,0,0,101325,100
134400000000,0,0,9.81,0,0,-0.4383841348808121,0,0,0,101325,100
134419999999,0,0,9.81,0,0,-0.4369412285977715,0,0,0,101325,100
134440000000,0,0,9.81,0,0,-0.4364354096967352,0,0,0,101325,100
134460000000,0,0,9.81,0,0,-0.4362106914378368,0,0,0,101325,100
134479999999,0,0,9.81,0,0,-0.43678682545817765,0,0,0,101325,100
134500000000,0,0,9.81,0,0,-0.43870033383886936,0,0,0,101325,100
134520000000,0,0,9.81,0,0,-0.43731569106341167,0,0,0,101325,100
134539999999,0,0,9.81,0,0,-0.4363897032627524,0,0,0,101325,100
134560000000,0,0,9.81,0,0,-0.4376645296201295,0,0,0,101325,100
134580000000,0,0,9.81,0,0,-0.43815376343268697,0,0,0,101325,100
134600000000,0,0,9.81,0,0,-0.4374958265151327,0,0,0,101325,100
134620000000,0,0,9.81,0,0,-0.43704957757685675,0,0,0,101325,100
134639999999,0,0,9.81,0,0,-0.43686068775288983,0,0,0,101325,100
134660000000,0,0,9.81,0,0,-0.4379115941184915,0,0,0,101325,100
134680000000,0,0,9.81,0,0,-0.43925046141430574,0,0,0,101325,100
134699999999,0,0,9.81,0,0,-0.43691511262665195,0,0,0,101325,100
134720000000,0,0,9.81,0,0,-0.4370255261981904,0,0,0,101325,100
134740000000,0,0,9.81,0,0,-0.4361818991111125,0,0,0,101325,100
134759999999,0,0,9.81,0,0,-0.43850051451038907,0,0,0,101325,100
134780000000,0,0,9.81,0,0,-0.4374258058276058,0,0,0,101325,100
134800000000,0,0,9.81,0,0,-0.4373177400264788,0,0,0,101325,100
134820000000,0,0,9.81,0,0,-0.43650150716930336,0,0,0,101325,100
134840000000,0,0,9.81,0,0,-0.4365693373332328,0,0,0,101325,100
134860000000,0,0,9.81,0,0,-0.43808107622363507,0,0,0,101325,100
134880000000,0,0,9.81,0,0,-0.43602113411120186,0,0,0,101325,100
134900000000,0,0,9.81,0,0,-0.4357335708127182,0,0,0,101325,100
134919999999,0,0,9.81,0,0,-0.4368440828205183,0,0,0,101325,100
134940000000,0,0,9.81,0,0,-0.4371213272059488,0,0,0,101325,100
134960000000,0,0,9.81,0,0,-0.436939256550081,0,0,0,101325,100
134979999999,0,0,9.81,0,0,-0.43753389124217384,0,0,0,101325,100
135000000000,0,0,9.81,0,0,-0.43717747942578655,0,0,0,101325,100
135020000000,0,0,9.81,0,0,-0.4383023795307528,0,0,0,101325,100
135039999999,0,0,9.81,0,0,-0.43759340824949255,0,0,0,101325,100
135060000000,0,0,9.81,0,0,-0.43597135907291307,0,0,0,101325,100
135080000000,0,0,9.81,0,0,-0.43752213034428344,0,0,0,101325,100
135100000000,0,0,9.81,0,0,-0.43592750359624094,0,0,0,101325,100
135120000000,0,0,9.81,0,0,-0.4375870048751837,0,0,0,101325,100
135139999999,0,0,9.81,0,0,-0.437021912167485,0,0,0,101325,100
135160000000,0,0,9.81,0,0,-0.43835686143521985,0,0,0,101325,100
135180000000,0,0,9.81,0,0,-0.43472650593382217,0,0,0,101325,100
135199999999,0,0,9.81,0,0,-0.4389510615362601,0,0,0,101325,100
135220000000,0,0,9.81,0,0,-0.4365273675816247,0,0,0,101325,100
135240000000,0,0,9.81,0,0,-0.4379621855026672,0,0,0,101325,100
135259999999,0,0,9.81,0,0,-0.43656862410486164,0,0,0,101325,100
135280000000,0,0,9.81,0,0,-0.4368566200237209,0,0,0,101325,100
135300000000,0,0,9.81,0,0,-0.43845337436712567,0,0,0,101325,100
135320000000,0,0,9.81,0,0,-0.4377429533271338,0,0,0,101325,100
135340000000,0,0,9.81,0,0,-0.4372674621071001,0,0,0,101325,100
135360000000,0,0,9.81,0,0,-0.4366784743935073,0,0,0,101325,100
135380000000,0,0,9.81,0,0,-0.4360305022747292,0,0,0,101325,100
135400000000,0,0,9.81,0,0,-0.4366675166914431,0,0,0,101325,100
135419999999,0,0,9.81,0,0,-0.4386766711952042,0,0,0,101325,100
135440000000,0,0,9.81,0,0,-0.4365969365603751,0,0,0,101325,100
135460000000,0,0,9.81,0,0,-0.4368209390768078,0,0,0,101325,100
135479999999,0,0,9.81,0,0,-0.4359151918033243,0,0,0,101325,100
135500000000,0,0,9.81,0,0,-0.4372530639759227,0,0,0,101325,100
135520000000,0,0,9.81,0,0,-0.4365725972047831,0,0,0,101325,100
135539999999,0,0,9.81,0,0,-0.43641542567774355,0,0,0,101325,100
135560000000,0,0,9.81,0,0,-0.4377644626564526,0,0,0,101325,100
135580000000,0,0,9.81,0,0,-0.4373825890623124,0,0,0,101325,100
135600000000,0,0,9.81,0,0,-0.43705107599183945,0,0,0,101325,100
135620000000,0,0,9.81,0,0,-0.4388981995854546,0,0,0,101325,100
135639999999,0,0,9.81,0,0,-0.43685221237894345,0,0,0,101325,100
135660000000,0,0,9.81,0,0,-0.43621441247428705,0,0,0,101325,100
135680000000,0,0,9.81,0,0,-0.439004678793339,0,0,0,101325,100
135699999999,0,0,9.81,0,0,-0.4385112848015076,0,0,0,101325,100
135720000000,0,0,9.81,0,0,-0.43829107403219464,0,0,0,101325,100
135740000000,0,0,9.81,0,0,-0.43883429654318556,0,0,0,101325,100
135759999999,0,0,9.81,0,0,-0.4375248034814379,0,0,0,101325,100
135780000000,0,0,9.81,0,0,-0.43698183004283003,0,0,0,101325,100
135800000000,0,0,9.81,0,0,-0.4374377635366774,0,0,0,101325,100
135820000000,0,0,9.81,0,0,-0.43788790451863774,0,0,0,101325,100
135840000000,0,0,9.81,0,0,-0.43758332159958074,0,0,0,101325,100
135860000000,0,0,9.81,0,0,-0.4375732843744788,0,0,0,101325,100
135880000000,0,0,9.81,0,0,-0.43818156759776583,0,0,0,101325,100
135900000000,0,0,9.81,0,0,-0.43729108139228556,0,0,0,101325,100
135919999999,0,0,9.81,0,0,-0.4370955907744626,0,0,0,101325,100
135940000000,0,0,9.81,0,0,-0.4377525612630236,0,0,0,101325,100
135960000000,0,0,9.81,0,0,-0.43712072036602667,0,0,0,101325,100
135979999999,0,0,9.81,0,0,-0.4363286009488643,0,0,0,101325,100
136000000000,0,0,9.81,0,0,-0.4371723770152306,0,0,0,101325,100
136020000000,0,0,9.81,0,0,-0.43696352892962254,0,0,0,101325,100
136039999999,0,0,9.81,0,0,-0.43727205179994816,0,0,0,101325,100
136060000000,0,0,9.81,0,0,-0.437905440438113,0,0,0,101325,100
136080000000,0,0,9.81,0,0,-0.4364265966990871,0,0,0,101325,100
136100000000,0,0,9.81,0,0,-0.43868475729366085,0,0,0,101325,100
136120000000,0,0,9.81,0,0,-0.4357554480263653,0,0,0,101325,100
136139999999,0,0,9.81,0,0,-0.43786777730426635,0,0,0,101325,100
136160000000,0,0,9.81,0,0,-0.4366310077300809,0,0,0,101325,100
136180000000,0,0,9.81,0,0,-0.4366192987738121,0,0,0,101325,100
136199999999,0,0,9.81,0,0,-0.4369093106073726,0,0,0,101325,100
136220000000,0,0,9.81,0,0,-0.43784123125205265,0,0,0,101325,100
136240000000,0,0,9.81,0,0,-0.4383650364054304,0,0,0,101325,100
136259999999,0,0,9.81,0,0,-0.4364001206399299,0,0,0,101325,100
136280000000,0,0,9.81,0,0,-0.4363623438545769,0,0,0,101325,100
136300000000,0,0,9.81,0,0,-0.43603377290445927,0,0,0,101325,100
136320000000,0,0,9.81,0,0,-0.43807280044142677,0,0,0,101325,100
136340000000,0,0,9.81,0,0,-0.4367346105868297,0,0,0,101325,100
136360000000,0,0,9.81,0,0,-0.43945374656324937,0,0,0,101325,100
136380000000,0,0,9.81,0,0,-0.43834425746883077,0,0,0,101325,100
136400000000,0,0,9.81,0,0,-0.43804879004592373,0,0,0,101325,100
136419999999,0,0,9.81,0,0,-0.43711823334322686,0,0,0,101325,100
136440000000,0,0,9.81,0,0,-0.4378471403242449,0,0,0,101325,100
136460000000,0,0,9.81,0,0,-0.4369584840069119,0,0,0,101325,100
136479999999,0,0,9.81,0,0,-0.43615678832225924,0,0,0,101325,100
136500000000,0,0,9.81,0,0,-0.43895960342751655,0,0,0,101325,100
136520000000,0,0,9.81,0,0,-0.4366377051078307,0,0,0,101325,100
136539999999,0,0,9.81,0,0,-0.4370876844020676,0,0,0,101325,100
136560000000,0,0,9.81,0,0,-0.43749071578559195,0,0,0,101325,100
136580000000,0,0,9.81,0,0,-0.4371016283491514,0,0,0,101325,100
136600000000,0,0,9.81,0,0,-0.43684269063063175,0,0,0,101325,100
136620000000,0,0,9.81,0,0,-0.4362718157062283,0,0,0,101325,100
136639999999,0,0,9.81,0,0,-0.43665290192268763,0,0,0,101325,100
136660000000,0,0,9.81,0,0,-0.4382766624615604,0,0,0,101325,100
136680000000,0,0,9.81,0,0,-0.43919011628600707,0,0,0,101325,100
136699999999,0,0,9.81,0,0,-0.4366930562770936,0,0,0,101325,100
136720000000,0,0,9.81,0,0,-0.43587947822314127,0,0,0,101325,100
136740000000,0,0,9.81,0,0,-0.4368005212271905,0,0,0,101325,100
136759999999,0,0,9.81,0,0,-0.43811353554872956,0,0,0,101325,100
136780000000,0,0,9.81,0,0,-0.43866908455842507,0,0,0,101325,100
136800000000,0,0,9.81,0,0,-0.43722318191071874,0,0,0,101325,100
136820000000,0,0,9.81,0,0,-0.43637907633307776,0,0,0,101325,100
136840000000,0,0,9.81,0,0,-0.437562836943256,0,0,0,101325,100
136860000000,0,0,9.81,0,0,-0.4383574905856349,0,0,0,101325,100
136880000000,0,0,9.81,0,0,-0.4366132394534394,0,0,0,101325,100
136900000000,0,0,9.81,0,0,-0.43665719376812206,0,0,0,101325,100
136919999999,0,0,9.81,0,0,-0.43724858269935735,0,0,0,101325,100
136940000000,0,0,9.81,0,0,-0.4370984589198382,0,0,0,101325,100
136960000000,0,0,9.81,0,0,-0.43765211625026285,0,0,0,101325,100
136979999999,0,0,9.81,0,0,-0.4366890043048685,0,0,0,101325,100
137000000000,0,0,9.81,0,0,-0.4383474410138986,0,0,0,101325,100
137020000000,0,0,9.81,0,0,-0.4365946764148774,0,0,0,101325,100
137039999999,0,0,9.81,0,0,-0.4365386840751434,0,0,0,101325,100
137060000000,0,0,9.81,0,0,-0.4381808844722309,0,0,0,101325,100
137080000000,0,0,9.81,0,0,-0.4381924069186441,0,0,0,101325,100
137100000000,0,0,9.81,0,0,-0.43796146431572286,0,0,0,101325,100
137120000000,0,0,9.81,0,0,-0.4365127179776374,0,0,0,101325,100
137139999999,0,0,9.81,0,0,-0.43877461763336956,0,0,0,101325,100
137160000000,0,0,9.81,0,0,-0.4382628210528105,0,0,0,101325,100
137180000000,0,0,9.81,0,0,-0.43619898503063936,0,0,0,101325,100
137199999999,0,0,9.81,0,0,-0.43715936207661393,0,0,0,101325,100
137220000000,0,0,9.81,0,0,-0.4368505919787295,0,0,0,101325,100
137240000000,0,0,9.81,0,0,-0.43785651996472624,0,0,0,101325,100
137259999999,0,0,9.81,0,0,-0.43751190707849896,0,0,0,101325,100
137280000000,0,0,9.81,0,0,-0.43630274774783145,0,0,0,101325,100
137300000000,0,0,9.81,0,0,-0.4376862629060511,0,0,0,101325,100
137320000000,0,0,9.81,0,0,-0.4369808189707404,0,0,0,101325,100
137340000000,0,0,9.81,0,0,-0.437768919496423,0,0,0,101325,100
137360000000,0,0,9.81,0,0,-0.4379460219362261,0,0,0,101325,100
137380000000,0,0,9.81,0,0,-0.43892786673307327,0,0,0,101325,100
137400000000,0,0,9.81,0,0,-0.4382429053548268,0,0,0,101325,100
137419999999,0,0,9.81,0,0,-0.437535058262027,0,0,0,101325,100
137440000000,0,0,9.81,0,0,-0.436190446807364,0,0,0,101325,100
137460000000,0,0,9.81,0,0,-0.4371061292112792,0,0,0,101325,100
137480000000,0,0,9.81,0,0,-0.4376537380070366,0,0,0,101325,100
137500000000,0,0,9.81,0,0,-0.43817807909384854,0,0,0,101325,100
137520000000,0,0,9.81,0,0,-0.4368415069478949,0,0,0,101325,100
137540000000,0,0,9.81,0,0,-0.43609076213663506,0,0,0,101325,100
137560000000,0,0,9.81,0,0,-0.43726441910860486,0,0,0,101325,100
137580000000,0,0,9.81,0,0,-0.436851344901407,0,0,0,101325,100
137600000000,0,0,9.81,0,0,-0.4367981868087079,0,0,0,101325,100
137620000000,0,0,9.81,0,0,-0.4371246975879875,0,0,0,101325,100
137640000000,0,0,9.81,0,0,-0.4387344369467333,0,0,0,101325,100
137660000000,0,0,9.81,0,0,-0.43726751844369305,0,0,0,101325,100
137680000000,0,0,9.81,0,0,-0.4378122487733341,0,0,0,101325,100
137700000000,0,0,9.81,0,0,-0.4373219807489278,0,0,0,101325,100
137720000000,0,0,9.81,0,0,-0.43768178897191706,0,0,0,101325,100
137740000000,0,0,9.81,0,0,-0.4387525972135299,0,0,0,101325,100
137760000000,0,0,9.81,0,0,-0.43824314475204923,0,0,0,101325,100
137780000000,0,0,9.81,0,0,-0.43557819770907247,0,0,0,101325,100
137800000000,0,0,9.81,0,0,-0.4358282513856104,0,0,0,101325,100
137820000000,0,0,9.81,0,0,-0.43743140161949545,0,0,0,101325,100
137840000000,0,0,9.81,0,0,-0.43801900165193075,0,0,0,101325,100
137860000000,0,0,9.81,0,0,-0.43589801517663096,0,0,0,101325,100
137880000000,0,0,9.81,0,0,-0.4384043894145324,0,0,0,101325,100
137900000000,0,0,9.81,0,0,-0.43796576613926397,0,0,0,101325,100
137920000000,0,0,9.81,0,0,-0.43654177672534156,0,0,0,101325,100
137940000000,0,0,9.81,0,0,-0.4367073070291866,0,0,0,101325,100
137960000000,0,0,9.81,0,0,-0.43716430859310257,0,0,0,101325,100
137980000000,0,0,9.81,0,0,-0.4383643383341914,0,0,0,101325,100
138000000000,0,0,9.81,0,0,-0.4365354104352679,0,0,0,101325,100
138020000000,0,0,9.81,0,0,-0.4379735374692925,0,0,0,101325,100
138040000000,0,0,9.81,0,0,-0.43713223177859034,0,0,0,101325,100
138060000000,0,0,9.81,0,0,-0.4366747265650987,0,0,0,101325,100
138080000000,0,0,9.81,0,0,-0.43613005468759114,0,0,0,101325,100
138100000000,0,0,9.81,0,0,-0.43697586062179355,0,0,0,101325,100
138120000000,0,0,9.81,0,0,-0.43717457053980785,0,0,0,101325,100
138140000000,0,0,9.81,0,0,-0.4378852305324555,0,0,0,101325,100
138160000000,0,0,9.81,0,0,-0.4365447697986777,0,0,0,101325,100
138180000000,0,0,9.81,0,0,-0.4359841759898697,0,0,0,101325,100
138200000000,0,0,9.81,0,0,-0.4371130221399104,0,0,0,101325,100
138220000000,0,0,9.81,0,0,-0.4375628235618355,0,0,0,101325,100
138240000000,0,0,9.81,0,0,-0.4375047616199812,0,0,0,101325,100
138260000000,0,0,9.81,0,0,-0.4367622103508262,0,0,0,101325,100
138280000000,0,0,9.81,0,0,-0.4379496794070751,0,0,0,101325,100
138300000000,0,0,9.81,0,0,-0.4371403045930467,0,0,0,101325,100
138320000000,0,0,9.81,0,0,-0.43714131310675325,0,0,0,101325,100
138340000000,0,0,9.81,0,0,-0.43722015951926035,0,0,0,101325,100
138360000000,0,0,9.81,0,0,-0.43860149382844066,0,0,0,101325,100
138380000000,0,0,9.81,0,0,-0.43786280234341346,0,0,0,101325,100
138400000000,0,0,9.81,0,0,-0.43741428771047386,0,0,0,101325,100
138420000000,0,0,9.81,0,0,-0.4371004367481127,0,0,0,101325,100
138440000000,0,0,9.81,0,0,-0.4374103259244259,0,0,0,101325,100
138460000000,0,0,9.81,0,0,-0.4366445202257886,0,0,0,101325,100
138480000000,0,0,9.81,0,0,-0.4381452819433304,0,0,0,101325,100
138500000000,0,0,9.81,0,0,-0.43824155644749585,0,0,0,101325,100
138520000000,0,0,9.81,0,0,-0.4381449078944118,0,0,0,101325,100
138540000000,0,0,9.81,0,0,-0.435493088051464,0,0,0,101325,100
138560000000,0,0,9.81,0,0,-0.43695961423625773,0,0,0,101325,100
138580000000,0,0,9.81,0,0,-0.436260787961685,0,0,0,101325,100
138600000000,0,0,9.81,0,0,-0.43750130983855984,0,0,0,101325,100
138620000000,0,0,9.81,0,0,-0.43748467145474157,0,0,0,101325,100
138640000000,0,0,9.81,0,0,-0.4379006430278018,0,0,0,101325,100
138660000000,0,0,9.81,0,0,-0.43809164537028145,0,0,0,101325,100
138680000000,0,0,9.81,0,0,-0.4385808211637143,0,0,0,101325,100
138700000000,0,0,9.81,0,0,-0.43714054510608386,0,0,0,101325,100
138720000000,0,0,9.81,0,0,-0.43716378515943116,0,0,0,101325,100
138740000000,0,0,9.81,0,0,-0.43684348376622684,0,0,0,101325,100
138760000000,0,0,9.81,0,0,-0.43652357219766486,0,0,0,101325,100
138780000000,0,0,9.81,0,0,-0.4373732022088732,0,0,0,101325,100
138800000000,0,0,9.81,0,0,-0.4374207438925388,0,0,0,101325,100
138820000000,0,0,9.81,0,0,-0.43744013457270536,0,0,0,101325,100
138840000000,0,0,9.81,0,0,-0.43784447620337474,0,0,0,101325,100
138860000000,0,0,9.81,0,0,-0.43677065782070706,0,0,0,101325,100
138880000000,0,0,9.81,0,0,-0.4372644943454841,0,0,0,101325,100
138900000000,0,0,9.81,0,0,-0.4368436313800306,0,0,0,101325,100
138920000000,0,0,9.81,0,0,-0.43784801644902854,0,0,0,101325,100
138940000000,0,0,9.81,0,0,-0.4378899788485106,0,0,0,101325,100
138960000000,0,0,9.81,0,0,-0.4372606509240861,0,0,0,101325,100
138980000000,0,0,9.81,0,0,-0.4364093587226966,0,0,0,101325,100
139000000000,0,0,9.81,0,0,-0.43810308892680283,0,0,0,101325,100
139020000000,0,0,9.81,0,0,-0.4369421746894923,0,0,0,101325,100
139040000000,0,0,9.81,0,0,-0.4374608793696081,0,0,0,101325,100
139060000000,0,0,9.81,0,0,-0.43854151900144056,0,0,0,101325,100
139080000000,0,0,9.81,0,0,-0.4378347288865256,0,0,0,101325,100
139100000000,0,0,9.81,0,0,-0.4369664556441255,0,0,0,101325,100
139120000000,0,0,9.81,0,0,-0.43646683251347057,0,0,0,101325,100
139140000000,0,0,9.81,0,0,-0.43619272497328665,0,0,0,101325,100
139160000000,0,0,9.81,0,0,-0.4369172812908068,0,0,0,101325,100
139180000000,0,0,9.81,0,0,-0.43726217718075355,0,0,0,101325,100
139200000000,0,0,9.81,0,0,-0.4368823363260004,0,0,0,101325,100
139220000000,0,0,9.81,0,0,-0.4358381422293294,0,0,0,101325,100
139240000000,0,0,9.81,0,0,-0.4385458265687545,0,0,0,101325,100
139260000000,0,0,9.81,0,0,-0.43694699215858335,0,0,0,101325,100
139280000000,0,0,9.81,0,0,-0.43735587611194293,0,0,0,101325,100
139300000000,0,0,9.81,0,0,-0.43440893428233057,0,0,0,101325,100
139320000000,0,0,9.81,0,0,-0.43578526860472677,0,0,0,101325,100
139340000000,0,0,9.81,0,0,-0.43669782950709063,0,0,0,101325,100
139360000000,0,0,9.81,0,0,-0.4374551147938004,0,0,0,101325,100
139380000000,0,0,9.81,0,0,-0.4368523818813048,0,0,0,101325,100
139400000000,0,0,9.81,0,0,-0.43738811539874123,0,0,0,101325,100
139420000000,0,0,9.81,0,0,-0.43796702478775196,0,0,0,101325,100
139440000000,0,0,9.81,0,0,-0.4369939856505399,0,0,0,101325,100
139460000000,0,0,9.81,0,0,-0.4362847778316869,0,0,0,101325,100
139480000000,0,0,9.81,0,0,-0.4378138299273934,0,0,0,101325,100
139500000000,0,0,9.81,0,0,-0.43722317725746623,0,0,0,101325,100
139520000000,0,0,9.81,0,0,-0.43872208011644387,0,0,0,101325,100
139540000000,0,0,9.81,0,0,-0.4374969524212733,0,0,0,101325,100
139560000000,0,0,9.81,0,0,-0.4378506380278436,0,0,0,101325,100
139580000000,0,0,9.81,0,0,-0.43701992829993946,0,0,0,101325,100
139600000000,0,0,9.81,0,0,-0.43666663221589225,0,0,0,101325,100
139620000000,0,0,9.81,0,0,-0.43801582774813413,0,0,0,101325,100
139640000000,0,0,9.81,0,0,-0.4376374901984084,0,0,0,101325,100
139660000000,0,0,9.81,0,0,-0.43616522224840937,0,0,0,101325,100
139680000000,0,0,9.81,0,0,-0.43713641043719975,0,0,0,101325,100
139700000000,0,0,9.81,0,0,-0.4368919008016698,0,0,0,101325,100
139720000000,0,0,9.81,0,0,-0.43778851762700216,0,0,0,101325,100
139740000000,0,0,9.81,0,0,-0.43556725593686,0,0,0,101325,100
139760000000,0,0,9.81,0,0,-0.4364068941713274,0,0,0,101325,100
139780000000,0,0,9.81,0,0,-0.43672689633109146,0,0,0,101325,100
139800000000,0,0,9.81,0,0,-0.4375616414251496,0,0,0,101325,100
139820000000,0,0,9.81,0,0,-0.43676507735060616,0,0,0,101325,100
139840000000,0,0,9.81,0,0,-0.43776860840974496,0,0,0,101325,100
139860000000,0,0,9.81,0,0,-0.43644073152477214,0,0,0,101325,100
139880000000,0,0,9.81,0,0,-0.437508121394081,0,0,0,101325,100
139900000000,0,0,9.81,0,0,-0.43885313043737423,0,0,0,101325,100
139920000000,0,0,9.81,0,0,-0.4376242588047316,0,0,0,101325,100
139940000000,0,0,9.81,0,0,-0.43801854205145424,0,0,0,101325,100
139960000000,0,0,9.81,0,0,-0.4367416005471959,0,0,0,101325,100
139980000000,0,0,9.81,0,0,-0.4373320761564026,0,0,0,101325,100
140000000000,0,0,9.81,0,0,-0.4378854210709259,0,0,0,101325,100
140020000000,0,0,9.81,0,0,-0.43726523566549663,0,0,0,101325,100
140040000000,0,0,9.81,0,0,-0.4381620126588059,0,0,0,101325,100
140060000000,0,0,9.81,0,0,-0.43826620913533965,0,0,0,101325,100
140080000000,0,0,9.81,0,0,-0.4369029996252243,0,0,0,101325,100
140100000000,0,0,9.81,0,0,-0.4370077901465186,0,0,0,101325,100
140120000000,0,0,9.81,0,0,-0.43713269429497553,0,0,0,101325,100
140140000000,0,0,9.81,0,0,-0.4375432940366553,0,0,0,101325,100
140160000000,0,0,9.81,0,0,-0.4375280515948716,0,0,0,101325,100
140180000000,0,0,9.81,0,0,-0.4384665689068521,0,0,0,101325,100
140200000000,0,0,9.81,0,0,-0.43842473997770887,0,0,0,101325,100
140220000000,0,0,9.81,0,0,-0.4355816560075304,0,0,0,101325,100
140240000000,0,0,9.81,0,0,-0.43634652750929004,0,0,0,101325,100
140260000000,0,0,9.81,0,0,-0.43641174104871966,0,0,0,101325,100
140280000000,0,0,9.81,0,0,-0.4385753695913895,0,0,0,101325,100
140300000000,0,0,9.81,0,0,-0.43824019565864897,0,0,0,101325,100
140320000000,0,0,9.81,0,0,-0.43818521693118695,0,0,0,101325,100
140340000000,0,0,9.81,0,0,-0.43664724120774645,0,0,0,101325,100
140360000000,0,0,9.81,0,0,-0.43738957378866583,0,0,0,101325,100
140380000000,0,0,9.81,0,0,-0.43682494448102666,0,0,0,101325,100
140400000000,0,0,9.81,0,0,-0.4373492791733147,0,0,0,101325,100
140420000000,0,0,9.81,0,0,-0.4368718498871867,0,0,0,101325,100
140440000000,0,0,9.81,0,0,-0.4373862977444474,0,0,0,101325,100
140460000000,0,0,9.81,0,0,-0.4381769379698711,0,0,0,101325,100
140480000000,0,0,9.81,0,0,-0.43716401757178774,0,0,0,101325,100
140500000000,0,0,9.81,0,0,-0.43648804716753176,0,0,0,101325,100
140520000000,0,0,9.81,0,0,-0.43674589499896976,0,0,0,101325,100
140540000000,0,0,9.81,0,0,-0.43833933359173965,0,0,0,101325,100
140560000000,0,0,9.81,0,0,-0.436292242446674,0,0,0,101325,100
140580000000,0,0,9.81,0,0,-0.4374313148419616,0,0,0,101325,100
140600000000,0,0,9.81,0,0,-0.4373328316864993,0,0,0,101325,100
140620000000,0,0,9.81,0,0,-0.4372338292402541,0,0,0,101325,100
140640000000,0,0,9.81,0,0,-0.4375823322278091,0,0,0,101325,100
140660000000,0,0,9.81,0,0,-0.4382075943215287,0,0,0,101325,100
140680000000,0,0,9.81,0,0,-0.43605639700964494,0,0,0,101325,100
140700000000,0,0,9.81,0,0,-0.4373279168122358,0,0,0,101325,100
140720000000,0,0,9.81,0,0,-0.43889498468259663,0,0,0,101325,100
140740000000,0,0,9.81,0,0,-0.4362596283626596,0,0,0,101325,100
140760000000,0,0,9.81,0,0,-0.4358768396491071,0,0,0,101325,100
140780000000,0,0,9.81,0,0,-0.43681746958812756,0,0,0,101325,100
140800000000,0,0,9.81,0,0,-0.4374495401141734,0,0,0,101325,100
140820000000,0,0,9.81,0,0,-0.4374770411219114,0,0,0,101325,100
140840000000,0,0,9.81,0,0,-0.43853776125347815,0,0,0,101325,100
140860000000,0,0,9.81,0,0,-0.4373505629274365,0,0,0,101325,100
140880000000,0,0,9.81,0,0,-0.4372698024610517,0,0,0,101325,100
140900000000,0,0,9.81,0,0,-0.4373021970134142,0,0,0,101325,100
140920000000,0,0,9.81,0,0,-0.4368233787176446,0,0,0,101325,100
140940000000,0,0,9.81,0,0,-0.43632690902863885,0,0,0,101325,100
140960000000,0,0,9.81,0,0,-0.4364510961787916,0,0,0,101325,100
140980000000,0,0,9.81,0,0,-0.4389007290830456,0,0,0,101325,100
141000000000,0,0,9.81,0,0,-0.43871935299184767,0,0,0,101325,100
141020000000,0,0,9.81,0,0,-0.43962729151387925,0,0,0,101325,100
141040000000,0,0,9.81,0,0,-0.4389247414593823,0,0,0,101325,100
141060000000,0,0,9.81,0,0,-0.4368949058823272,0,0,0,101325,100
141080000000,0,0,9.81,0,0,-0.43599548462994536,0,0,0,101325,100
141100000000,0,0,9.81,0,0,-0.43779355833333283,0,0,0,101325,100
141120000000,0,0,9.81,0,0,-0.4355614448141661,0,0,0,101325,100
141140000000,0,0,9.81,0,0,-0.43832012966458217,0,0,0,101325,100
141160000000,0,0,9.81,0,0,-0.43614328493311033,0,0,0,101325,100
141180000000,0,0,9.81,0,0,-0.4370851633307696,0,0,0,101325,100
141200000000,0,0,9.81,0,0,-0.43789235320309255,0,0,0,101325,100
141220000000,0,0,9.81,0,0,-0.4363328583642418,0,0,0,101325,100
141240000000,0,0,9.81,0,0,-0.4352030921854504,0,0,0,101325,100
141260000000,0,0,9.81,0,0,-0.436415722420151,0,0,0,101325,100
141280000000,0,0,9.81,0,0,-0.43857496736809537,0,0,0,101325,100
141300000000,0,0,9.81,0,0,-0.43884408553939735,0,0,0,101325,100
141320000000,0,0,9.81,0,0,-0.43749283815377654,0,0,0,101325,100
141340000000,0,0,9.81,0,0,-0.437781567018816,0,0,0,101325,100
141360000000,0,0,9.81,0,0,-0.4371615948481943,0,0,0,101325,100
141380000000,0,0,9.81,0,0,-0.43761844061194494,0,0,0,101325,100
141400000000,0,0,9.81,0,0,-0.4372493841112165,0,0,0,101325,100
141420000000,0,0,9.81,0,0,-0.43632156075443135,0,0,0,101325,100
141440000000,0,0,9.81,0,0,-0.4377300416431065,0,0,0,101325,100
141460000000,0,0,9.81,0,0,-0.43743751681990684,0,0,0,101325,100
141480000000,0,0,9.81,0,0,-0.43643498516539003,0,0,0,101325,100
141500000000,0,0,9.81,0,0,-0.4370840228203881,0,0,0,101325,100
141520000000,0,0,9.81,0,0,-0.4369221882999182,0,0,0,101325,100
141540000000,0,0,9.81,0,0,-0.43683458412899495,0,0,0,101325,100
141560000000,0,0,9.81,0,0,-0.4373314370733285,0,0,0,101325,100
141580000000,0,0,9.81,0,0,-0.4367378195932184,0,0,0,101325,100
141600000000,0,0,9.81,0,0,-0.43730163169945424,0,0,0,101325,100
141620000000,0,0,9.81,0,0,-0.43633293165499304,0,0,0,101325,100
141640000000,0,0,9.81,0,0,-0.43585716331114666,0,0,0,101325,100
141660000000,0,0,9.81,0,0,-0.4368820822724783,0,0,0,101325,100
141680000000,0,0,9.81,0,0,-0.43621151941593517,0,0,0,101325,100
141700000000,0,0,9.81,0,0,-0.4380753819909375,0,0,0,101325,100
141720000000,0,0,9.81,0,0,-0.4381545157657591,0,0,0,101325,100
141740000000,0,0,9.81,0,0,-0.4353837447716388,0,0,0,101325,100
141760000000,0,0,9.81,0,0,-0.43679150931351635,0,0,0,101325,100
141780000000,0,0,9.81,0,0,-0.4361239435455451,0,0,0,101325,100
141800000000,0,0,9.81,0,0,-0.4376848944955232,0,0,0,101325,100
141820000000,0,0,9.81,0,0,-0.437675014371819,0,0,0,101325,100
141840000000,0,0,9.81,0,0,-0.4370019298790845,0,0,0,101325,100
141860000000,0,0,9.81,0,0,-0.4364046954218349,0,0,0,101325,100
141880000000,0,0,9.81,0,0,-0.43541442957745763,0,0,0,101325,100
141900000000,0,0,9.81,0,0,-0.43600602658808196,0,0,0,101325,100
141920000000,0,0,9.81,0,0,-0.4368107142142786,0,0,0,101325,100
141940000000,0,0,9.81,0,0,-0.4370247226424505,0,0,0,101325,100
141960000000,0,0,9.81,0,0,-0.43759202353254123,0,0,0,101325,100
141980000000,0,0,9.81,0,0,-0.4376797659754615,0,0,0,101325,100
142000000000,0,0,9.81,0,0,-0.4381988488552792,0,0,0,101325,100
142020000000,0,0,9.81,0,0,-0.4363465577917368,0,0,0,101325,100
142040000000,0,0,9.81,0,0,-0.4366537739935158,0,0,0,101325,100
142060000000,0,0,9.81,0,0,-0.4379727723471457,0,0,0,101325,100
142080000000,0,0,9.81,0,0,-0.43832761051780217,0,0,0,101325,100
142100000000,0,0,9.81,0,0,-0.43701974213852907,0,0,0,101325,100
142120000000,0,0,9.81,0,0,-0.43666120107369555,0,0,0,101325,100
142140000000,0,0,9.81,0,0,-0.43691223898331205,0,0,0,101325,100
142160000000,0,0,9.81,0,0,-0.436778938765025,0,0,0,101325,100
142180000000,0,0,9.81,0,0,-0.4365615259084665,0,0,0,101325,100
142200000000,0,0,9.81,0,0,-0.4386660930406315,0,0,0,101325,100
142220000000,0,0,9.81,0,0,-0.43942102872980016,0,0,0,101325,100
142240000000,0,0,9.81,0,0,-0.4364590021288282,0,0,0,101325,100
142260000000,0,0,9.81,0,0,-0.43909122997448696,0,0,0,101325,100
142280000000,0,0,9.81,0,0,-0.4363794154171287,0,0,0,101325,100
142300000000,0,0,9.81,0,0,-0.4384156537372789,0,0,0,101325,100
142320000000,0,0,9.81,0,0,-0.4372414758073168,0,0,0,101325,100
142340000000,0,0,9.81,0,0,-0.4375160134062268,0,0,0,101325,100
142360000000,0,0,9.81,0,0,-0.4378486140182824,0,0,0,101325,100
142380000000,0,0,9.81,0,0,-0.43863396644272445,0,0,0,101325,100
142400000000,0,0,9.81,0,0,-0.4358597133275348,0,0,0,101325,100
142420000000,0,0,9.81,0,0,-0.43672991831946695,0,0,0,101325,100
142440000000,0,0,9.81,0,0,-0.4371174465105608,0,0,0,101325,100
142460000000,0,0,9.81,0,0,-0.4361849848299429,0,0,0,101325,100
142480000000,0,0,9.81,0,0,-0.43746911071225897,0,0,0,101325,100
142500000000,0,0,9.81,0,0,-0.4374650610202959,0,0,0,101325,100
142520000000,0,0,9.81,0,0,-0.43775421634989237,0,0,0,101325,100
142540000000,0,0,9.81,0,0,-0.4360719000912908,0,0,0,101325,100
142560000000,0,0,9.81,0,0,-0.4373356031945463,0,0,0,101325,100
142580000000,0,0,9.81,0,0,-0.4367094101456533,0,0,0,101325,100
142600000000,0,0,9.81,0,0,-0.4384473571313866,0,0,0,101325,100
142620000000,0,0,9.81,0,0,-0.43916136882690315,0,0,0,101325,100
142640000000,0,0,9.81,0,0,-0.43867972417539136,0,0,0,101325,100
142660000000,0,0,9.81,0,0,-0.43806809358088866,0,0,0,101325,100
142680000000,0,0,9.81,0,0,-0.4365730939616792,0,0,0,101325,100
142700000000,0,0,9.81,0,0,-0.43544665969802576,0,0,0,101325,100
142720000000,0,0,9.81,0,0,-0.4353014868079901,0,0,0,101325,100
142740000000,0,0,9.81,0,0,-0.4370475703709418,0,0,0,101325,100
142760000000,0,0,9.81,0,0,-0.43829342359022017,0,0,0,101325,100
142780000000,0,0,9.81,0,0,-0.43823619997199753,0,0,0,101325,100
142800000000,0,0,9.81,0,0,-0.436776998961108,0,0,0,101325,100
142820000000,0,0,9.81,0,0,-0.4349476702743393,0,0,0,101325,100
142840000000,0,0,9.81,0,0,-0.43714738999866815,0,0,0,101325,100
142860000000,0,0,9.81,0,0,-0.4377807688403989,0,0,0,101325,100
142880000000,0,0,9.81,0,0,-0.43650122966306204,0,0,0,101325,100
142900000000,0,0,9.81,0,0,-0.43778028750646986,0,0,0,101325,100
142920000000,0,0,9.81,0,0,-0.4371095566011213,0,0,0,101325,100
142940000000,0,0,9.81,0,0,-0.4378803009706165,0,0,0,101325,100
142960000000,0,0,9.81,0,0,-0.43800284571840403,0,0,0,101325,100
142980000000,0,0,9.81,0,0,-0.43829140891703666,0,0,0,101325,100
143000000000,0,0,9.81,0,0,-0.43641301559120466,0,0,0,101325,100
143020000000,0,0,9.81,0,0,-0.43688460416394437,0,0,0,101325,100
143040000000,0,0,9.81,0,0,-0.4367269535210587,0,0,0,101325,100
143060000000,0,0,9.81,0,0,-0.4349112344584311,0,0,0,101325,100
143080000000,0,0,9.81,0,0,-0.4374539053752487,0,0,0,101325,100
143100000000,0,0,9.81,0,0,-0.43630420045365215,0,0,0,101325,100
143120000000,0,0,9.81,0,0,-0.439144392938433,0,0,0,101325,100
143140000000,0,0,9.81,0,0,-0.4362694849251773,0,0,0,101325,100
143160000000,0,0,9.81,0,0,-0.43574392172866433,0,0,0,101325,100
143180000000,0,0,9.81,0,0,-0.437606472262023,0,0,0,101325,100
143200000000,0,0,9.81,0,0,-0.4370595543152043,0,0,0,101325,100
143220000000,0,0,9.81,0,0,-0.4366700305782119,0,0,0,101325,100
143240000000,0,0,9.81,0,0,-0.4368951507439984,0,0,0,101325,100
143260000000,0,0,9.81,0,0,-0.4363222177180641,0,0,0,101325,100
143280000000,0,0,9.81,0,0,-0.4374106025632656,0,0,0,101325,100
143300000000,0,0,9.81,0,0,-0.43889250046815387,0,0,0,101325,100
143320000000,0,0,9.81,0,0,-0.4370744298832602,0,0,0,101325,100
143340000000,0,0,9.81,0,0,-0.4361935860008097,0,0,0,101325,100
143360000000,0,0,9.81,0,0,-0.43622650028144516,0,0,0,101325,100
143380000000,0,0,9.81,0,0,-0.4369814669620815,0,0,0,101325,100
143400000000,0,0,9.81,0,0,-0.4377170489321775,0,0,0,101325,100
143420000000,0,0,9.81,0,0,-0.4363493006829384,0,0,0,101325,100
143440000000,0,0,9.81,0,0,-0.43686874269438886,0,0,0,101325,100
143460000000,0,0,9.81,0,0,-0.4373920288944398,0,0,0,101325,100
143480000000,0,0,9.81,0,0,-0.43743425466615804,0,0,0,101325,100
143500000000,0,0,9.81,0,0,-0.43794108854684355,0,0,0,101325,100
143520000000,0,0,9.81,0,0,-0.43712192301165775,0,0,0,101325,100
143540000000,0,0,9.81,0,0,-0.4372251689663068,0,0,0,101325,100
143560000000,0,0,9.81,0,0,-0.43715359863684966,0,0,0,101325,100
143580000000,0,0,9.81,0,0,-0.43583278108343554,0,0,0,101325,100
143600000000,0,0,9.81,0,0,-0.43792115239332735,0,0,0,101325,100
143620000000,0,0,9.81,0,0,-0.4380268501397399,0,0,0,101325,100
143640000000,0,0,9.81,0,0,-0.43622644253481097,0,0,0,101325,100
143660000000,0,0,9.81,0,0,-0.43881056315875616,0,0,0,101325,100
143680000000,0,0,9.81,0,0,-0.43762724895935884,0,0,0,101325,100
143700000000,0,0,9.81,0,0,-0.43561832076520957,0,0,0,101325,100
143720000000,0,0,9.81,0,0,-0.43709635369312966,0,0,0,101325,100
143740000000,0,0,9.81,0,0,-0.43670573319418526,0,0,0,101325,100
143760000000,0,0,9.81,0,0,-0.43897204546744717,0,0,0,101325,100
143780000000,0,0,9.81,0,0,-0.43700558962000713,0,0,0,101325,100
143800000000,0,0,9.81,0,0,-0.4367477836387184,0,0,0,101325,100
143820000000,0,0,9.81,0,0,-0.43599355311801247,0,0,0,101325,100
143840000000,0,0,9.81,0,0,-0.43677334089912395,0,0,0,101325,100
143860000000,0,0,9.81,0,0,-0.43565515409237887,0,0,0,101325,100
143880000000,0,0,9.81,0,0,-0.4373312785845529,0,0,0,101325,100
143900000000,0,0,9.81,0,0,-0.4364525705394816,0,0,0,101325,100
143920000000,0,0,9.81,0,0,-0.43817425036045315,0,0,0,101325,100
143940000000,0,0,9.81,0,0,-0.4371859451862934,0,0,0,101325,100
143960000000,0,0,9.81,0,0,-0.4368517581005147,0,0,0,101325,100
143980000000,0,0,9.81,0,0,-0.4367282076375045,0,0,0,101325,100
144000000000,0,0,9.81,0,0,-0.43759118271734676,0,0,0,101325,100
144020000000,0,0,9.81,0,0,-0.43801579109179256,0,0,0,101325,100
144040000000,0,0,9.81,0,0,-0.4363117943056793,0,0,0,101325,100
144060000000,0,0,9.81,0,0,-0.43489114472914,0,0,0,101325,100
144080000000,0,0,9.81,0,0,-0.4372996475516025,0,0,0,101325,100
144100000000,0,0,9.81,0,0,-0.4378756735707144,0,0,0,101325,100
144120000000,0,0,9.81,0,0,-0.43858819420185424,0,0,0,101325,100
144140000000,0,0,9.81,0,0,-0.4379979878179835,0,0,0,101325,100
144160000000,0,0,9.81,0,0,-0.43838828450098793,0,0,0,101325,100
144180000000,0,0,9.81,0,0,-0.43843095663700404,0,0,0,101325,100
144200000000,0,0,9.81,0,0,-0.43595115520507227,0,0,0,101325,100
144220000000,0,0,9.81,0,0,-0.4363148658500849,0,0,0,101325,100
144240000000,0,0,9.81,0,0,-0.4379996198649434,0,0,0,101325,100
144260000000,0,0,9.81,0,0,-0.43726825979288675,0,0,0,101325,100
144280000000,0,0,9.81,0,0,-0.43707267483711165,0,0,0,101325,100
144300000000,0,0,9.81,0,0,-0.43756647336071913,0,0,0,101325,100
144320000000,0,0,9.81,0,0,-0.43785503812326704,0,0,0,101325,100
144340000000,0,0,9.81,0,0,-0.4374823156827539,0,0,0,101325,100
144360000000,0,0,9.81,0,0,-0.4382901504862357,0,0,0,101325,100
144380000000,0,0,9.81,0,0,-0.43820143350292023,0,0,0,101325,100
144400000000,0,0,9.81,0,0,-0.4366960591427115,0,0,0,101325,100
144420000000,0,0,9.81,0,0,-0.43802740913651295,0,0,0,101325,100
144440000000,0,0,9.81,0,0,-0.4368639807382132,0,0,0,101325,100
144460000000,0,0,9.81,0,0,-0.437876311310132,0,0,0,101325,100
144480000000,0,0,9.81,0,0,-0.4376834772518657,0,0,0,101325,100
144500000000,0,0,9.81,0,0,-0.4380027621845842,0,0,0,101325,100
144520000000,0,0,9.81,0,0,-0.43613290855173,0,0,0,101325,100
144540000000,0,0,9.81,0,0,-0.43557501624569495,0,0,0,101325,100
144560000000,0,0,9.81,0,0,-0.43933033264768684,0,0,0,101325,100
144580000000,0,0,9.81,0,0,-0.43747093950894983,0,0,0,101325,100
144600000000,0,0,9.81,0,0,-0.43713749058114726,0,0,0,101325,100
144620000000,0,0,9.81,0,0,-0.436279534167445,0,0,0,101325,100
144640000000,0,0,9.81,0,0,-0.4367515124730111,0,0,0,101325,100
144660000000,0,0,9.81,0,0,0.3547387995496425,0,0,0,101325,100
144680000000,0,0,9.81,0,0,0.35626011442882427,0,0,0,101325,100
144700000000,0,0,9.81,0,0,0.3552058464185978,0,0,0,101325,100
144720000000,0,0,9.81,0,0,0.355154115019201,0,0,0,101325,100
144740000000,0,0,9.81,0,0,0.3546985934250601,0,0,0,101325,100
144760000000,0,0,9.81,0,0,0.354698676306178,0,0,0,101325,100
144780000000,0,0,9.81,0,0,0.35573443696301255,0,0,0,101325,100
144800000000,0,0,9.81,0,0,0.3555233099735209,0,0,0,101325,100
144820000000,0,0,9.81,0,0,0.3548413964321091,0,0,0,101325,100
144840000000,0,0,9.81,0,0,0.3547209253078142,0,0,0,101325,100
144860000000,0,0,9.81,0,0,0.35543944804312155,0,0,0,101325,100
144880000000,0,0,9.81,0,0,0.3564054014859017,0,0,0,101325,100
144900000000,0,0,9.81,0,0,0.35511146809347593,0,0,0,101325,100
144920000000,0,0,9.81,0,0,0.35692555652870045,0,0,0,101325,100
144940000000,0,0,9.81,0,0,0.35658027274104287,0,0,0,101325,100
144960000000,0,0,9.81,0,0,0.3565224949047155,0,0,0,101325,100
144980000000,0,0,9.81,0,0,0.35527144082501577,0,0,0,101325,100
145000000000,0,0,9.81,0,0,0.3554954834241034,0,0,0,101325,100
145020000000,0,0,9.81,0,0,0.35765039561706524,0,0,0,101325,100
145040000000,0,0,9.81,0,0,0.3567355488393945,0,0,0,101325,100
145060000000,0,0,9.81,0,0,0.35587543447474757,0,0,0,101325,100
145080000000,0,0,9.81,0,0,0.35506036581725453,0,0,0,101325,100
145100000000,0,0,9.81,0,0,0.3567892432798438,0,0,0,101325,100
145120000000,0,0,9.81,0,0,0.3575196719762525,0,0,0,101325,100
145140000000,0,0,9.81,0,0,0.3555958564405028,0,0,0,101325,100
145160000000,0,0,9.81,0,0,0.35665772648088623,0,0,0,101325,100
145180000000,0,0,9.81,0,0,0.35408912303905044,0,0,0,101325,100
145200000000,0,0,9.81,0,0,0.3545711484080167,0,0,0,101325,100
145220000000,0,0,9.81,0,0,0.35638459556248253,0,0,0,101325,100
145240000000,0,0,9.81,0,0,0.356823530606835,0,0,0,101325,100
145260000000,0,0,9.81,0,0,0.357379003502024,0,0,0,101325,100
145280000000,0,0,9.81,0,0,0.35627632256292785,0,0,0,101325,100
145300000000,0,0,9.81,0,0,0.3563644795684441,0,0,0,101325,100
145320000000,0,0,9.81,0,0,0.35400043071694537,0,0,0,101325,100
145340000000,0,0,9.81,0,0,0.3568165371057018,0,0,0,101325,100
145360000000,0,0,9.81,0,0,0.3561680969516467,0,0,0,101325,100
145380000000,0,0,9.81,0,0,0.35535507950401557,0,0,0,101325,100
145400000000,0,0,9.81,0,0,0.35496621303244036,0,0,0,101325,100
145420000000,0,0,9.81,0,0,0.3566741415912356,0,0,0,101325,100
145440000000,0,0,9.81,0,0,0.35503111255173464,0,0,0,101325,100
145460000000,0,0,9.81,0,0,0.3559751078998196,0,0,0,101325,100
145480000000,0,0,9.81,0,0,0.35641647075116034,0,0,0,101325,100
145500000000,0,0,9.81,0,0,0.35528506413054733,0,0,0,101325,100
145520000000,0,0,9.81,0,0,0.3545408687032569,0,0,0,101325,100
145540000000,0,0,9.81,0,0,0.35585063837291,0,0,0,101325,100
145560000000,0,0,9.81,0,0,0.3572223999422929,0,0,0,101325,100
145580000000,0,0,9.81,0,0,0.35752088737960014,0,0,0,101325,100
145600000000,0,0,9.81,0,0,0.35604477856530664,0,0,0,101325,100
145620000000,0,0,9.81,0,0,0.3557957940288153,0,0,0,101325,100
145640000000,0,0,9.81,0,0,0.35597199010229624,0,0,0,101325,100
145660000000,0,0,9.81,0,0,0.3559630897091194,0,0,0,101325,100
145680000000,0,0,9.81,0,0,0.3562831377690071,0,0,0,101325,100
145700000000,0,0,9.81,0,0,0.35553866223207653,0,0,0,101325,100
145720000000,0,0,9.81,0,0,0.35613949672947365,0,0,0,101325,100
145740000000,0,0,9.81,0,0,0.3556314839459322,0,0,0,101325,100
145760000000,0,0,9.81,0,0,0.3551672810062513,0,0,0,101325,100
145780000000,0,0,9.81,0,0,0.3558277686756554,0,0,0,101325,100
145800000000,0,0,9.81,0,0,0.3548666288392043,0,0,0,101325,100
145820000000,0,0,9.81,0,0,0.35600597424569025,0,0,0,101325,100
145840000000,0,0,9.81,0,0,0.3559765595730725,0,0,0,101325,100
145860000000,0,0,9.81,0,0,0.35637903564501033,0,0,0,101325,100
145880000000,0,0,9.81,0,0,0.3563948034800491,0,0,0,101325,100
145900000000,0,0,9.81,0,0,0.3562404523802755,0,0,0,101325,100
145920000000,0,0,9.81,0,0,0.35833052021616646,0,0,0,101325,100
145940000000,0,0,9.81,0,0,0.35403582173108156,0,0,0,101325,100
145960000000,0,0,9.81,0,0,0.35587392702885307,0,0,0,101325,100
145980000000,0,0,9.81,0,0,0.3555513066159991,0,0,0,101325,100
146000000000,0,0,9.81,0,0,0.35577352620127367,0,0,0,101325,100
146020000000,0,0,9.81,0,0,0.3560561115971864,0,0,0,101325,100
146040000000,0,0,9.81,0,0,0.35401760849285624,0,0,0,101325,100
146060000000,0,0,9.81,0,0,0.3563419682028072,0,0,0,101325,100
146080000000,0,0,9.81,0,0,0.3543113844861886,0,0,0,101325,100
146100000000,0,0,9.81,0,0,0.35521343188690624,0,0,0,101325,100
146120000000,0,0,9.81,0,0,0.35661284856709163,0,0,0,101325,100
146140000000,0,0,9.81,0,0,0.35610485796241464,0,0,0,101325,100
146160000000,0,0,9.81,0,0,0.356227090849197,0,0,0,101325,100
146180000000,0,0,9.81,0,0,0.3559222648246292,0,0,0,101325,100
146200000000,0,0,9.81,0,0,0.35638610710362395,0,0,0,101325,100
146220000000,0,0,9.81,0,0,0.35663116476169215,0,0,0,101325,100
146240000000,0,0,9.81,0,0,0.35553348390344325,0,0,0,101325,100
146260000000,0,0,9.81,0,0,0.35536151355635254,0,0,0,101325,100
146280000000,0,0,9.81,0,0,0.35687418337627663,0,0,0,101325,100
146300000000,0,0,9.81,0,0,0.3557615591236023,0,0,0,101325,100
146320000000,0,0,9.81,0,0,0.35552514496833765,0,0,0,101325,100
146340000000,0,0,9.81,0,0,0.3580925625881252,0,0,0,101325,100
146360000000,0,0,9.81,0,0,0.3553088295434592,0,0,0,101325,100
146380000000,0,0,9.81,0,0,0.3563320419864521,0,0,0,101325,100
146400000000,0,0,9.81,0,0,0.3555474315260221,0,0,0,101325,100
146420000000,0,0,9.81,0,0,0.35627423561175914,0,0,0,101325,100
146440000000,0,0,9.81,0,0,0.355329300700906,0,0,0,101325,100
146460000000,0,0,9.81,0,0,0.356089883756723,0,0,0,101325,100
146480000000,0,0,9.81,0,0,0.3537962939694218,0,0,0,101325,100
146500000000,0,0,9.81,0,0,0.3547126189480419,0,0,0,101325,100
146520000000,0,0,9.81,0,0,0.35557624522864445,0,0,0,101325,100
146540000000,0,0,9.81,0,0,0.3564030009798634,0,0,0,101325,100
146560000000,0,0,9.81,0,0,0.35545914264074946,0,0,0,101325,100
146580000000,0,0,9.81,0,0,0.3552483454029713,0,0,0,101325,100
146600000000,0,0,9.81,0,0,0.35621518925555334,0,0,0,101325,100
146620000000,0,0,9.81,0,0,0.3545378662109816,0,0,0,101325,100
146640000000,0,0,9.81,0,0,0.3556445406178744,0,0,0,101325,100
146660000000,0,0,9.81,0,0,0.35599883329198295,0,0,0,101325,100
146680000000,0,0,9.81,0,0,0.3559897878834654,0,0,0,101325,100
146700000000,0,0,9.81,0,0,0.3554777748396857,0,0,0,101325,100
146720000000,0,0,9.81,0,0,0.35464240356312593,0,0,0,101325,100
146740000000,0,0,9.81,0,0,0.3570923733450099,0,0,0,101325,100
146760000000,0,0,9.81,0,0,0.35566042461350145,0,0,0,101325,100
146780000000,0,0,9.81,0,0,0.35343108589668026,0,0,0,101325,100
146800000000,0,0,9.81,0,0,0.3564840107212968,0,0,0,101325,100
146820000000,0,0,9.81,0,0,0.3559382793784699,0,0,0,101325,100
146840000000,0,0,9.81,0,0,0.3576791066344776,0,0,0,101325,100
146860000000,0,0,9.81,0,0,0.3564517451650528,0,0,0,101325,100
146880000000,0,0,9.81,0,0,0.3554355515166149,0,0,0,101325,100
146900000000,0,0,9.81,0,0,0.3547883111266355,0,0,0,101325,100
146920000000,0,0,9.81,0,0,0.35367767577682474,0,0,0,101325,100
146940000000,0,0,9.81,0,0,0.35530061553300674,0,0,0,101325,100
146960000000,0,0,9.81,0,0,0.3552380667458995,0,0,0,101325,100
146980000000,0,0,9.81,0,0,0.35547711050212766,0,0,0,101325,100
147000000000,0,0,9.81,0,0,0.3568054979797962,0,0,0,101325,100
147020000000,0,0,9.81,0,0,0.3561791407951766,0,0,0,101325,100
147040000000,0,0,9.81,0,0,0.3552653208190165,0,0,0,101325,100
147060000000,0,0,9.81,0,0,0.35549312051785087,0,0,0,101325,100
147080000000,0,0,9.81,0,0,0.3562114379612445,0,0,0,101325,100
147100000000,0,0,9.81,0,0,0.355553500096506,0,0,0,101325,100
147120000000,0,0,9.81,0,0,0.35446836280033384,0,0,0,101325,100
147140000000,0,0,9.81,0,0,0.35527356530453924,0,0,0,101325,100
147160000000,0,0,9.81,0,0,0.35583607512709314,0,0,0,101325,100
147180000000,0,0,9.81,0,0,0.35679609088469255,0,0,0,101325,100
147200000000,0,0,9.81,0,0,0.35556997644050126,0,0,0,101325,100
147220000000,0,0,9.81,0,0,0.3553476321043532,0,0,0,101325,100
147240000000,0,0,9.81,0,0,0.3555372701624049,0,0,0,101325,100
147260000000,0,0,9.81,0,0,0.35473671822880454,0,0,0,101325,100
147280000000,0,0,9.81,0,0,0.3567423518490441,0,0,0,101325,100
147300000000,0,0,9.81,0,0,0.3570460958952831,0,0,0,101325,100
147320000000,0,0,9.81,0,0,0.3558905789050705,0,0,0,101325,100
147340000000,0,0,9.81,0,0,0.3558606725274729,0,0,0,101325,100
147360000000,0,0,9.81,0,0,0.3554173357772417,0,0,0,101325,100
147380000000,0,0,9.81,0,0,0.3556755069687537,0,0,0,101325,100
147400000000,0,0,9.81,0,0,0.3547843556751913,0,0,0,101325,100
147420000000,0,0,9.81,0,0,0.35628084803662446,0,0,0,101325,100
147440000000,0,0,9.81,0,0,0.3568452968977809,0,0,0,101325,100
147460000000,0,0,9.81,0,0,0.35520539083326536,0,0,0,101325,100
147480000000,0,0,9.81,0,0,0.3567723531746522,0,0,0,101325,100
147500000000,0,0,9.81,0,0,0.35505456867362384,0,0,0,101325,100
147520000000,0,0,9.81,0,0,0.35511666857702023,0,0,0,101325,100
147540000000,0,0,9.81,0,0,0.3571491151937565,0,0,0,101325,100
147560000000,0,0,9.81,0,0,0.35567391691315986,0,0,0,101325,100
147580000000,0,0,9.81,0,0,0.3560239859802201,0,0,0,101325,100
147600000000,0,0,9.81,0,0,0.35446759585290527,0,0,0,101325,100
147620000000,0,0,9.81,0,0,0.3554514674491737,0,0,0,101325,100
147640000000,0,0,9.81,0,0,0.3548780038774495,0,0,0,101325,100
147660000000,0,0,9.81,0,0,0.35616088481178243,0,0,0,101325,100
147680000000,0,0,9.81,0,0,0.35680591618820734,0,0,0,101325,100
147700000000,0,0,9.81,0,0,0.3554989468779827,0,0,0,101325,100
147720000000,0,0,9.81,0,0,0.3561904385829786,0,0,0,101325,100
147740000000,0,0,9.81,0,0,0.3565212206300372,0,0,0,101325,100
147760000000,0,0,9.81,0,0,0.356210194028432,0,0,0,101325,100
147780000000,0,0,9.81,0,0,0.3564091273122375,0,0,0,101325,100
147800000000,0,0,9.81,0,0,0.3560342620952587,0,0,0,101325,100
147820000000,0,0,9.81,0,0,0.3554188049634939,0,0,0,101325,100
147840000000,0,0,9.81,0,0,0.35640673180178745,0,0,0,101325,100
147860000000,0,0,9.81,0,0,0.3566940193461209,0,0,0,101325,100
147880000000,0,0,9.81,0,0,0.3569083223660064,0,0,0,101325,100
147900000000,0,0,9.81,0,0,0.3562320493660556,0,0,0,101325,100
147920000000,0,0,9.81,0,0,0.3561368105152597,0,0,0,101325,100
147940000000,0,0,9.81,0,0,0.35551427866044066,0,0,0,101325,100
147960000000,0,0,9.81,0,0,0.35426639689834827,0,0,0,101325,100
147980000000,0,0,9.81,0,0,0.3559454015291143,0,0,0,101325,100
148000000000,0,0,9.81,0,0,0.3558842897595016,0,0,0,101325,100
148020000000,0,0,9.81,0,0,0.3570166610384015,0,0,0,101325,100
148040000000,0,0,9.81,0,0,0.35646123275517316,0,0,0,101325,100
148060000000,0,0,9.81,0,0,0.35477436195415474,0,0,0,101325,100
148080000000,0,0,9.81,0,0,0.35541076473977423,0,0,0,101325,100
148100000000,0,0,9.81,0,0,0.35546462156004904,0,0,0,101325,100
148120000000,0,0,9.81,0,0,0.3555799972137731,0,0,0,101325,100
148140000000,0,0,9.81,0,0,0.3555000342239992,0,0,0,101325,100
148160000000,0,0,9.81,0,0,0.35605422882928894,0,0,0,101325,100
148180000000,0,0,9.81,0,0,0.35561728367604356,0,0,0,101325,100
148200000000,0,0,9.81,0,0,0.35910620339342,0,0,0,101325,100
148220000000,0,0,9.81,0,0,0.35539717004144433,0,0,0,101325,100
148240000000,0,0,9.81,0,0,0.3562628000419759,0,0,0,101325,100
148260000000,0,0,9.81,0,0,0.35586310642720803,0,0,0,101325,100
148280000000,0,0,9.81,0,0,0.3553099140130293,0,0,0,101325,100
148300000000,0,0,9.81,0,0,0.3569120784253311,0,0,0,101325,100
148320000000,0,0,9.81,0,0,0.3557191136335276,0,0,0,101325,100
148340000000,0,0,9.81,0,0,0.35566089559798336,0,0,0,101325,100
148360000000,0,0,9.81,0,0,0.35531780584695327,0,0,0,101325,100
148380000000,0,0,9.81,0,0,0.3543103370077786,0,0,0,101325,100
148400000000,0,0,9.81,0,0,0.35460211020530524,0,0,0,101325,100
148420000000,0,0,9.81,0,0,0.35537318063087064,0,0,0,101325,100
148440000000,0,0,9.81,0,0,0.35666836689328474,0,0,0,101325,100
148460000000,0,0,9.81,0,0,0.35411879638990057,0,0,0,101325,100
148480000000,0,0,9.81,0,0,0.3570571735639517,0,0,0,101325,100
148500000000,0,0,9.81,0,0,0.3558032303175171,0,0,0,101325,100
148520000000,0,0,9.81,0,0,0.35656919057970404,0,0,0,101325,100
148540000000,0,0,9.81,0,0,0.35666763229943593,0,0,0,101325,100
148560000000,0,0,9.81,0,0,0.3551876812502145,0,0,0,101325,100
148580000000,0,0,9.81,0,0,0.35569527623459846,0,0,0,101325,100
148600000000,0,0,9.81,0,0,0.3554429965643334,0,0,0,101325,100
148620000000,0,0,9.81,0,0,0.3562852487732908,0,0,0,101325,100
148640000000,0,0,9.81,0,0,0.35759613183913846,0,0,0,101325,100
148660000000,0,0,9.81,0,0,0.3566595247112816,0,0,0,101325,100
148680000000,0,0,9.81,0,0,0.3553578643018514,0,0,0,101325,100
148700000000,0,0,9.81,0,0,0.3562604645917441,0,0,0,101325,100
148720000000,0,0,9.81,0,0,0.3557248678338719,0,0,0,101325,100
148740000000,0,0,9.81,0,0,0.35594093553505973,0,0,0,101325,100
148760000000,0,0,9.81,0,0,0.35610847773848747,0,0,0,101325,100
148780000000,0,0,9.81,0,0,0.3561424026358806,0,0,0,101325,100
148800000000,0,0,9.81,0,0,0.35571729065019725,0,0,0,101325,100
148820000000,0,0,9.81,0,0,0.3559038614459012,0,0,0,101325,100
148840000000,0,0,9.81,0,0,0.3561613964209102,0,0,0,101325,100
148860000000,0,0,9.81,0,0,0.35591061777914856,0,0,0,101325,100
148880000000,0,0,9.81,0,0,0.3563086386100711,0,0,0,101325,100
148900000000,0,0,9.81,0,0,0.35603620881364706,0,0,0,101325,100
148920000000,0,0,9.81,0,0,0.35603764278760963,0,0,0,101325,100
148940000000,0,0,9.81,0,0,0.3554722468919291,0,0,0,101325,100
148960000000,0,0,9.81,0,0,0.35622726602832383,0,0,0,101325,100
148980000000,0,0,9.81,0,0,0.3548434687674858,0,0,0,101325,100
149000000000,0,0,9.81,0,0,0.3550809155918607,0,0,0,101325,100
149020000000,0,0,9.81,0,0,0.3544333736929895,0,0,0,101325,100
149040000000,0,0,9.81,0,0,0.356524583007751,0,0,0,101325,100
149060000000,0,0,9.81,0,0,0.3556053466801177,0,0,0,101325,100
149080000000,0,0,9.81,0,0,0.3554581356503989,0,0,0,101325,100
149100000000,0,0,9.81,0,0,0.35656977836454573,0,0,0,101325,100
149120000000,0,0,9.81,0,0,0.3559657533721573,0,0,0,101325,100
149140000000,0,0,9.81,0,0,0.3550705994712603,0,0,0,101325,100
149160000000,0,0,9.81,0,0,0.35517702971536813,0,0,0,101325,100
149180000000,0,0,9.81,0,0,0.3564087552366662,0,0,0,101325,100
149200000000,0,0,9.81,0,0,0.3574235931215059,0,0,0,101325,100
149220000000,0,0,9.81,0,0,0.3570842483358106,0,0,0,101325,100
149240000000,0,0,9.81,0,0,0.35582358437281975,0,0,0,101325,100
149260000000,0,0,9.81,0,0,0.35559513578433377,0,0,0,101325,100
149280000000,0,0,9.81,0,0,0.3551108373377905,0,0,0,101325,100
149300000000,0,0,9.81,0,0,0.35633071031402486,0,0,0,101325,100
149320000000,0,0,9.81,0,0,0.3560255334158458,0,0,0,101325,100
149340000000,0,0,9.81,0,0,0.3552862765271382,0,0,0,101325,100
149360000000,0,0,9.81,0,0,0.35558943882960226,0,0,0,101325,100
149380000000,0,0,9.81,0,0,0.35547978940166963,0,0,0,101325,100
149400000000,0,0,9.81,0,0,0.3552116082400215,0,0,0,101325,100
149420000000,0,0,9.81,0,0,0.35807990677733925,0,0,0,101325,100
149440000000,0,0,9.81,0,0,0.35615773245786736,0,0,0,101325,100
149460000000,0,0,9.81,0,0,0.3551602702813461,0,0,0,101325,100
149480000000,0,0,9.81,0,0,0.3544539510176473,0,0,0,101325,100
149500000000,0,0,9.81,0,0,0.3567651248814303,0,0,0,101325,100
149520000000,0,0,9.81,0,0,0.3554987133270807,0,0,0,101325,100
149540000000,0,0,9.81,0,0,0.357879457467199,0,0,0,101325,100
149560000000,0,0,9.81,0,0,0.35556294299074986,0,0,0,101325,100
149580000000,0,0,9.81,0,0,0.3572640298097911,0,0,0,101325,100
149600000000,0,0,9.81,0,0,0.35629429736692764,0,0,0,101325,100
149620000000,0,0,9.81,0,0,0.3551165436427422,0,0,0,101325,100
149640000000,0,0,9.81,0,0,0.35508709217322554,0,0,0,101325,100
149660000000,0,0,9.81,0,0,0.3562667589173037,0,0,0,101325,100
149680000000,0,0,9.81,0,0,0.35464161426149626,0,0,0,101325,100
149700000000,0,0,9.81,0,0,0.35468898979945984,0,0,0,101325,100
149720000000,0,0,9.81,0,0,0.3562999669933985,0,0,0,101325,100
149740000000,0,0,9.81,0,0,0.3571997829799894,0,0,0,101325,100
149760000000,0,0,9.81,0,0,0.3556538257995145,0,0,0,101325,100
149780000000,0,0,9.81,0,0,0.3572635934547457,0,0,0,101325,100
149800000000,0,0,9.81,0,0,0.3559867811451155,0,0,0,101325,100
149820000000,0,0,9.81,0,0,0.35528661320451443,0,0,0,101325,100
149840000000,0,0,9.81,0,0,0.3557636380049756,0,0,0,101325,100
149860000000,0,0,9.81,0,0,0.3560928353063116,0,0,0,101325,100
149880000000,0,0,9.81,0,0,0.35493977630914986,0,0,0,101325,100
149900000000,0,0,9.81,0,0,0.35556887717525554,0,0,0,101325,100
149920000000,0,0,9.81,0,0,0.35618930874665683,0,0,0,101325,100
149940000000,0,0,9.81,0,0,0.3559732569315986,0,0,0,101325,100
149960000000,0,0,9.81,0,0,0.35598240900479644,0,0,0,101325,100
149980000000,0,0,9.81,0,0,0.35448842576937034,0,0,0,101325,100
150000000000,0,0,9.81,0,0,0.3559551451752763,0,0,0,101325,100
150020000000,0,0,9.81,0,0,0.35515156161256445,0,0,0,101325,100
150040000000,0,0,9.81,0,0,0.3572025977999104,0,0,0,101325,100
150060000000,0,0,9.81,0,0,0.3574212800048944,0,0,0,101325,100
150080000000,0,0,9.81,0,0,0.35585080747993963,0,0,0,101325,100
150100000000,0,0,9.81,0,0,0.355399559432634,0,0,0,101325,100
150120000000,0,0,9.81,0,0,0.35570920183733135,0,0,0,101325,100
150140000000,0,0,9.81,0,0,0.3565004546166364,0,0,0,101325,100
150160000000,0,0,9.81,0,0,0.3575322970301498,0,0,0,101325,100
150180000000,0,0,9.81,0,0,0.3559860402772151,0,0,0,101325,100
150200000000,0,0,9.81,0,0,0.35519266092474616,0,0,0,101325,100
150220000000,0,0,9.81,0,0,0.3551016624927835,0,0,0,101325,100
150240000000,0,0,9.81,0,0,0.35526306469915575,0,0,0,101325,100
150260000000,0,0,9.81,0,0,0.35542506618158004,0,0,0,101325,100
150280000000,0,0,9.81,0,0,0.35685575153718674,0,0,0,101325,100
150300000000,0,0,9.81,0,0,0.3555619776270652,0,0,0,101325,100
150320000000,0,0,9.81,0,0,0.3564572319805296,0,0,0,101325,100
150340000000,0,0,9.81,0,0,0.3543924949389011,0,0,0,101325,100
150360000000,0,0,9.81,0,0,0.35498110309898706,0,0,0,101325,100
150380000000,0,0,9.81,0,0,0.3552169755256016,0,0,0,101325,100
150400000000,0,0,9.81,0,0,0.3563287344686627,0,0,0,101325,100
150420000000,0,0,9.81,0,0,0.3558056722426702,0,0,0,101325,100
150440000000,0,0,9.81,0,0,0.35582961555521175,0,0,0,101325,100
150460000000,0,0,9.81,0,0,0.3560376609193389,0,0,0,101325,100
150480000000,0,0,9.81,0,0,0.3564343766699762,0,0,0,101325,100
150500000000,0,0,9.81,0,0,0.356700262147721,0,0,0,101325,100
150520000000,0,0,9.81,0,0,0.356497679959712,0,0,0,101325,100
150540000000,0,0,9.81,0,0,0.3548674440094938,0,0,0,101325,100
150560000000,0,0,9.81,0,0,0.3551034293608266,0,0,0,101325,100
150580000000,0,0,9.81,0,0,0.3566187184632334,0,0,0,101325,100
150600000000,0,0,9.81,0,0,0.355647633080851,0,0,0,101325,100
150620000000,0,0,9.81,0,0,0.3562370879774537,0,0,0,101325,100
150640000000,0,0,9.81,0,0,0.35649626546145713,0,0,0,101325,100
150660000000,0,0,9.81,0,0,0.35577183840042603,0,0,0,101325,100
150680000000,0,0,9.81,0,0,0.35681468126423577,0,0,0,101325,100
150700000000,0,0,9.81,0,0,0.3565016000333712,0,0,0,101325,100
150720000000,0,0,9.81,0,0,0.3550095103261288,0,0,0,101325,100
150740000000,0,0,9.81,0,0,0.3545428178436261,0,0,0,101325,100
150760000000,0,0,9.81,0,0,0.3548994922213808,0,0,0,101325,100
150780000000,0,0,9.81,0,0,0.3561017862824243,0,0,0,101325,100
150800000000,0,0,9.81,0,0,0.3553661900920703,0,0,0,101325,100
150820000000,0,0,9.81,0,0,0.35600493311463405,0,0,0,101325,100
150840000000,0,0,9.81,0,0,0.35564373135766036,0,0,0,101325,100
150860000000,0,0,9.81,0,0,0.35476486484680736,0,0,0,101325,100
150880000000,0,0,9.81,0,0,0.35652029443495126,0,0,0,101325,100
150900000000,0,0,9.81,0,0,0.35639050398031996,0,0,0,101325,100
150920000000,0,0,9.81,0,0,0.35592912094334694,0,0,0,101325,100
150940000000,0,0,9.81,0,0,0.3553852057379917,0,0,0,101325,100
150960000000,0,0,9.81,0,0,0.35667818802495416,0,0,0,101325,100
150980000000,0,0,9.81,0,0,0.3557939586647893,0,0,0,101325,100
151000000000,0,0,9.81,0,0,0.3552339466831111,0,0,0,101325,100
151020000000,0,0,9.81,0,0,0.35516919438849925,0,0,0,101325,100
151040000000,0,0,9.81,0,0,0.35612925525828243,0,0,0,101325,100
151060000000,0,0,9.81,0,0,0.355765427389156,0,0,0,101325,100
151080000000,0,0,9.81,0,0,0.3567301729782833,0,0,0,101325,100
151100000000,0,0,9.81,0,0,0.354652413973821,0,0,0,101325,100
151120000000,0,0,9.81,0,0,0.35669704778616285,0,0,0,101325,100
151140000000,0,0,9.81,0,0,0.3559188306636067,0,0,0,101325,100
151160000000,0,0,9.81,0,0,0.35613408179036754,0,0,0,101325,100
151180000000,0,0,9.81,0,0,0.35563898044599024,0,0,0,101325,100
151200000000,0,0,9.81,0,0,0.355787177819513,0,0,0,101325,100
151220000000,0,0,9.81,0,0,0.3570071683320632,0,0,0,101325,100
151240000000,0,0,9.81,0,0,0.35537504118466484,0,0,0,101325,100
151260000000,0,0,9.81,0,0,0.3548033101459036,0,0,0,101325,100
151280000000,0,0,9.81,0,0,0.35671916020538713,0,0,0,101325,100
151300000000,0,0,9.81,0,0,0.35626388174013635,0,0,0,101325,100
151320000000,0,0,9.81,0,0,0.35602570085757224,0,0,0,101325,100
151340000000,0,0,9.81,0,0,0.35732253280457815,0,0,0,101325,100
151360000000,0,0,9.81,0,0,0.35437541822382473,0,0,0,101325,100
151380000000,0,0,9.81,0,0,0.3555314423434603,0,0,0,101325,100
151400000000,0,0,9.81,0,0,0.35756691970153304,0,0,0,101325,100
151420000000,0,0,9.81,0,0,0.3551819503178114,0,0,0,101325,100
151440000000,0,0,9.81,0,0,0.35635789990865885,0,0,0,101325,100
151460000000,0,0,9.81,0,0,0.35773891688427745,0,0,0,101325,100
151480000000,0,0,9.81,0,0,0.35673159539188276,0,0,0,101325,100
151500000000,0,0,9.81,0,0,0.35448687655454336,0,0,0,101325,100
151520000000,0,0,9.81,0,0,0.3572228658667532,0,0,0,101325,100
151540000000,0,0,9.81,0,0,0.35612992027488477,0,0,0,101325,100
151560000000,0,0,9.81,0,0,0.35514650043775736,0,0,0,101325,100
151580000000,0,0,9.81,0,0,0.3565684662269342,0,0,0,101325,100
151600000000,0,0,9.81,0,0,0.3551016950999322,0,0,0,101325,100
151620000000,0,0,9.81,0,0,0.35649126720375224,0,0,0,101325,100
151640000000,0,0,9.81,0,0,0.35461260402104483,0,0,0,101325,100
151660000000,0,0,9.81,0,0,0.35486747744683994,0,0,0,101325,100
151680000000,0,0,9.81,0,0,0.35591504241691,0,0,0,101325,100
151700000000,0,0,9.81,0,0,0.35589361324748364,0,0,0,101325,100
151720000000,0,0,9.81,0,0,0.3550379976087348,0,0,0,101325,100
151740000000,0,0,9.81,0,0,0.35819874354478015,0,0,0,101325,100
151760000000,0,0,9.81,0,0,0.3559111174900028,0,0,0,101325,100
151780000000,0,0,9.81,0,0,0.35407132777416694,0,0,0,101325,100
151800000000,0,0,9.81,0,0,0.35736885836944476,0,0,0,101325,100
151820000000,0,0,9.81,0,0,0.3553871426674316,0,0,0,101325,100
151840000000,0,0,9.81,0,0,0.3562645627620263,0,0,0,101325,100
151860000000,0,0,9.81,0,0,0.3560699667363,0,0,0,101325,100
151880000000,0,0,9.81,0,0,0.35613609441219396,0,0,0,101325,100
151900000000,0,0,9.81,0,0,0.35607428213507997,0,0,0,101325,100
151920000000,0,0,9.81,0,0,0.3558156976168561,0,0,0,101325,100
151940000000,0,0,9.81,0,0,0.35616425374974825,0,0,0,101325,100
151960000000,0,0,9.81,0,0,0.35720031438456795,0,0,0,101325,100
151980000000,0,0,9.81,0,0,0.35419710114835856,0,0,0,101325,100
152000000000,0,0,9.81,0,0,0.3550024729857844,0,0,0,101325,100
152020000000,0,0,9.81,0,0,0.3561166334092746,0,0,0,101325,100
152040000000,0,0,9.81,0,0,0.3540819525527281,0,0,0,101325,100
152060000000,0,0,9.81,0,0,0.35692210061644086,0,0,0,101325,100
152080000000,0,0,9.81,0,0,0.35570645650131627,0,0,0,101325,100
152100000000,0,0,9.81,0,0,0.35692851825882066,0,0,0,101325,100
152120000000,0,0,9.81,0,0,0.3576399901230203,0,0,0,101325,100
152140000000,0,0,9.81,0,0,0.35446901859990126,0,0,0,101325,100
152160000000,0,0,9.81,0,0,0.35547317335637374,0,0,0,101325,100
152180000000,0,0,9.81,0,0,0.3552451818363959,0,0,0,101325,100
152200000000,0,0,9.81,0,0,0.3567963126476395,0,0,0,101325,100
152220000000,0,0,9.81,0,0,0.3549882233045947,0,0,0,101325,100
152240000000,0,0,9.81,0,0,0.35689092467427763,0,0,0,101325,100
152260000000,0,0,9.81,0,0,0.355064346545711,0,0,0,101325,100
152280000000,0,0,9.81,0,0,0.3575686136185321,0,0,0,101325,100
152300000000,0,0,9.81,0,0,0.35431531648220393,0,0,0,101325,100
152320000000,0,0,9.81,0,0,0.35653425462201854,0,0,0,101325,100
152340000000,0,0,9.81,0,0,0.3571061079726473,0,0,0,101325,100
152360000000,0,0,9.81,0,0,0.3545223571167638,0,0,0,101325,100
152380000000,0,0,9.81,0,0,0.3566251906528148,0,0,0,101325,100
152400000000,0,0,9.81,0,0,0.357767621472757,0,0,0,101325,100
152420000000,0,0,9.81,0,0,0.3553408820450805,0,0,0,101325,100
152440000000,0,0,9.81,0,0,0.3558798559447606,0,0,0,101325,100
152460000000,0,0,9.81,0,0,0.35544519159389165,0,0,0,101325,100
152480000000,0,0,9.81,0,0,0.3549638859678929,0,0,0,101325,100
152500000000,0,0,9.81,0,0,0.3558231142072352,0,0,0,101325,100
152520000000,0,0,9.81,0,0,0.35565296389460227,0,0,0,101325,100
152540000000,0,0,9.81,0,0,0.3561038906787601,0,0,0,101325,100
152560000000,0,0,9.81,0,0,0.3534425821114594,0,0,0,101325,100
152580000000,0,0,9.81,0,0,0.35661145979186265,0,0,0,101325,100
152600000000,0,0,9.81,0,0,0.35555494480563826,0,0,0,101325,100
152620000000,0,0,9.81,0,0,0.35663503697065074,0,0,0,101325,100
152640000000,0,0,9.81,0,0,0.35654361774090665,0,0,0,101325,100
152660000000,0,0,9.81,0,0,0.3548419193481195,0,0,0,101325,100
152680000000,0,0,9.81,0,0,0.3556949526844927,0,0,0,101325,100
152700000000,0,0,9.81,0,0,0.35594021669638426,0,0,0,101325,100
152720000000,0,0,9.81,0,0,0.3546749232117499,0,0,0,101325,100
152740000000,0,0,9.81,0,0,0.35298887020318365,0,0,0,101325,100
152760000000,0,0,9.81,0,0,0.355970263212698,0,0,0,101325,100
152780000000,0,0,9.81,0,0,0.35704896878681697,0,0,0,101325,100
152800000000,0,0,9.81,0,0,0.3567721899288273,0,0,0,101325,100
152820000000,0,0,9.81,0,0,0.3554659652123315,0,0,0,101325,100
152840000000,0,0,9.81,0,0,0.3558903897341241,0,0,0,101325,100
152860000000,0,0,9.81,0,0,0.3554049944241788,0,0,0,101325,100
152880000000,0,0,9.81,0,0,0.3562926536103269,0,0,0,101325,100
152900000000,0,0,9.81,0,0,0.3549665887767157,0,0,0,101325,100
152920000000,0,0,9.81,0,0,0.3548566881889865,0,0,0,101325,100
152940000000,0,0,9.81,0,0,0.35464352506978075,0,0,0,101325,100
152960000000,0,0,9.81,0,0,0.35552576088664695,0,0,0,101325,100
152980000000,0,0,9.81,0,0,0.35570275099643706,0,0,0,101325,100
153000000000,0,0,9.81,0,0,0.35543774176005616,0,0,0,101325,100
153020000000,0,0,9.81,0,0,0.356419742846936,0,0,0,101325,100
153040000000,0,0,9.81,0,0,0.3554229714119862,0,0,0,101325,100
153060000000,0,0,9.81,0,0,0.3560749597641414,0,0,0,101325,100
153080000000,0,0,9.81,0,0,0.35513542661309233,0,0,0,101325,100
153100000000,0,0,9.81,0,0,0.3569617005324469,0,0,0,101325,100
153120000000,0,0,9.81,0,0,0.355314852451934,0,0,0,101325,100
153140000000,0,0,9.81,0,0,0.35577439862518795,0,0,0,101325,100
153160000000,0,0,9.81,0,0,0.3551013438981673,0,0,0,101325,100
153180000000,0,0,9.81,0,0,0.35605038531077515,0,0,0,101325,100
153200000000,0,0,9.81,0,0,0.3549598764271394,0,0,0,101325,100
153220000000,0,0,9.81,0,0,0.35621074310921125,0,0,0,101325,100
153240000000,0,0,9.81,0,0,0.35605842717255426,0,0,0,101325,100
153260000000,0,0,9.81,0,0,0.357470734179645,0,0,0,101325,100
153280000000,0,0,9.81,0,0,0.3561020634512646,0,0,0,101325,100
153300000000,0,0,9.81,0,0,0.35713200618649676,0,0,0,101325,100
153320000000,0,0,9.81,0,0,0.3546588987899628,0,0,0,101325,100
153340000000,0,0,9.81,0,0,0.3554022485901653,0,0,0,101325,100
153360000000,0,0,9.81,0,0,0.35653659365919077,0,0,0,101325,100
153380000000,0,0,9.81,0,0,0.3537538496952832,0,0,0,101325,100
153400000000,0,0,9.81,0,0,0.3558220554838833,0,0,0,101325,100
153420000000,0,0,9.81,0,0,0.35683083483097205,0,0,0,101325,100
153440000000,0,0,9.81,0,0,0.35635153342671033,0,0,0,101325,100
153460000000,0,0,9.81,0,0,0.3554901381294586,0,0,0,101325,100
153480000000,0,0,9.81,0,0,0.3546628357894854,0,0,0,101325,100
153500000000,0,0,9.81,0,0,0.35542827258746273,0,0,0,101325,100
153520000000,0,0,9.81,0,0,0.35601169977764385,0,0,0,101325,100
153540000000,0,0,9.81,0,0,0.3555747484208017,0,0,0,101325,100
153560000000,0,0,9.81,0,0,0.3558765430764375,0,0,0,101325,100
153580000000,0,0,9.81,0,0,0.3556883390673905,0,0,0,101325,100
153600000000,0,0,9.81,0,0,0.35667280087902226,0,0,0,101325,100
153620000000,0,0,9.81,0,0,0.35589171653646484,0,0,0,101325,100
153640000000,0,0,9.81,0,0,0.3561641564694918,0,0,0,101325,100
153660000000,0,0,9.81,0,0,0.3584271769236767,0,0,0,101325,100
153680000000,0,0,9.81,0,0,0.3554208812778464,0,0,0,101325,100
153700000000,0,0,9.81,0,0,0.3553389896491893,0,0,0,101325,100
153720000000,0,0,9.81,0,0,0.3564934585718391,0,0,0,101325,100
153740000000,0,0,9.81,0,0,0.35851429617327046,0,0,0,101325,100
153760000000,0,0,9.81,0,0,0.35701811061660177,0,0,0,101325,100
153780000000,0,0,9.81,0,0,0.3559873368551496,0,0,0,101325,100
153800000000,0,0,9.81,0,0,0.3549403150178355,0,0,0,101325,100
153820000000,0,0,9.81,0,0,0.355496019559293,0,0,0,101325,100
153840000000,0,0,9.81,0,0,0.3569476539481894,0,0,0,101325,100
153860000000,0,0,9.81,0,0,0.3558523451689718,0,0,0,101325,100
153880000000,0,0,9.81,0,0,0.3554715322162746,0,0,0,101325,100
153900000000,0,0,9.81,0,0,0.35600079148958,0,0,0,101325,100
153920000000,0,0,9.81,0,0,0.3563997792976643,0,0,0,101325,100
153940000000,0,0,9.81,0,0,0.3540529342093333,0,0,0,101325,100
153960000000,0,0,9.81,0,0,0.35685179233552033,0,0,0,101325,100
153980000000,0,0,9.81,0,0,0.3552497042411078,0,0,0,101325,100
154000000000,0,0,9.81,0,0,0.35535946940149615,0,0,0,101325,100
154020000000,0,0,9.81,0,0,0.3564542848399109,0,0,0,101325,100
154040000000,0,0,9.81,0,0,0.35648571972012344,0,0,0,101325,100
154060000000,0,0,9.81,0,0,0.3543828597670822,0,0,0,101325,100
154080000000,0,0,9.81,0,0,0.3545071487395104,0,0,0,101325,100
154100000000,0,0,9.81,0,0,0.3553459758054937,0,0,0,101325,100
154120000000,0,0,9.81,0,0,0.3548464389374911,0,0,0,101325,100
154140000000,0,0,9.81,0,0,0.35713045040428676,0,0,0,101325,100
154160000000,0,0,9.81,0,0,0.35567545018821684,0,0,0,101325,100
154180000000,0,0,9.81,0,0,0.35591157851235045,0,0,0,101325,100
154200000000,0,0,9.81,0,0,0.3566375919698849,0,0,0,101325,100
154220000000,0,0,9.81,0,0,0.3557213752435734,0,0,0,101325,100
154240000000,0,0,9.81,0,0,0.3566154746022752,0,0,0,101325,100
154260000000,0,0,9.81,0,0,0.3558396454365468,0,0,0,101325,100
154280000000,0,0,9.81,0,0,0.3556669828500771,0,0,0,101325,100
154300000000,0,0,9.81,0,0,0.3557456084448655,0,0,0,101325,100
154320000000,0,0,9.81,0,0,0.35618650487868736,0,0,0,101325,100
154340000000,0,0,9.81,0,0,0.35757601937844447,0,0,0,101325,100
154360000000,0,0,9.81,0,0,0.35385542258763497,0,0,0,101325,100
154380000000,0,0,9.81,0,0,0.35539294395363225,0,0,0,101325,100
154400000000,0,0,9.81,0,0,0.35692438151660827,0,0,0,101325,100
154420000000,0,0,9.81,0,0,0.354732602007647,0,0,0,101325,100
154440000000,0,0,9.81,0,0,0.353916146855118,0,0,0,101325,100
154460000000,0,0,9.81,0,0,0.35631639499449114,0,0,0,101325,100
154480000000,0,0,9.81,0,0,0.35556732044421074,0,0,0,101325,100
154500000000,0,0,9.81,0,0,0.35713053572045894,0,0,0,101325,100
154520000000,0,0,9.81,0,0,0.3544765071011016,0,0,0,101325,100
154540000000,0,0,9.81,0,0,0.35569044962142804,0,0,0,101325,100
154560000000,0,0,9.81,0,0,0.35649384446082794,0,0,0,101325,100
154580000000,0,0,9.81,0,0,0.35722186106655984,0,0,0,101325,100
154600000000,0,0,9.81,0,0,0.35634454517189884,0,0,0,101325,100
154620000000,0,0,9.81,0,0,0.35539249390609934,0,0,0,101325,100
154640000000,0,0,9.81,0,0,0.355220849649406,0,0,0,101325,100
154660000000,0,0,9.81,0,0,0.3561605803733104,0,0,0,101325,100
154680000000,0,0,9.81,0,0,0.35506529183726004,0,0,0,101325,100
154700000000,0,0,9.81,0,0,0.3552973625307562,0,0,0,101325,100
154720000000,0,0,9.81,0,0,0.3549585173722467,0,0,0,101325,100
154740000000,0,0,9.81,0,0,0.35680587420966464,0,0,0,101325,100
154760000000,0,0,9.81,0,0,0.35724723919088064,0,0,0,101325,100
154780000000,0,0,9.81,0,0,0.3557622165843378,0,0,0,101325,100
154800000000,0,0,9.81,0,0,0.35474257478614607,0,0,0,101325,100
154820000000,0,0,9.81,0,0,0.35449336876863896,0,0,0,101325,100
154840000000,0,0,9.81,0,0,0.356003541290771,0,0,0,101325,100
154860000000,0,0,9.81,0,0,0.3543454936424118,0,0,0,101325,100
154880000000,0,0,9.81,0,0,0.35635778415727465,0,0,0,101325,100
154900000000,0,0,9.81,0,0,0.35465383957599,0,0,0,101325,100
154920000000,0,0,9.81,0,0,0.35576462737525455,0,0,0,101325,100
154940000000,0,0,9.81,0,0,0.35500708557033167,0,0,0,101325,100
154960000000,0,0,9.81,0,0,0.3555676730381613,0,0,0,101325,100
154980000000,0,0,9.81,0,0,0.3546874461168901,0,0,0,101325,100
155000000000,0,0,9.81,0,0,0.3562253390255128,0,0,0,101325,100
155020000000,0,0,9.81,0,0,0.35715569158379734,0,0,0,101325,100
155040000000,0,0,9.81,0,0,0.3551580470695346,0,0,0,101325,100
155060000000,0,0,9.81,0,0,0.3558863921732182,0,0,0,101325,100
155080000000,0,0,9.81,0,0,0.3556834959237828,0,0,0,101325,100
155100000000,0,0,9.81,0,0,0.35635732223960886,0,0,0,101325,100
155120000000,0,0,9.81,0,0,0.3568593823412462,0,0,0,101325,100
155140000000,0,0,9.81,0,0,0.35581786439955754,0,0,0,101325,100
155160000000,0,0,9.81,0,0,0.35643618592420656,0,0,0,101325,100
155180000000,0,0,9.81,0,0,0.3562414284229165,0,0,0,101325,100
155200000000,0,0,9.81,0,0,0.3555828970024535,0,0,0,101325,100
155220000000,0,0,9.81,0,0,0.3575463827282466,0,0,0,101325,100
155240000000,0,0,9.81,0,0,0.35576398890028904,0,0,0,101325,100
155260000000,0,0,9.81,0,0,0.35617636679148607,0,0,0,101325,100
155280000000,0,0,9.81,0,0,0.3566504053533374,0,0,0,101325,100
155300000000,0,0,9.81,0,0,0.35691041972386495,0,0,0,101325,100
155320000000,0,0,9.81,0,0,0.3563618809617643,0,0,0,101325,100
155340000000,0,0,9.81,0,0,0.3549698876843086,0,0,0,101325,100
155360000000,0,0,9.81,0,0,0.35562615938641956,0,0,0,101325,100
155380000000,0,0,9.81,0,0,0.3561714223108465,0,0,0,101325,100
155400000000,0,0,9.81,0,0,0.3560579605410137,0,0,0,101325,100
155420000000,0,0,9.81,0,0,0.3558516668271846,0,0,0,101325,100
155440000000,0,0,9.81,0,0,0.3575520807820038,0,0,0,101325,100
155460000000,0,0,9.81,0,0,0.35627491555931795,0,0,0,101325,100
155480000000,0,0,9.81,0,0,0.3556998545182255,0,0,0,101325,100
155500000000,0,0,9.81,0,0,0.3555267414933105,0,0,0,101325,100
155520000000,0,0,9.81,0,0,0.3545867246177697,0,0,0,101325,100
155540000000,0,0,9.81,0,0,0.3554613915917103,0,0,0,101325,100
155560000000,0,0,9.81,0,0,0.3572680771579526,0,0,0,101325,100
155580000000,0,0,9.81,0,0,0.3581325450179775,0,0,0,101325,100
155600000000,0,0,9.81,0,0,0.3557580805454352,0,0,0,101325,100
155620000000,0,0,9.81,0,0,0.355408663635901,0,0,0,101325,100
155640000000,0,0,9.81,0,0,0.3574640406996734,0,0,0,101325,100
155660000000,0,0,9.81,0,0,0.3561186738290011,0,0,0,101325,100
155680000000,0,0,9.81,0,0,0.35538245848201705,0,0,0,101325,100
155700000000,0,0,9.81,0,0,0.3560160517646998,0,0,0,101325,100
155720000000,0,0,9.81,0,0,0.35618476701157287,0,0,0,101325,100
155740000000,0,0,9.81,0,0,0.35535835635745716,0,0,0,101325,100
155760000000,0,0,9.81,0,0,0.3556935912519478,0,0,0,101325,100
155780000000,0,0,9.81,0,0,0.35698130282793655,0,0,0,101325,100
155800000000,0,0,9.81,0,0,0.3557620099222699,0,0,0,101325,100
155820000000,0,0,9.81,0,0,0.3557891889076354,0,0,0,101325,100
155840000000,0,0,9.81,0,0,0.3551434109825804,0,0,0,101325,100
155860000000,0,0,9.81,0,0,0.3560886340787204,0,0,0,101325,100
155880000000,0,0,9.81,0,0,0.3553433908779862,0,0,0,101325,100
155900000000,0,0,9.81,0,0,0.3565554804985481,0,0,0,101325,100
155920000000,0,0,9.81,0,0,0.3553307216691829,0,0,0,101325,100
155940000000,0,0,9.81,0,0,0.357104650991586,0,0,0,101325,100
155960000000,0,0,9.81,0,0,0.3555039175125523,0,0,0,101325,100
155980000000,0,0,9.81,0,0,0.3577768983336888,0,0,0,101325,100
156000000000,0,0,9.81,0,0,0.35527328371411293,0,0,0,101325,100
156020000000,0,0,9.81,0,0,0.3572141111428128,0,0,0,101325,100
156040000000,0,0,9.81,0,0,0.35462553766858046,0,0,0,101325,100
156060000000,0,0,9.81,0,0,0.3567810888927282,0,0,0,101325,100
156080000000,0,0,9.81,0,0,0.3558208451282194,0,0,0,101325,100
156100000000,0,0,9.81,0,0,0.3557387327433669,0,0,0,101325,100
156120000000,0,0,9.81,0,0,0.3569051797669107,0,0,0,101325,100
156140000000,0,0,9.81,0,0,0.35613242220332697,0,0,0,101325,100
156160000000,0,0,9.81,0,0,0.3568108448824121,0,0,0,101325,100
156180000000,0,0,9.81,0,0,0.3571051314275265,0,0,0,101325,100
156200000000,0,0,9.81,0,0,0.35655348297644374,0,0,0,101325,100
156220000000,0,0,9.81,0,0,0.35567711521107187,0,0,0,101325,100
156240000000,0,0,9.81,0,0,0.3548810926394148,0,0,0,101325,100
156260000000,0,0,9.81,0,0,0.3548618523033866,0,0,0,101325,100
156280000000,0,0,9.81,0,0,0.35636840815370546,0,0,0,101325,100
156300000000,0,0,9.81,0,0,0.3546021805136382,0,0,0,101325,100
156320000000,0,0,9.81,0,0,0.3548121238801876,0,0,0,101325,100
156340000000,0,0,9.81,0,0,0.3566139128088631,0,0,0,101325,100
156360000000,0,0,9.81,0,0,0.35641751193432647,0,0,0,101325,100
156380000000,0,0,9.81,0,0,0.354485608142985,0,0,0,101325,100
156400000000,0,0,9.81,0,0,0.35539930368107836,0,0,0,101325,100
156420000000,0,0,9.81,0,0,0.358103895467913,0,0,0,101325,100
156440000000,0,0,9.81,0,0,0.356801195275916,0,0,0,101325,100
156460000000,0,0,9.81,0,0,0.3561328937423254,0,0,0,101325,100
156480000000,0,0,9.81,0,0,0.3571292469114305,0,0,0,101325,100
156500000000,0,0,9.81,0,0,0.3559199382328292,0,0,0,101325,100
156520000000,0,0,9.81,0,0,0.3556728100025296,0,0,0,101325,100
156540000000,0,0,9.81,0,0,0.3553113943786071,0,0,0,101325,100
156560000000,0,0,9.81,0,0,0.3554738271617332,0,0,0,101325,100
156580000000,0,0,9.81,0,0,0.3555645690941272,0,0,0,101325,100
156600000000,0,0,9.81,0,0,0.3559997865696117,0,0,0,101325,100
156620000000,0,0,9.81,0,0,0.3558342984380252,0,0,0,101325,100
156640000000,0,0,9.81,0,0,0.3550344678705451,0,0,0,101325,100
156660000000,0,0,9.81,0,0,0.3561478351720982,0,0,0,101325,100
156680000000,0,0,9.81,0,0,0.35566394514063937,0,0,0,101325,100
156700000000,0,0,9.81,0,0,0.3552848095888659,0,0,0,101325,100
156720000000,0,0,9.81,0,0,0.35621368106731865,0,0,0,101325,100
156740000000,0,0,9.81,0,0,0.35651068026286886,0,0,0,101325,100
156760000000,0,0,9.81,0,0,0.35590744727449475,0,0,0,101325,100
156780000000,0,0,9.81,0,0,0.3559598344299241,0,0,0,101325,100
156800000000,0,0,9.81,0,0,0.35775488542948786,0,0,0,101325,100
156820000000,0,0,9.81,0,0,0.35549623071153363,0,0,0,101325,100
156840000000,0,0,9.81,0,0,0.3559834978188917,0,0,0,101325,100
156860000000,0,0,9.81,0,0,0.3550141777734744,0,0,0,101325,100
156880000000,0,0,9.81,0,0,0.35484307499594486,0,0,0,101325,100
156900000000,0,0,9.81,0,0,0.3548050055402113,0,0,0,101325,100
156920000000,0,0,9.81,0,0,0.35662334191811246,0,0,0,101325,100
156940000000,0,0,9.81,0,0,0.35536335290946386,0,0,0,101325,100
156960000000,0,0,9.81,0,0,0.35656081177369453,0,0,0,101325,100
156980000000,0,0,9.81,0,0,0.35598105338321057,0,0,0,101325,100
157000000000,0,0,9.81,0,0,0.3547918207310257,0,0,0,101325,100
157020000000,0,0,9.81,0,0,0.35559980979380956,0,0,0,101325,100
157040000000,0,0,9.81,0,0,0.3562522751457518,0,0,0,101325,100
157060000000,0,0,9.81,0,0,0.3557036046355399,0,0,0,101325,100
157080000000,0,0,9.81,0,0,0.35635506734932415,0,0,0,101325,100
157100000000,0,0,9.81,0,0,0.35482763813423435,0,0,0,101325,100
157120000000,0,0,9.81,0,0,0.35686472992368623,0,0,0,101325,100
157140000000,0,0,9.81,0,0,0.3566333752420578,0,0,0,101325,100
157160000000,0,0,9.81,0,0,0.3565396918798277,0,0,0,101325,100
157180000000,0,0,9.81,0,0,0.3557116617969944,0,0,0,101325,100
157200000000,0,0,9.81,0,0,0.35567927277567163,0,0,0,101325,100
157220000000,0,0,9.81,0,0,0.3564649310562956,0,0,0,101325,100
157240000000,0,0,9.81,0,0,0.3565043358120988,0,0,0,101325,100
157260000000,0,0,9.81,0,0,0.3553546268814838,0,0,0,101325,100
157280000000,0,0,9.81,0,0,0.3565542899431995,0,0,0,101325,100
157300000000,0,0,9.81,0,0,0.3556004131125284,0,0,0,101325,100
157320000000,0,0,9.81,0,0,0.35573349661705583,0,0,0,101325,100
157340000000,0,0,9.81,0,0,0.35506490435135785,0,0,0,101325,100
157360000000,0,0,9.81,0,0,0.3557268379788436,0,0,0,101325,100
157380000000,0,0,9.81,0,0,0.35483627052549993,0,0,0,101325,100
157400000000,0,0,9.81,0,0,0.3560912675450948,0,0,0,101325,100
157420000000,0,0,9.81,0,0,0.3571464341587288,0,0,0,101325,100
157440000000,0,0,9.81,0,0,0.3553958277861402,0,0,0,101325,100
157460000000,0,0,9.81,0,0,0.3550687780099226,0,0,0,101325,100
157480000000,0,0,9.81,0,0,0.3555073285295437,0,0,0,101325,100
157500000000,0,0,9.81,0,0,0.3567720048871221,0,0,0,101325,100
157520000000,0,0,9.81,0,0,0.3560278588063363,0,0,0,101325,100
157540000000,0,0,9.81,0,0,0.35714778878027914,0,0,0,101325,100
157560000000,0,0,9.81,0,0,0.35561519723899543,0,0,0,101325,100
157580000000,0,0,9.81,0,0,0.3546691578293347,0,0,0,101325,100
157600000000,0,0,9.81,0,0,0.35566928424548433,0,0,0,101325,100
157620000000,0,0,9.81,0,0,0.35660251889676803,0,0,0,101325,100
157640000000,0,0,9.81,0,0,0.35516452710174556,0,0,0,101325,100
157660000000,0,0,9.81,0,0,0.3560612385115891,0,0,0,101325,100
157680000000,0,0,9.81,0,0,0.35654561615955616,0,0,0,101325,100
157700000000,0,0,9.81,0,0,0.3560702673680531,0,0,0,101325,100
157720000000,0,0,9.81,0,0,0.35700500787286404,0,0,0,101325,100
157740000000,0,0,9.81,0,0,0.356325221127973,0,0,0,101325,100
157760000000,0,0,9.81,0,0,0.3549929218949353,0,0,0,101325,100
157780000000,0,0,9.81,0,0,0.35642158032346755,0,0,0,101325,100
157800000000,0,0,9.81,0,0,0.35579276858730824,0,0,0,101325,100
157820000000,0,0,9.81,0,0,0.35717066725807106,0,0,0,101325,100
157840000000,0,0,9.81,0,0,0.3561720024181837,0,0,0,101325,100
157860000000,0,0,9.81,0,0,0.3564802974521584,0,0,0,101325,100
157880000000,0,0,9.81,0,0,0.3542858088649815,0,0,0,101325,100
157900000000,0,0,9.81,0,0,0.3565837638278744,0,0,0,101325,100
157920000000,0,0,9.81,0,0,0.3547074496278715,0,0,0,101325,100
157940000000,0,0,9.81,0,0,0.35660591911171724,0,0,0,101325,100
157960000000,0,0,9.81,0,0,0.357649942220768,0,0,0,101325,100
157980000000,0,0,9.81,0,0,0.35521575503077596,0,0,0,101325,100
158000000000,0,0,9.81,0,0,0.355481722003334,0,0,0,101325,100
158020000000,0,0,9.81,0,0,0.3556972739915289,0,0,0,101325,100
158040000000,0,0,9.81,0,0,0.3569292797345953,0,0,0,101325,100
158060000000,0,0,9.81,0,0,0.35713495545098906,0,0,0,101325,100
158080000000,0,0,9.81,0,0,0.3559442443520404,0,0,0,101325,100
158100000000,0,0,9.81,0,0,0.3564238285078712,0,0,0,101325,100
158120000000,0,0,9.81,0,0,0.3551963815382582,0,0,0,101325,100
158140000000,0,0,9.81,0,0,0.35497665542573764,0,0,0,101325,100
158160000000,0,0,9.81,0,0,0.35384038008977237,0,0,0,101325,100
158180000000,0,0,9.81,0,0,0.3559118647468765,0,0,0,101325,100
158200000000,0,0,9.81,0,0,0.356152103835382,0,0,0,101325,100
158220000000,0,0,9.81,0,0,0.3560603433912239,0,0,0,101325,100
158240000000,0,0,9.81,0,0,0.3574197744591462,0,0,0,101325,100
158260000000,0,0,9.81,0,0,0.3554753827546696,0,0,0,101325,100
158280000000,0,0,9.81,0,0,0.35622317750136206,0,0,0,101325,100
158300000000,0,0,9.81,0,0,0.3563933957170496,0,0,0,101325,100
158320000000,0,0,9.81,0,0,0.3544893887308832,0,0,0,101325,100
158340000000,0,0,9.81,0,0,0.3549415194250415,0,0,0,101325,100
158360000000,0,0,9.81,0,0,0.35542082508781697,0,0,0,101325,100
158380000000,0,0,9.81,0,0,0.3552615842426914,0,0,0,101325,100
158400000000,0,0,9.81,0,0,0.35575835171005904,0,0,0,101325,100
158420000000,0,0,9.81,0,0,0.35554830557571915,0,0,0,101325,100
158440000000,0,0,9.81,0,0,0.3541422171173522,0,0,0,101325,100
158460000000,0,0,9.81,0,0,0.3567453306165239,0,0,0,101325,100
158480000000,0,0,9.81,0,0,0.3548543153284468,0,0,0,101325,100
158500000000,0,0,9.81,0,0,0.3576161147313213,0,0,0,101325,100
158520000000,0,0,9.81,0,0,0.3557762071273679,0,0,0,101325,100
158540000000,0,0,9.81,0,0,0.355543566776787,0,0,0,101325,100
158560000000,0,0,9.81,0,0,0.3551790253467395,0,0,0,101325,100
158580000000,0,0,9.81,0,0,0.35459983842857484,0,0,0,101325,100
158600000000,0,0,9.81,0,0,0.35535300012646737,0,0,0,101325,100
158620000000,0,0,9.81,0,0,0.3558111581147326,0,0,0,101325,100
158640000000,0,0,9.81,0,0,0.35525095889529934,0,0,0,101325,100
158660000000,0,0,9.81,0,0,0.35570945831361195,0,0,0,101325,100
158680000000,0,0,9.81,0,0,0.3567301380843331,0,0,0,101325,100
158700000000,0,0,9.81,0,0,0.35781901113968767,0,0,0,101325,100
158720000000,0,0,9.81,0,0,0.3563779143207721,0,0,0,101325,100
158740000000,0,0,9.81,0,0,0.3559780197894657,0,0,0,101325,100
158760000000,0,0,9.81,0,0,0.35601807977764116,0,0,0,101325,100
158780000000,0,0,9.81,0,0,0.35598725999612263,0,0,0,101325,100
158800000000,0,0,9.81,0,0,0.35600505781663383,0,0,0,101325,100
158820000000,0,0,9.81,0,0,0.35463309473471494,0,0,0,101325,100
158840000000,0,0,9.81,0,0,0.35590016374185723,0,0,0,101325,100
158860000000,0,0,9.81,0,0,0.3549989781224611,0,0,0,101325,100
158880000000,0,0,9.81,0,0,0.355275722625905,0,0,0,101325,100
158900000000,0,0,9.81,0,0,0.35630203374298414,0,0,0,101325,100
158920000000,0,0,9.81,0,0,0.3557618307173952,0,0,0,101325,100
158940000000,0,0,9.81,0,0,0.3548544084148854,0,0,0,101325,100
158960000000,0,0,9.81,0,0,0.35596073936883016,0,0,0,101325,100
158980000000,0,0,9.81,0,0,0.3566198842809631,0,0,0,101325,100
159000000000,0,0,9.81,0,0,0.3555855079632435,0,0,0,101325,100
159020000000,0,0,9.81,0,0,0.3573169162289347,0,0,0,101325,100
159040000000,0,0,9.81,0,0,0.35501889032254524,0,0,0,101325,100
159060000000,0,0,9.81,0,0,0.3554582840485933,0,0,0,101325,100
159080000000,0,0,9.81,0,0,0.35578152165609644,0,0,0,101325,100
159100000000,0,0,9.81,0,0,0.3545111740221101,0,0,0,101325,100
159120000000,0,0,9.81,0,0,0.3560578157559578,0,0,0,101325,100
159140000000,0,0,9.81,0,0,0.35663376105174033,0,0,0,101325,100
159160000000,0,0,9.81,0,0,0.35599941612285263,0,0,0,101325,100
159180000000,0,0,9.81,0,0,0.35591866637443104,0,0,0,101325,100
159200000000,0,0,9.81,0,0,0.35535258575449596,0,0,0,101325,100
159220000000,0,0,9.81,0,0,0.3555962408947594,0,0,0,101325,100
159240000000,0,0,9.81,0,0,0.35582958602804227,0,0,0,101325,100
159260000000,0,0,9.81,0,0,0.3558139238941525,0,0,0,101325,100
159280000000,0,0,9.81,0,0,0.3553561898725011,0,0,0,101325,100
159300000000,0,0,9.81,0,0,0.3558307317354391,0,0,0,101325,100
159320000000,0,0,9.81,0,0,0.3547001966557317,0,0,0,101325,100
159340000000,0,0,9.81,0,0,0.3564650757052577,0,0,0,101325,100
159360000000,0,0,9.81,0,0,0.35474995056055103,0,0,0,101325,100
159380000000,0,0,9.81,0,0,0.35727005415478985,0,0,0,101325,100
159400000000,0,0,9.81,0,0,0.3556363416911195,0,0,0,101325,100
159420000000,0,0,9.81,0,0,0.35570488594739,0,0,0,101325,100
159440000000,0,0,9.81,0,0,0.3554940685173932,0,0,0,101325,100
159460000000,0,0,9.81,0,0,0.3555364552736346,0,0,0,101325,100
159480000000,0,0,9.81,0,0,0.35544569145592325,0,0,0,101325,100
159500000000,0,0,9.81,0,0,0.35541536194797313,0,0,0,101325,100
159520000000,0,0,9.81,0,0,0.3571570694177657,0,0,0,101325,100
159540000000,0,0,9.81,0,0,0.35626247269045075,0,0,0,101325,100
159560000000,0,0,9.81,0,0,0.35613969435700776,0,0,0,101325,100
159580000000,0,0,9.81,0,0,0.35626371264665657,0,0,0,101325,100
159600000000,0,0,9.81,0,0,0.3553022674080719,0,0,0,101325,100
159620000000,0,0,9.81,0,0,0.35571786221126245,0,0,0,101325,100
159640000000,0,0,9.81,0,0,0.3553386810872357,0,0,0,101325,100
159660000000,0,0,9.81,0,0,0.3560694392670202,0,0,0,101325,100
159680000000,0,0,9.81,0,0,0.3554941582220192,0,0,0,101325,100
159700000000,0,0,9.81,0,0,0.3569923277743203,0,0,0,101325,100
159720000000,0,0,9.81,0,0,0.35589506246793545,0,0,0,101325,100
159740000000,0,0,9.81,0,0,0.35645607047084504,0,0,0,101325,100
159760000000,0,0,9.81,0,0,0.35508406602820686,0,0,0,101325,100
159780000000,0,0,9.81,0,0,0.3553461999389391,0,0,0,101325,100
159800000000,0,0,9.81,0,0,0.3575015265518284,0,0,0,101325,100
159820000000,0,0,9.81,0,0,0.35490142426670923,0,0,0,101325,100
159840000000,0,0,9.81,0,0,0.35581410335607944,0,0,0,101325,100
159860000000,0,0,9.81,0,0,0.3552521550950684,0,0,0,101325,100
159880000000,0,0,9.81,0,0,0.35504580150963444,0,0,0,101325,100
159900000000,0,0,9.81,0,0,0.3562392980464115,0,0,0,101325,100
159920000000,0,0,9.81,0,0,0.3569466155337076,0,0,0,101325,100
159940000000,0,0,9.81,0,0,0.3558191646748406,0,0,0,101325,100
159960000000,0,0,9.81,0,0,0.35555608233922165,0,0,0,101325,100
159980000000,0,0,9.81,0,0,0.3562210672245622,0,0,0,101325,100
160000000000,0,0,9.81,0,0,0.3570191995923178,0,0,0,101325,100
160020000000,0,0,9.81,0,0,0.3573486234562909,0,0,0,101325,100
160040000000,0,0,9.81,0,0,0.3574899977159273,0,0,0,101325,100
160060000000,0,0,9.81,0,0,0.3555657520321697,0,0,0,101325,100
160080000000,0,0,9.81,0,0,0.3544842062478731,0,0,0,101325,100
160100000000,0,0,9.81,0,0,0.35500035194663077,0,0,0,101325,100
160120000000,0,0,9.81,0,0,0.3557303647458836,0,0,0,101325,100
160140000000,0,0,9.81,0,0,0.3565570876533203,0,0,0,101325,100
160160000000,0,0,9.81,0,0,0.3560444181872249,0,0,0,101325,100
160180000000,0,0,9.81,0,0,0.3551098111414325,0,0,0,101325,100
160200000000,0,0,9.81,0,0,0.3562073425083093,0,0,0,101325,100
160220000000,0,0,9.81,0,0,0.35506720584804335,0,0,0,101325,100
160240000000,0,0,9.81,0,0,0.35428883204801037,0,0,0,101325,100
160260000000,0,0,9.81,0,0,0.3558265915611174,0,0,0,101325,100
160280000000,0,0,9.81,0,0,0.3561940082081519,0,0,0,101325,100
160300000000,0,0,9.81,0,0,0.3542524336329243,0,0,0,101325,100
160320000000,0,0,9.81,0,0,0.3558053032623331,0,0,0,101325,100
160340000000,0,0,9.81,0,0,0.3554555754724348,0,0,0,101325,100
160360000000,0,0,9.81,0,0,0.3570673723858138,0,0,0,101325,100
160380000000,0,0,9.81,0,0,0.3555867744079511,0,0,0,101325,100
160400000000,0,0,9.81,0,0,0.3565704508068409,0,0,0,101325,100
160420000000,0,0,9.81,0,0,0.3544421840627323,0,0,0,101325,100
160440000000,0,0,9.81,0,0,0.35652912496154454,0,0,0,101325,100
160460000000,0,0,9.81,0,0,0.3561065421488679,0,0,0,101325,100
160480000000,0,0,9.81,0,0,0.3556931166877151,0,0,0,101325,100
160500000000,0,0,9.81,0,0,0.3554130145846448,0,0,0,101325,100
160520000000,0,0,9.81,0,0,0.35564801280912484,0,0,0,101325,100
160540000000,0,0,9.81,0,0,0.3564105304297372,0,0,0,101325,100
160560000000,0,0,9.81,0,0,0.3559672123914833,0,0,0,101325,100
160580000000,0,0,9.81,0,0,0.35709188308276113,0,0,0,101325,100
160600000000,0,0,9.81,0,0,0.35647167044076145,0,0,0,101325,100
160620000000,0,0,9.81,0,0,0.355602204395422,0,0,0,101325,100
160640000000,0,0,9.81,0,0,0.355488421559805,0,0,0,101325,100
160660000000,0,0,9.81,0,0,0.3552924140869193,0,0,0,101325,100
160680000000,0,0,9.81,0,0,0.35584631047225956,0,0,0,101325,100
160700000000,0,0,9.81,0,0,0.35573896639558933,0,0,0,101325,100
160720000000,0,0,9.81,0,0,0.35551052302428954,0,0,0,101325,100
160740000000,0,0,9.81,0,0,0.35484153439195393,0,0,0,101325,100
160760000000,0,0,9.81,0,0,0.35564315963692383,0,0,0,101325,100
160780000000,0,0,9.81,0,0,0.35789890784096623,0,0,0,101325,100
160800000000,0,0,9.81,0,0,0.35535181721260095,0,0,0,101325,100
160820000000,0,0,9.81,0,0,0.3569005444025329,0,0,0,101325,100
160840000000,0,0,9.81,0,0,0.3571793490372852,0,0,0,101325,100
160860000000,0,0,9.81,0,0,0.35696619848585004,0,0,0,101325,100
160880000000,0,0,9.81,0,0,0.3555181108273588,0,0,0,101325,100
160900000000,0,0,9.81,0,0,0.3554283529955168,0,0,0,101325,100
160920000000,0,0,9.81,0,0,0.355259867176238,0,0,0,101325,100
160940000000,0,0,9.81,0,0,0.3548919048485989,0,0,0,101325,100
160960000000,0,0,9.81,0,0,0.35797091224023336,0,0,0,101325,100
160980000000,0,0,9.81,0,0,0.3559181016812451,0,0,0,101325,100
161000000000,0,0,9.81,0,0,0.35644009507159713,0,0,0,101325,100
161020000000,0,0,9.81,0,0,0.3559395565670183,0,0,0,101325,100
161040000000,0,0,9.81,0,0,0.35576157711174705,0,0,0,101325,100
161060000000,0,0,9.81,0,0,0.3560044528128407,0,0,0,101325,100
161080000000,0,0,9.81,0,0,0.35627015171781934,0,0,0,101325,100
161100000000,0,0,9.81,0,0,0.35502769119045463,0,0,0,101325,100
161120000000,0,0,9.81,0,0,0.3563032573538898,0,0,0,101325,100
161140000000,0,0,9.81,0,0,0.3563325815417213,0,0,0,101325,100
161160000000,0,0,9.81,0,0,0.35725876574787147,0,0,0,101325,100
161180000000,0,0,9.81,0,0,0.3535629590523618,0,0,0,101325,100
161200000000,0,0,9.81,0,0,0.3561106992733511,0,0,0,101325,100
161220000000,0,0,9.81,0,0,0.3550781706636507,0,0,0,101325,100
161240000000,0,0,9.81,0,0,0.3561153768865845,0,0,0,101325,100
161260000000,0,0,9.81,0,0,0.3557591465488922,0,0,0,101325,100
161280000000,0,0,9.81,0,0,0.3568560486169182,0,0,0,101325,100
161300000000,0,0,9.81,0,0,0.354983924030803,0,0,0,101325,100
161320000000,0,0,9.81,0,0,0.35532462344420324,0,0,0,101325,100
161340000000,0,0,9.81,0,0,0.35567390754697553,0,0,0,101325,100
161360000000,0,0,9.81,0,0,0.3561138599014831,0,0,0,101325,100
161380000000,0,0,9.81,0,0,0.3563494333053605,0,0,0,101325,100
161400000000,0,0,9.81,0,0,0.35428259969897175,0,0,0,101325,100
161420000000,0,0,9.81,0,0,0.3547563026252924,0,0,0,101325,100
161440000000,0,0,9.81,0,0,0.3572043468612661,0,0,0,101325,100
161460000000,0,0,9.81,0,0,0.35665667407407114,0,0,0,101325,100
161480000000,0,0,9.81,0,0,0.35573502214462027,0,0,0,101325,100
161500000000,0,0,9.81,0,0,0.3566419455894873,0,0,0,101325,100
161520000000,0,0,9.81,0,0,0.35580430016802267,0,0,0,101325,100
161540000000,0,0,9.81,0,0,0.3551345811034251,0,0,0,101325,100
161560000000,0,0,9.81,0,0,0.35521898214426567,0,0,0,101325,100
161580000000,0,0,9.81,0,0,0.3557242550783844,0,0,0,101325,100
161600000000,0,0,9.81,0,0,0.3553420059648527,0,0,0,101325,100
161620000000,0,0,9.81,0,0,0.35539475212625155,0,0,0,101325,100
161640000000,0,0,9.81,0,0,0.35618813661248966,0,0,0,101325,100
161660000000,0,0,9.81,0,0,0.3552769420859487,0,0,0,101325,100
161680000000,0,0,9.81,0,0,0.35605438556983077,0,0,0,101325,100
161700000000,0,0,9.81,0,0,0.35487990380059314,0,0,0,101325,100
161720000000,0,0,9.81,0,0,0.3562258118459741,0,0,0,101325,100
161740000000,0,0,9.81,0,0,0.35585545068733004,0,0,0,101325,100
161760000000,0,0,9.81,0,0,0.3557697628357017,0,0,0,101325,100
161780000000,0,0,9.81,0,0,0.3560779676337938,0,0,0,101325,100
161800000000,0,0,9.81,0,0,0.3554705838592033,0,0,0,101325,100
161820000000,0,0,9.81,0,0,0.3553063726194617,0,0,0,101325,100
161840000000,0,0,9.81,0,0,0.3547803023020902,0,0,0,101325,100
161860000000,0,0,9.81,0,0,0.3565431365692757,0,0,0,101325,100
161880000000,0,0,9.81,0,0,0.3564144757037851,0,0,0,101325,100
161900000000,0,0,9.81,0,0,0.3573881252376475,0,0,0,101325,100
161920000000,0,0,9.81,0,0,0.3545622301697794,0,0,0,101325,100
161940000000,0,0,9.81,0,0,0.35684773517975094,0,0,0,101325,100
161960000000,0,0,9.81,0,0,0.3560004226093083,0,0,0,101325,100
161980000000,0,0,9.81,0,0,0.35658061822519016,0,0,0,101325,100
162000000000,0,0,9.81,0,0,0.35549850303178454,0,0,0,101325,100
162020000000,0,0,9.81,0,0,0.35596307852273457,0,0,0,101325,100
162040000000,0,0,9.81,0,0,0.3547547165915603,0,0,0,101325,100
162060000000,0,0,9.81,0,0,0.3563308108480623,0,0,0,101325,100
162080000000,0,0,9.81,0,0,0.3574381964271906,0,0,0,101325,100
162100000000,0,0,9.81,0,0,0.354208278826931,0,0,0,101325,100
162120000000,0,0,9.81,0,0,0.35556333028479126,0,0,0,101325,100
162140000000,0,0,9.81,0,0,0.3552663348513236,0,0,0,101325,100
162160000000,0,0,9.81,0,0,0.35631177371937545,0,0,0,101325,100
162180000000,0,0,9.81,0,0,0.35638468516514965,0,0,0,101325,100
162200000000,0,0,9.81,0,0,0.35685707255555316,0,0,0,101325,100
162220000000,0,0,9.81,0,0,0.3540426841994513,0,0,0,101325,100
162240000000,0,0,9.81,0,0,0.3548004961083741,0,0,0,101325,100
162260000000,0,0,9.81,0,0,0.35543441878580095,0,0,0,101325,100
162280000000,0,0,9.81,0,0,0.3544212678439795,0,0,0,101325,100
162300000000,0,0,9.81,0,0,0.3554353633289371,0,0,0,101325,100
162320000000,0,0,9.81,0,0,0.3562420775371046,0,0,0,101325,100
162340000000,0,0,9.81,0,0,0.35474992699986524,0,0,0,101325,100
162360000000,0,0,9.81,0,0,0.3561274516872717,0,0,0,101325,100
162380000000,0,0,9.81,0,0,0.3551203735806932,0,0,0,101325,100
162400000000,0,0,9.81,0,0,0.3539267455536239,0,0,0,101325,100
162420000000,0,0,9.81,0,0,0.35687331693878477,0,0,0,101325,100
162440000000,0,0,9.81,0,0,0.35510565040771946,0,0,0,101325,100
162460000000,0,0,9.81,0,0,0.35685522346186005,0,0,0,101325,100
162480000000,0,0,9.81,0,0,0.35548217769151536,0,0,0,101325,100
162500000000,0,0,9.81,0,0,0.35559953029158814,0,0,0,101325,100
162520000000,0,0,9.81,0,0,0.3558627007883457,0,0,0,101325,100
162540000000,0,0,9.81,0,0,0.3562037395728373,0,0,0,101325,100
162560000000,0,0,9.81,0,0,0.3562172300443116,0,0,0,101325,100
162580000000,0,0,9.81,0,0,0.35612450043027805,0,0,0,101325,100
162600000000,0,0,9.81,0,0,0.3578652317667765,0,0,0,101325,100
162620000000,0,0,9.81,0,0,0.35494167147853056,0,0,0,101325,100
162640000000,0,0,9.81,0,0,0.35600043400018055,0,0,0,101325,100
162660000000,0,0,9.81,0,0,0.35561954710820165,0,0,0,101325,100
162680000000,0,0,9.81,0,0,0.3561494318152529,0,0,0,101325,100
162700000000,0,0,9.81,0,0,0.35554669722536525,0,0,0,101325,100
162720000000,0,0,9.81,0,0,0.3552525777657,0,0,0,101325,100
162740000000,0,0,9.81,0,0,0.3560020956404524,0,0,0,101325,100
162760000000,0,0,9.81,0,0,0.3556707658880885,0,0,0,101325,100
162780000000,0,0,9.81,0,0,0.355609590036053,0,0,0,101325,100
162800000000,0,0,9.81,0,0,0.3536933833360211,0,0,0,101325,100
162820000000,0,0,9.81,0,0,0.35670247060234034,0,0,0,101325,100
162840000000,0,0,9.81,0,0,0.3560878813266887,0,0,0,101325,100
162860000000,0,0,9.81,0,0,0.3561353196897208,0,0,0,101325,100
162880000000,0,0,9.81,0,0,0.3545855907496739,0,0,0,101325,100
162900000000,0,0,9.81,0,0,0.3546123187201982,0,0,0,101325,100
162920000000,0,0,9.81,0,0,0.3540657371158087,0,0,0,101325,100
162940000000,0,0,9.81,0,0,0.3548504033324882,0,0,0,101325,100
162960000000,0,0,9.81,0,0,0.35665170177614863,0,0,0,101325,100
162980000000,0,0,9.81,0,0,0.35570743150443934,0,0,0,101325,100
163000000000,0,0,9.81,0,0,0.3569988082604795,0,0,0,101325,100
163020000000,0,0,9.81,0,0,0.3556336615691218,0,0,0,101325,100
163040000000,0,0,9.81,0,0,0.35569230095084325,0,0,0,101325,100
163060000000,0,0,9.81,0,0,0.3570444329430602,0,0,0,101325,100
163080000000,0,0,9.81,0,0,0.354694958827119,0,0,0,101325,100
163100000000,0,0,9.81,0,0,0.35567956781135895,0,0,0,101325,100
163120000000,0,0,9.81,0,0,0.3553669565905117,0,0,0,101325,100
163140000000,0,0,9.81,0,0,0.35630830852622414,0,0,0,101325,100
163160000000,0,0,9.81,0,0,0.35531457820219525,0,0,0,101325,100
163180000000,0,0,9.81,0,0,0.3563832368248211,0,0,0,101325,100
163200000000,0,0,9.81,0,0,0.35588566008009426,0,0,0,101325,100
163220000000,0,0,9.81,0,0,0.3543159663863271,0,0,0,101325,100
163240000000,0,0,9.81,0,0,0.35419532167251766,0,0,0,101325,100
163260000000,0,0,9.81,0,0,0.3566117735407173,0,0,0,101325,100
163280000000,0,0,9.81,0,0,0.3553887601235202,0,0,0,101325,100
163300000000,0,0,9.81,0,0,0.35645496062825377,0,0,0,101325,100
163320000000,0,0,9.81,0,0,0.35566181115211426,0,0,0,101325,100
163340000000,0,0,9.81,0,0,0.3567907963156082,0,0,0,101325,100
163360000000,0,0,9.81,0,0,0.3552024965527591,0,0,0,101325,100
163380000000,0,0,9.81,0,0,0.35707112537411007,0,0,0,101325,100
163400000000,0,0,9.81,0,0,0.35625349303545345,0,0,0,101325,100
163420000000,0,0,9.81,0,0,0.3567522083618746,0,0,0,101325,100
163440000000,0,0,9.81,0,0,0.3564808786409571,0,0,0,101325,100
163460000000,0,0,9.81,0,0,0.35482945345948685,0,0,0,101325,100
163480000000,0,0,9.81,0,0,0.35484205534468377,0,0,0,101325,100
163500000000,0,0,9.81,0,0,0.3561171029475988,0,0,0,101325,100
163520000000,0,0,9.81,0,0,0.35622871419976326,0,0,0,101325,100
163540000000,0,0,9.81,0,0,0.35588913322841326,0,0,0,101325,100
163560000000,0,0,9.81,0,0,0.35469882647251416,0,0,0,101325,100
163580000000,0,0,9.81,0,0,0.35601223975829505,0,0,0,101325,100
163600000000,0,0,9.81,0,0,0.35571750634499466,0,0,0,101325,100
163620000000,0,0,9.81,0,0,0.3556856117467657,0,0,0,101325,100
163640000000,0,0,9.81,0,0,0.35567293020511326,0,0,0,101325,100
163660000000,0,0,9.81,0,0,0.3554371010164243,0,0,0,101325,100
163680000000,0,0,9.81,0,0,0.3549413527338656,0,0,0,101325,100
163700000000,0,0,9.81,0,0,0.35617671421145997,0,0,0,101325,100
163720000000,0,0,9.81,0,0,0.35631688418970187,0,0,0,101325,100
163740000000,0,0,9.81,0,0,0.3549612218093867,0,0,0,101325,100
163760000000,0,0,9.81,0,0,0.3552616224730226,0,0,0,101325,100
163780000000,0,0,9.81,0,0,0.35480129710810027,0,0,0,101325,100
163800000000,0,0,9.81,0,0,0.3562126561643372,0,0,0,101325,100
163820000000,0,0,9.81,0,0,0.35690163316625806,0,0,0,101325,100
163840000000,0,0,9.81,0,0,0.35537477127118355,0,0,0,101325,100
163860000000,0,0,9.81,0,0,0.3556685001953225,0,0,0,101325,100
163880000000,0,0,9.81,0,0,0.3557094488918449,0,0,0,101325,100
163900000000,0,0,9.81,0,0,0.35699550371613814,0,0,0,101325,100
163920000000,0,0,9.81,0,0,0.3551875671575304,0,0,0,101325,100
163940000000,0,0,9.81,0,0,0.3548585848349998,0,0,0,101325,100
163960000000,0,0,9.81,0,0,0.3559508813418835,0,0,0,101325,100
163980000000,0,0,9.81,0,0,0.3549958118686838,0,0,0,101325,100
164000000000,0,0,9.81,0,0,0.35497995956976375,0,0,0,101325,100
164020000000,0,0,9.81,0,0,0.3570947576195753,0,0,0,101325,100
164040000000,0,0,9.81,0,0,0.35483953641566957,0,0,0,101325,100
164060000000,0,0,9.81,0,0,0.35629110011608467,0,0,0,101325,100
164080000000,0,0,9.81,0,0,0.35460806950569695,0,0,0,101325,100
164100000000,0,0,9.81,0,0,0.3564122936788624,0,0,0,101325,100
164120000000,0,0,9.81,0,0,0.35626156965386496,0,0,0,101325,100
164140000000,0,0,9.81,0,0,0.35448860914706753,0,0,0,101325,100
164160000000,0,0,9.81,0,0,0.3553507562190092,0,0,0,101325,100
164180000000,0,0,9.81,0,0,0.35616918008303244,0,0,0,101325,100
164200000000,0,0,9.81,0,0,0.3573270049385726,0,0,0,101325,100
164220000000,0,0,9.81,0,0,0.3547306363182537,0,0,0,101325,100
164240000000,0,0,9.81,0,0,0.3543524981022389,0,0,0,101325,100
164260000000,0,0,9.81,0,0,0.35586679061975923,0,0,0,101325,100
164280000000,0,0,9.81,0,0,0.3557826460616571,0,0,0,101325,100
164300000000,0,0,9.81,0,0,0.35513907521067656,0,0,0,101325,100
164320000000,0,0,9.81,0,0,0.35619288432907936,0,0,0,101325,100
164340000000,0,0,9.81,0,0,0.35543767339941384,0,0,0,101325,100
164360000000,0,0,9.81,0,0,0.35689707526737585,0,0,0,101325,100
164380000000,0,0,9.81,0,0,0.3568837865865024,0,0,0,101325,100
164400000000,0,0,9.81,0,0,0.3547145763379073,0,0,0,101325,100
164420000000,0,0,9.81,0,0,0.35703035538705524,0,0,0,101325,100
164440000000,0,0,9.81,0,0,0.35481895485743814,0,0,0,101325,100
164460000000,0,0,9.81,0,0,0.3566741112946266,0,0,0,101325,100
164480000000,0,0,9.81,0,0,0.35623816758102433,0,0,0,101325,100
164500000000,0,0,9.81,0,0,0.35620721952387796,0,0,0,101325,100
164520000000,0,0,9.81,0,0,0.357306721508817,0,0,0,101325,100
164540000000,0,0,9.81,0,0,0.3548581097870498,0,0,0,101325,100
164560000000,0,0,9.81,0,0,0.3559375212079571,0,0,0,101325,100
164580000000,0,0,9.81,0,0,0.35450160768757927,0,0,0,101325,100
164600000000,0,0,9.81,0,0,0.3563225363166102,0,0,0,101325,100
164620000000,0,0,9.81,0,0,0.3563795885696432,0,0,0,101325,100
164640000000,0,0,9.81,0,0,0.3553710651379138,0,0,0,101325,100
164660000000,0,0,9.81,0,0,0.35517819355832575,0,0,0,101325,100
164680000000,0,0,9.81,0,0,0.35551534302437826,0,0,0,101325,100
164700000000,0,0,9.81,0,0,0.354824992045396,0,0,0,101325,100
164720000000,0,0,9.81,0,0,0.356659293403084,0,0,0,101325,100
164740000000,0,0,9.81,0,0,0.3556609778692205,0,0,0,101325,100
164760000000,0,0,9.81,0,0,0.35620025883030915,0,0,0,101325,100
164780000000,0,0,9.81,0,0,0.3574289101160281,0,0,0,101325,100
164800000000,0,0,9.81,0,0,0.3558119070794868,0,0,0,101325,100
164820000000,0,0,9.81,0,0,0.3551055332598066,0,0,0,101325,100
164840000000,0,0,9.81,0,0,0.35523306895526185,0,0,0,101325,100
164860000000,0,0,9.81,0,0,0.35716521114220096,0,0,0,101325,100
164880000000,0,0,9.81,0,0,0.35442034480427087,0,0,0,101325,100
164900000000,0,0,9.81,0,0,0.35526498344736623,0,0,0,101325,100
164920000000,0,0,9.81,0,0,0.3566657970652335,0,0,0,101325,100
164940000000,0,0,9.81,0,0,0.35483122920813964,0,0,0,101325,100
164960000000,0,0,9.81,0,0,0.3555339177356517,0,0,0,101325,100
164980000000,0,0,9.81,0,0,0.3568218925052594,0,0,0,101325,100
165000000000,0,0,9.81,0,0,0.35540541467342013,0,0,0,101325,100
165020000000,0,0,9.81,0,0,0.3567954413898864,0,0,0,101325,100
165040000000,0,0,9.81,0,0,0.356379165606895,0,0,0,101325,100
165060000000,0,0,9.81,0,0,0.3561739669493597,0,0,0,101325,100
165080000000,0,0,9.81,0,0,0.3556269431702471,0,0,0,101325,100
165100000000,0,0,9.81,0,0,0.35617540833033157,0,0,0,101325,100
165120000000,0,0,9.81,0,0,0.35751617046336376,0,0,0,101325,100
165140000000,0,0,9.81,0,0,0.355862634685678,0,0,0,101325,100
165160000000,0,0,9.81,0,0,0.3556465217144861,0,0,0,101325,100
165180000000,0,0,9.81,0,0,0.3561461515919361,0,0,0,101325,100
165200000000,0,0,9.81,0,0,0.3553187774872196,0,0,0,101325,100
165220000000,0,0,9.81,0,0,0.35830864234023124,0,0,0,101325,100
165240000000,0,0,9.81,0,0,0.35725230438627564,0,0,0,101325,100
165260000000,0,0,9.81,0,0,0.35459931558977936,0,0,0,101325,100
165280000000,0,0,9.81,0,0,0.3568071550009122,0,0,0,101325,100
165300000000,0,0,9.81,0,0,0.35466738002367865,0,0,0,101325,100
165320000000,0,0,9.81,0,0,0.3573904707025355,0,0,0,101325,100
165340000000,0,0,9.81,0,0,0.35671004090096275,0,0,0,101325,100
165360000000,0,0,9.81,0,0,0.3566094374450881,0,0,0,101325,100
165380000000,0,0,9.81,0,0,0.3559223697605707,0,0,0,101325,100
165400000000,0,0,9.81,0,0,0.3561390450657593,0,0,0,101325,100
165420000000,0,0,9.81,0,0,0.3560952104432812,0,0,0,101325,100
165440000000,0,0,9.81,0,0,0.35508683148937303,0,0,0,101325,100
165460000000,0,0,9.81,0,0,0.35560965171768044,0,0,0,101325,100
165480000000,0,0,9.81,0,0,0.35583863150398154,0,0,0,101325,100
165500000000,0,0,9.81,0,0,0.3534327037211501,0,0,0,101325,100
165520000000,0,0,9.81,0,0,0.3545531550441039,0,0,0,101325,100
165540000000,0,0,9.81,0,0,0.355193366086822,0,0,0,101325,100
165560000000,0,0,9.81,0,0,0.3563183017122394,0,0,0,101325,100
165580000000,0,0,9.81,0,0,0.3549208992494622,0,0,0,101325,100
165600000000,0,0,9.81,0,0,0.35512580186307874,0,0,0,101325,100
165620000000,0,0,9.81,0,0,0.35514391824773606,0,0,0,101325,100
165640000000,0,0,9.81,0,0,0.3562206992833292,0,0,0,101325,100
165660000000,0,0,9.81,0,0,0.35613663295442005,0,0,0,101325,100
165680000000,0,0,9.81,0,0,0.3553990579334098,0,0,0,101325,100
165700000000,0,0,9.81,0,0,0.35726079030120317,0,0,0,101325,100
165720000000,0,0,9.81,0,0,0.35484979813795214,0,0,0,101325,100
165740000000,0,0,9.81,0,0,0.356006773521631,0,0,0,101325,100
165760000000,0,0,9.81,0,0,0.3547371100933222,0,0,0,101325,100
165780000000,0,0,9.81,0,0,0.3556743365058769,0,0,0,101325,100
165800000000,0,0,9.81,0,0,0.3558603415985094,0,0,0,101325,100
165820000000,0,0,9.81,0,0,0.35606665611139704,0,0,0,101325,100
165840000000,0,0,9.81,0,0,0.3553877121832176,0,0,0,101325,100
165860000000,0,0,9.81,0,0,0.35710858484047797,0,0,0,101325,100
165880000000,0,0,9.81,0,0,0.35570106859000095,0,0,0,101325,100
165900000000,0,0,9.81,0,0,0.3559930032412408,0,0,0,101325,100
165920000000,0,0,9.81,0,0,0.3531412143697782,0,0,0,101325,100
165940000000,0,0,9.81,0,0,0.35568083365688874,0,0,0,101325,100
165960000000,0,0,9.81,0,0,0.3576246545207294,0,0,0,101325,100
165980000000,0,0,9.81,0,0,0.3584798624799496,0,0,0,101325,100
166000000000,0,0,9.81,0,0,0.3547256392311674,0,0,0,101325,100
166020000000,0,0,9.81,0,0,0.3548361526141787,0,0,0,101325,100
166040000000,0,0,9.81,0,0,0.35599504448932245,0,0,0,101325,100
166060000000,0,0,9.81,0,0,0.3557529099837004,0,0,0,101325,100
166080000000,0,0,9.81,0,0,0.3541331147675782,0,0,0,101325,100
166100000000,0,0,9.81,0,0,0.3554747993435729,0,0,0,101325,100
166120000000,0,0,9.81,0,0,0.3559171678551827,0,0,0,101325,100
166140000000,0,0,9.81,0,0,0.3537939950920686,0,0,0,101325,100
166160000000,0,0,9.81,0,0,0.3560603122733542,0,0,0,101325,100
166180000000,0,0,9.81,0,0,0.35544252564197704,0,0,0,101325,100
166200000000,0,0,9.81,0,0,0.35600402177912294,0,0,0,101325,100
166220000000,0,0,9.81,0,0,0.3567375590996171,0,0,0,101325,100
166240000000,0,0,9.81,0,0,0.35729101019877024,0,0,0,101325,100
166260000000,0,0,9.81,0,0,0.35488676428798954,0,0,0,101325,100
166280000000,0,0,9.81,0,0,0.3567548962799802,0,0,0,101325,100
166300000000,0,0,9.81,0,0,0.35572918783100066,0,0,0,101325,100
166320000000,0,0,9.81,0,0,0.35574082196306817,0,0,0,101325,100
166340000000,0,0,9.81,0,0,0.3560530156469744,0,0,0,101325,100
166360000000,0,0,9.81,0,0,0.3567013654212923,0,0,0,101325,100
166380000000,0,0,9.81,0,0,0.3568346440049419,0,0,0,101325,100
166400000000,0,0,9.81,0,0,0.3551641694311398,0,0,0,101325,100
166420000000,0,0,9.81,0,0,0.3559557157347244,0,0,0,101325,100
166440000000,0,0,9.81,0,0,0.3571431790508938,0,0,0,101325,100
166460000000,0,0,9.81,0,0,0.3545990054145646,0,0,0,101325,100
166480000000,0,0,9.81,0,0,0.3559222498652741,0,0,0,101325,100
166500000000,0,0,9.81,0,0,0.35704287457222594,0,0,0,101325,100
166520000000,0,0,9.81,0,0,0.3549549091672367,0,0,0,101325,100
166540000000,0,0,9.81,0,0,0.3555541992962443,0,0,0,101325,100
166560000000,0,0,9.81,0,0,0.35773117464610804,0,0,0,101325,100
166580000000,0,0,9.81,0,0,0.35484732331066826,0,0,0,101325,100
166600000000,0,0,9.81,0,0,0.35637301394419246,0,0,0,101325,100
166620000000,0,0,9.81,0,0,0.3563356655437926,0,0,0,101325,100
166640000000,0,0,9.81,0,0,0.35648897661019785,0,0,0,101325,100
166660000000,0,0,9.81,0,0,0.35449675918983886,0,0,0,101325,100
166680000000,0,0,9.81,0,0,0.3562158347985999,0,0,0,101325,100
166700000000,0,0,9.81,0,0,0.35476005962562845,0,0,0,101325,100
166720000000,0,0,9.81,0,0,0.3565568893740528,0,0,0,101325,100
166740000000,0,0,9.81,0,0,0.35449818181401965,0,0,0,101325,100
166760000000,0,0,9.81,0,0,0.35788140682407577,0,0,0,101325,100
166780000000,0,0,9.81,0,0,0.35415301502625046,0,0,0,101325,100
166800000000,0,0,9.81,0,0,0.3556295591118466,0,0,0,101325,100
166820000000,0,0,9.81,0,0,0.3541749994487243,0,0,0,101325,100
166840000000,0,0,9.81,0,0,0.35566666215605985,0,0,0,101325,100
166860000000,0,0,9.81,0,0,0.3567814374919911,0,0,0,101325,100
166880000000,0,0,9.81,0,0,0.35482961377058947,0,0,0,101325,100
166900000000,0,0,9.81,0,0,0.355001706893553,0,0,0,101325,100
166920000000,0,0,9.81,0,0,0.35681290225489165,0,0,0,101325,100
166940000000,0,0,9.81,0,0,0.3548162460427261,0,0,0,101325,100
166960000000,0,0,9.81,0,0,0.3558577204582718,0,0,0,101325,100
166980000000,0,0,9.81,0,0,0.35525714886830906,0,0,0,101325,100
167000000000,0,0,9.81,0,0,0.3550668779107242,0,0,0,101325,100
167020000000,0,0,9.81,0,0,0.3563612234728616,0,0,0,101325,100
167040000000,0,0,9.81,0,0,0.35604897185664,0,0,0,101325,100
167060000000,0,0,9.81,0,0,0.35614124033577743,0,0,0,101325,100
167080000000,0,0,9.81,0,0,0.3552397109204073,0,0,0,101325,100
167100000000,0,0,9.81,0,0,0.35531917345084496,0,0,0,101325,100
167120000000,0,0,9.81,0,0,0.355792621089196,0,0,0,101325,100
167140000000,0,0,9.81,0,0,0.35754615224620306,0,0,0,101325,100
167160000000,0,0,9.81,0,0,0.35425527772834964,0,0,0,101325,100
167180000000,0,0,9.81,0,0,0.3561393295970013,0,0,0,101325,100
167200000000,0,0,9.81,0,0,0.35673655834192497,0,0,0,101325,100
167220000000,0,0,9.81,0,0,0.35657124194782436,0,0,0,101325,100
167240000000,0,0,9.81,0,0,0.3562653875803928,0,0,0,101325,100
167260000000,0,0,9.81,0,0,0.35483554485375207,0,0,0,101325,100
167280000000,0,0,9.81,0,0,0.35628659426856923,0,0,0,101325,100
167300000000,0,0,9.81,0,0,0.35563406280089105,0,0,0,101325,100
167320000000,0,0,9.81,0,0,0.35573416366734417,0,0,0,101325,100
167340000000,0,0,9.81,0,0,0.35502052139063517,0,0,0,101325,100
167360000000,0,0,9.81,0,0,0.3570784012758689,0,0,0,101325,100
167380000000,0,0,9.81,0,0,0.35694126016705047,0,0,0,101325,100
167400000000,0,0,9.81,0,0,0.35468949438144487,0,0,0,101325,100
167420000000,0,0,9.81,0,0,0.35522544551506446,0,0,0,101325,100
167440000000,0,0,9.81,0,0,0.35674473165693354,0,0,0,101325,100
167460000000,0,0,9.81,0,0,0.3550901016198849,0,0,0,101325,100
167480000000,0,0,9.81,0,0,0.35665631318887653,0,0,0,101325,100
167500000000,0,0,9.81,0,0,0.3560874634354576,0,0,0,101325,100
167520000000,0,0,9.81,0,0,0.3561795974170545,0,0,0,101325,100
167540000000,0,0,9.81,0,0,0.354350161694156,0,0,0,101325,100
167560000000,0,0,9.81,0,0,0.3560235911446481,0,0,0,101325,100
167580000000,0,0,9.81,0,0,0.3560199093148256,0,0,0,101325,100
167600000000,0,0,9.81,0,0,0.35568254309877273,0,0,0,101325,100
167620000000,0,0,9.81,0,0,0.35673447950025283,0,0,0,101325,100
167640000000,0,0,9.81,0,0,0.35667958490590385,0,0,0,101325,100
167660000000,0,0,9.81,0,0,0.35671642761524885,0,0,0,101325,100
167680000000,0,0,9.81,0,0,0.3560427056511194,0,0,0,101325,100
167700000000,0,0,9.81,0,0,0.3556781193938161,0,0,0,101325,100
167720000000,0,0,9.81,0,0,0.35511220573734015,0,0,0,101325,100
167740000000,0,0,9.81,0,0,0.3563320482266054,0,0,0,101325,100
167760000000,0,0,9.81,0,0,0.35571115438684314,0,0,0,101325,100
167780000000,0,0,9.81,0,0,0.3562310856395783,0,0,0,101325,100
167800000000,0,0,9.81,0,0,0.35626159689866765,0,0,0,101325,100
167820000000,0,0,9.81,0,0,0.3562292323858435,0,0,0,101325,100
167840000000,0,0,9.81,0,0,0.3565660234748372,0,0,0,101325,100
167860000000,0,0,9.81,0,0,0.35509842431587985,0,0,0,101325,100
167880000000,0,0,9.81,0,0,0.35433071092192947,0,0,0,101325,100
167900000000,0,0,9.81,0,0,0.35458317263004335,0,0,0,101325,100
167920000000,0,0,9.81,0,0,0.3557309583985262,0,0,0,101325,100
167940000000,0,0,9.81,0,0,0.3559111182477183,0,0,0,101325,100
167960000000,0,0,9.81,0,0,0.3555668865651096,0,0,0,101325,100
167980000000,0,0,9.81,0,0,0.35662998751452707,0,0,0,101325,100
168000000000,0,0,9.81,0,0,0.3548865315029864,0,0,0,101325,100
168020000000,0,0,9.81,0,0,0.3553554044294425,0,0,0,101325,100
168040000000,0,0,9.81,0,0,0.3546306309765827,0,0,0,101325,100
168060000000,0,0,9.81,0,0,0.35508373673245386,0,0,0,101325,100
168080000000,0,0,9.81,0,0,0.3555701038765885,0,0,0,101325,100
168100000000,0,0,9.81,0,0,0.3553709300986415,0,0,0,101325,100
168120000000,0,0,9.81,0,0,0.3548544165126628,0,0,0,101325,100
168140000000,0,0,9.81,0,0,0.35568812193901744,0,0,0,101325,100
168160000000,0,0,9.81,0,0,0.3569390604886061,0,0,0,101325,100
168180000000,0,0,9.81,0,0,0.3547433434137913,0,0,0,101325,100
168200000000,0,0,9.81,0,0,0.3558396356565824,0,0,0,101325,100
168220000000,0,0,9.81,0,0,0.35571051340207244,0,0,0,101325,100
168240000000,0,0,9.81,0,0,0.35624004320945213,0,0,0,101325,100
168260000000,0,0,9.81,0,0,0.35407456028349,0,0,0,101325,100
168280000000,0,0,9.81,0,0,0.3582786068642955,0,0,0,101325,100
168300000000,0,0,9.81,0,0,0.35345210349369116,0,0,0,101325,100
168320000000,0,0,9.81,0,0,0.3557711705545956,0,0,0,101325,100
168340000000,0,0,9.81,0,0,0.3562429577619888,0,0,0,101325,100
168360000000,0,0,9.81,0,0,0.3546701775509016,0,0,0,101325,100
168380000000,0,0,9.81,0,0,0.3548543312102858,0,0,0,101325,100
168400000000,0,0,9.81,0,0,0.35657566881051067,0,0,0,101325,100
168420000000,0,0,9.81,0,0,0.3554931666110542,0,0,0,101325,100
168440000000,0,0,9.81,0,0,0.3553097276373842,0,0,0,101325,100
168460000000,0,0,9.81,0,0,0.355508740407985,0,0,0,101325,100
168480000000,0,0,9.81,0,0,0.35680894641666033,0,0,0,101325,100
168500000000,0,0,9.81,0,0,0.35720709734250505,0,0,0,101325,100
168520000000,0,0,9.81,0,0,0.3565367769875905,0,0,0,101325,100
168540000000,0,0,9.81,0,0,0.35628537368167973,0,0,0,101325,100
168560000000,0,0,9.81,0,0,0.3560064023662184,0,0,0,101325,100
168580000000,0,0,9.81,0,0,0.35560111668247757,0,0,0,101325,100
168600000000,0,0,9.81,0,0,0.35495899076050247,0,0,0,101325,100
168620000000,0,0,9.81,0,0,0.3564406147822205,0,0,0,101325,100
168640000000,0,0,9.81,0,0,0.3548640847573881,0,0,0,101325,100
168660000000,0,0,9.81,0,0,0.3572645524556592,0,0,0,101325,100
168680000000,0,0,9.81,0,0,0.35479265569369794,0,0,0,101325,100
168700000000,0,0,9.81,0,0,0.3551421411655496,0,0,0,101325,100
168720000000,0,0,9.81,0,0,0.3558666265671726,0,0,0,101325,100
168740000000,0,0,9.81,0,0,0.356038100344302,0,0,0,101325,100
168760000000,0,0,9.81,0,0,0.3545664959933058,0,0,0,101325,100
168780000000,0,0,9.81,0,0,0.35575250811734044,0,0,0,101325,100
168800000000,0,0,9.81,0,0,0.3558600986785081,0,0,0,101325,100
168820000000,0,0,9.81,0,0,0.3569495934425868,0,0,0,101325,100
168840000000,0,0,9.81,0,0,0.355402984256269,0,0,0,101325,100
168860000000,0,0,9.81,0,0,0.3550096858121835,0,0,0,101325,100
168880000000,0,0,9.81,0,0,0.3566863469077526,0,0,0,101325,100
168900000000,0,0,9.81,0,0,0.3544453010832529,0,0,0,101325,100
168920000000,0,0,9.81,0,0,0.35662311748435455,0,0,0,101325,100
168940000000,0,0,9.81,0,0,0.35581367516819706,0,0,0,101325,100
168960000000,0,0,9.81,0,0,0.3564936813250404,0,0,0,101325,100
168980000000,0,0,9.81,0,0,0.3569638066837476,0,0,0,101325,100
169000000000,0,0,9.81,0,0,0.35651548411317485,0,0,0,101325,100
169020000000,0,0,9.81,0,0,0.35666866582454065,0,0,0,101325,100
169040000000,0,0,9.81,0,0,0.3569192151661699,0,0,0,101325,100
169060000000,0,0,9.81,0,0,0.35642012423721986,0,0,0,101325,100
169080000000,0,0,9.81,0,0,0.3567341535248421,0,0,0,101325,100
169100000000,0,0,9.81,0,0,0.3553519834846343,0,0,0,101325,100
169120000000,0,0,9.81,0,0,0.35668081418590947,0,0,0,101325,100
169140000000,0,0,9.81,0,0,0.3561890352352025,0,0,0,101325,100
169160000000,0,0,9.81,0,0,0.3555195058172862,0,0,0,101325,100
169180000000,0,0,9.81,0,0,0.35751329274328214,0,0,0,101325,100
169200000000,0,0,9.81,0,0,0.3545330875286592,0,0,0,101325,100
169220000000,0,0,9.81,0,0,0.3553506210812391,0,0,0,101325,100
169240000000,0,0,9.81,0,0,0.3556822989466858,0,0,0,101325,100
169260000000,0,0,9.81,0,0,0.3548052453139458,0,0,0,101325,100
169280000000,0,0,9.81,0,0,0.3560586282645687,0,0,0,101325,100
169300000000,0,0,9.81,0,0,0.35730303128532476,0,0,0,101325,100
169320000000,0,0,9.81,0,0,0.35687854278146847,0,0,0,101325,100
169340000000,0,0,9.81,0,0,0.3580270654655418,0,0,0,101325,100
169360000000,0,0,9.81,0,0,0.35435816444499985,0,0,0,101325,100
169380000000,0,0,9.81,0,0,0.3559428482271278,0,0,0,101325,100
169400000000,0,0,9.81,0,0,0.3549019259988842,0,0,0,101325,100
169420000000,0,0,9.81,0,0,0.35598120216508455,0,0,0,101325,100
169440000000,0,0,9.81,0,0,0.3555642589922664,0,0,0,101325,100
169460000000,0,0,9.81,0,0,0.35644568092212225,0,0,0,101325,100
169480000000,0,0,9.81,0,0,0.35668398511957883,0,0,0,101325,100
169500000000,0,0,9.81,0,0,0.3564587999930445,0,0,0,101325,100
169520000000,0,0,9.81,0,0,0.35514139353509755,0,0,0,101325,100
169540000000,0,0,9.81,0,0,0.35576642071732917,0,0,0,101325,100
169560000000,0,0,9.81,0,0,0.3573264413795605,0,0,0,101325,100
169580000000,0,0,9.81,0,0,0.35622597161913355,0,0,0,101325,100
169600000000,0,0,9.81,0,0,0.3554276957133064,0,0,0,101325,100
169620000000,0,0,9.81,0,0,0.35528925902787545,0,0,0,101325,100
169640000000,0,0,9.81,0,0,0.3540474627178263,0,0,0,101325,100
169660000000,0,0,9.81,0,0,0.3570181622061046,0,0,0,101325,100
169680000000,0,0,9.81,0,0,0.3559332586996353,0,0,0,101325,100
169700000000,0,0,9.81,0,0,0.3564381979433546,0,0,0,101325,100
169720000000,0,0,9.81,0,0,0.3550637930481184,0,0,0,101325,100
169740000000,0,0,9.81,0,0,0.3552598128149623,0,0,0,101325,100
169760000000,0,0,9.81,0,0,0.35679397143350305,0,0,0,101325,100
169780000000,0,0,9.81,0,0,0.35548291931386805,0,0,0,101325,100
169800000000,0,0,9.81,0,0,0.35544129730338037,0,0,0,101325,100
169820000000,0,0,9.81,0,0,0.3560236730869825,0,0,0,101325,100
169840000000,0,0,9.81,0,0,0.3544544644246581,0,0,0,101325,100
169860000000,0,0,9.81,0,0,0.35577669489046193,0,0,0,101325,100
169880000000,0,0,9.81,0,0,0.3568411549813074,0,0,0,101325,100
169900000000,0,0,9.81,0,0,0.35410538387106705,0,0,0,101325,100
169920000000,0,0,9.81,0,0,0.354635463234943,0,0,0,101325,100
169940000000,0,0,9.81,0,0,0.35599811323742264,0,0,0,101325,100
169960000000,0,0,9.81,0,0,0.3558709207413876,0,0,0,101325,100
169980000000,0,0,9.81,0,0,0.35587642288922544,0,0,0,101325,100
170000000000,0,0,9.81,0,0,0.3545482123900982,0,0,0,101325,100
170020000000,0,0,9.81,0,0,0.3568563319524464,0,0,0,101325,100
170040000000,0,0,9.81,0,0,0.35678852958903606,0,0,0,101325,100
170060000000,0,0,9.81,0,0,0.353931096178406,0,0,0,101325,100
170080000000,0,0,9.81,0,0,0.3557034799505364,0,0,0,101325,100
170100000000,0,0,9.81,0,0,0.3565699964421474,0,0,0,101325,100
170120000000,0,0,9.81,0,0,0.35734306534569316,0,0,0,101325,100
170140000000,0,0,9.81,0,0,0.3558300564730177,0,0,0,101325,100
170160000000,0,0,9.81,0,0,0.35780723470981235,0,0,0,101325,100
170180000000,0,0,9.81,0,0,0.3552845643272392,0,0,0,101325,100
170200000000,0,0,9.81,0,0,0.35708812426184083,0,0,0,101325,100
170220000000,0,0,9.81,0,0,0.3549431953657897,0,0,0,101325,100
170240000000,0,0,9.81,0,0,0.3557869155006106,0,0,0,101325,100
170260000000,0,0,9.81,0,0,0.35494054137518255,0,0,0,101325,100
170280000000,0,0,9.81,0,0,0.3576903334643482,0,0,0,101325,100
170300000000,0,0,9.81,0,0,0.3551660829795302,0,0,0,101325,100
170320000000,0,0,9.81,0,0,0.3564529281423664,0,0,0,101325,100
170340000000,0,0,9.81,0,0,0.35476129911095194,0,0,0,101325,100
170360000000,0,0,9.81,0,0,0.35454129458677813,0,0,0,101325,100
170380000000,0,0,9.81,0,0,0.3556045447456651,0,0,0,101325,100
170400000000,0,0,9.81,0,0,0.3560160180446183,0,0,0,101325,100
170420000000,0,0,9.81,0,0,0.3560836106523312,0,0,0,101325,100
170440000000,0,0,9.81,0,0,0.3548611679657597,0,0,0,101325,100
170460000000,0,0,9.81,0,0,0.3555742548469345,0,0,0,101325,100
170480000000,0,0,9.81,0,0,0.3570180370719211,0,0,0,101325,100
170500000000,0,0,9.81,0,0,0.3563813951827892,0,0,0,101325,100
170520000000,0,0,9.81,0,0,0.35663622537085604,0,0,0,101325,100
170540000000,0,0,9.81,0,0,0.3555453993344301,0,0,0,101325,100
170560000000,0,0,9.81,0,0,0.35590419694061864,0,0,0,101325,100
170580000000,0,0,9.81,0,0,0.35473539705564144,0,0,0,101325,100
170600000000,0,0,9.81,0,0,0.35681670353984407,0,0,0,101325,100
170620000000,0,0,9.81,0,0,0.3549364640838687,0,0,0,101325,100
170640000000,0,0,9.81,0,0,0.35611961102770345,0,0,0,101325,100
170660000000,0,0,9.81,0,0,0.3570407485611745,0,0,0,101325,100
170680000000,0,0,9.81,0,0,0.3556674215522777,0,0,0,101325,100
170700000000,0,0,9.81,0,0,0.3559698786219896,0,0,0,101325,100
170720000000,0,0,9.81,0,0,0.35544135558000756,0,0,0,101325,100
170740000000,0,0,9.81,0,0,0.3557047600471506,0,0,0,101325,100
170760000000,0,0,9.81,0,0,0.3560986356535509,0,0,0,101325,100
170780000000,0,0,9.81,0,0,0.35416256681301966,0,0,0,101325,100
170800000000,0,0,9.81,0,0,0.3564989638254232,0,0,0,101325,100
170820000000,0,0,9.81,0,0,0.35548456125554917,0,0,0,101325,100
170840000000,0,0,9.81,0,0,0.3566329898250615,0,0,0,101325,100
170860000000,0,0,9.81,0,0,0.354875783821792,0,0,0,101325,100
170880000000,0,0,9.81,0,0,0.3566244689603268,0,0,0,101325,100
170900000000,0,0,9.81,0,0,0.3563720719974916,0,0,0,101325,100
170920000000,0,0,9.81,0,0,0.35677088568830884,0,0,0,101325,100
170940000000,0,0,9.81,0,0,0.35606197128501327,0,0,0,101325,100
170960000000,0,0,9.81,0,0,0.3552394269851065,0,0,0,101325,100
170980000000,0,0,9.81,0,0,0.3546979870350623,0,0,0,101325,100
171000000000,0,0,9.81,0,0,0.35754112687775386,0,0,0,101325,100
171020000000,0,0,9.81,0,0,0.35769647960686873,0,0,0,101325,100
171040000000,0,0,9.81,0,0,0.354391551963543,0,0,0,101325,100
171060000000,0,0,9.81,0,0,0.3558125423292123,0,0,0,101325,100
171080000000,0,0,9.81,0,0,0.35627245551115866,0,0,0,101325,100
171100000000,0,0,9.81,0,0,0.35612957663056993,0,0,0,101325,100
171120000000,0,0,9.81,0,0,0.3552746563943841,0,0,0,101325,100
171140000000,0,0,9.81,0,0,0.3549930969493912,0,0,0,101325,100
171160000000,0,0,9.81,0,0,0.3553428480065391,0,0,0,101325,100
171180000000,0,0,9.81,0,0,0.35514648931557896,0,0,0,101325,100
171200000000,0,0,9.81,0,0,0.35531450331379344,0,0,0,101325,100
171220000000,0,0,9.81,0,0,0.3567385941705247,0,0,0,101325,100
171240000000,0,0,9.81,0,0,0.3543523804001888,0,0,0,101325,100
171260000000,0,0,9.81,0,0,0.3562237558806322,0,0,0,101325,100
171280000000,0,0,9.81,0,0,0.3550347357431718,0,0,0,101325,100
171300000000,0,0,9.81,0,0,0.35481890776602326,0,0,0,101325,100
171320000000,0,0,9.81,0,0,0.35588881952334483,0,0,0,101325,100
171340000000,0,0,9.81,0,0,0.3554007638910498,0,0,0,101325,100
171360000000,0,0,9.81,0,0,0.3568333744480137,0,0,0,101325,100
171380000000,0,0,9.81,0,0,0.3544156749187601,0,0,0,101325,100
171400000000,0,0,9.81,0,0,0.35600299870107127,0,0,0,101325,100
171420000000,0,0,9.81,0,0,0.3554170687896205,0,0,0,101325,100
171440000000,0,0,9.81,0,0,0.3570210351605025,0,0,0,101325,100
171460000000,0,0,9.81,0,0,0.3569814333311161,0,0,0,101325,100
171480000000,0,0,9.81,0,0,0.3560758650009552,0,0,0,101325,100
171500000000,0,0,9.81,0,0,0.3565715781925542,0,0,0,101325,100
171520000000,0,0,9.81,0,0,0.35615814860267186,0,0,0,101325,100
171540000000,0,0,9.81,0,0,0.35590134339437907,0,0,0,101325,100
171560000000,0,0,9.81,0,0,0.3564189677071795,0,0,0,101325,100
171580000000,0,0,9.81,0,0,0.3554345302012797,0,0,0,101325,100
171600000000,0,0,9.81,0,0,0.35520654274375113,0,0,0,101325,100
171620000000,0,0,9.81,0,0,0.3542794613740138,0,0,0,101325,100
171640000000,0,0,9.81,0,0,0.3555230043999333,0,0,0,101325,100
171660000000,0,0,9.81,0,0,0.3563484985862885,0,0,0,101325,100
171680000000,0,0,9.81,0,0,0.3549573833310192,0,0,0,101325,100
171700000000,0,0,9.81,0,0,0.3545303810009457,0,0,0,101325,100
171720000000,0,0,9.81,0,0,0.356014431198595,0,0,0,101325,100
171740000000,0,0,9.81,0,0,0.356246269164746,0,0,0,101325,100
171760000000,0,0,9.81,0,0,0.356715088436248,0,0,0,101325,100
171780000000,0,0,9.81,0,0,0.3560051339247864,0,0,0,101325,100
171800000000,0,0,9.81,0,0,0.3560911174353683,0,0,0,101325,100
171820000000,0,0,9.81,0,0,0.3557484702959815,0,0,0,101325,100
171840000000,0,0,9.81,0,0,0.35559263143358444,0,0,0,101325,100
171860000000,0,0,9.81,0,0,0.3563593261974195,0,0,0,101325,100
171880000000,0,0,9.81,0,0,0.35545737511736236,0,0,0,101325,100
171900000000,0,0,9.81,0,0,0.3555721765463716,0,0,0,101325,100
171920000000,0,0,9.81,0,0,0.3551690410903613,0,0,0,101325,100
171940000000,0,0,9.81,0,0,0.3575243422004287,0,0,0,101325,100
171960000000,0,0,9.81,0,0,0.355452907289117,0,0,0,101325,100
171980000000,0,0,9.81,0,0,0.35604816774775955,0,0,0,101325,100
172000000000,0,0,9.81,0,0,0.3553375703674406,0,0,0,101325,100
172020000000,0,0,9.81,0,0,0.35615051659801056,0,0,0,101325,100
172040000000,0,0,9.81,0,0,0.355865411318208,0,0,0,101325,100
172060000000,0,0,9.81,0,0,0.35636930106638376,0,0,0,101325,100
172080000000,0,0,9.81,0,0,0.3551112840896579,0,0,0,101325,100
172100000000,0,0,9.81,0,0,0.35644046659135503,0,0,0,101325,100
172120000000,0,0,9.81,0,0,0.3564471311967209,0,0,0,101325,100
172140000000,0,0,9.81,0,0,0.3546508909195313,0,0,0,101325,100
172160000000,0,0,9.81,0,0,0.3569275116138909,0,0,0,101325,100
172180000000,0,0,9.81,0,0,0.35573603821355587,0,0,0,101325,100
172200000000,0,0,9.81,0,0,0.356112480308383,0,0,0,101325,100
172220000000,0,0,9.81,0,0,0.3556777789822069,0,0,0,101325,100
172240000000,0,0,9.81,0,0,0.3553292021352988,0,0,0,101325,100
172260000000,0,0,9.81,0,0,0.355982026843199,0,0,0,101325,100
172280000000,0,0,9.81,0,0,0.3560468394548777,0,0,0,101325,100
172300000000,0,0,9.81,0,0,0.3575287735145008,0,0,0,101325,100
172320000000,0,0,9.81,0,0,0.3580384991102507,0,0,0,101325,100
172340000000,0,0,9.81,0,0,0.35465494699845906,0,0,0,101325,100
172360000000,0,0,9.81,0,0,0.3564503740929019,0,0,0,101325,100
172380000000,0,0,9.81,0,0,0.35644832341300364,0,0,0,101325,100
172400000000,0,0,9.81,0,0,0.3558509664214766,0,0,0,101325,100
172420000000,0,0,9.81,0,0,0.35592981546115066,0,0,0,101325,100
172440000000,0,0,9.81,0,0,0.35690262692102587,0,0,0,101325,100
172460000000,0,0,9.81,0,0,0.3565840101943361,0,0,0,101325,100
172480000000,0,0,9.81,0,0,0.35602616236049817,0,0,0,101325,100
172500000000,0,0,9.81,0,0,0.3550893849883361,0,0,0,101325,100
172520000000,0,0,9.81,0,0,0.3567685492994229,0,0,0,101325,100
172540000000,0,0,9.81,0,0,0.3559416164079594,0,0,0,101325,100
172560000000,0,0,9.81,0,0,0.35452425570763596,0,0,0,101325,100
172580000000,0,0,9.81,0,0,0.3565402298914148,0,0,0,101325,100
172600000000,0,0,9.81,0,0,0.3549705210920636,0,0,0,101325,100
172620000000,0,0,9.81,0,0,0.35610745318829456,0,0,0,101325,100
172640000000,0,0,9.81,0,0,0.35585251233056653,0,0,0,101325,100
172660000000,0,0,9.81,0,0,0.3561994509351174,0,0,0,101325,100
172680000000,0,0,9.81,0,0,0.35553391165186793,0,0,0,101325,100
172700000000,0,0,9.81,0,0,0.35667697670499926,0,0,0,101325,100
172720000000,0,0,9.81,0,0,0.3547870881950614,0,0,0,101325,100
172740000000,0,0,9.81,0,0,0.35673385578051536,0,0,0,101325,100
172760000000,0,0,9.81,0,0,0.35610280806668765,0,0,0,101325,100
172780000000,0,0,9.81,0,0,0.35627510941348534,0,0,0,101325,100
172800000000,0,0,9.81,0,0,0.35628587401164397,0,0,0,101325,100
172820000000,0,0,9.81,0,0,0.3550454232421632,0,0,0,101325,100
172840000000,0,0,9.81,0,0,0.3571648649059723,0,0,0,101325,100
172860000000,0,0,9.81,0,0,0.3558475836400013,0,0,0,101325,100
172880000000,0,0,9.81,0,0,0.3548701323936799,0,0,0,101325,100
172900000000,0,0,9.81,0,0,0.35588068998923933,0,0,0,101325,100
172920000000,0,0,9.81,0,0,0.35526025036937336,0,0,0,101325,100
172940000000,0,0,9.81,0,0,0.35528323723493593,0,0,0,101325,100
172960000000,0,0,9.81,0,0,0.3552026693707627,0,0,0,101325,100
172980000000,0,0,9.81,0,0,0.3557830310776218,0,0,0,101325,100
173000000000,0,0,9.81,0,0,0.35728018402356915,0,0,0,101325,100
173020000000,0,0,9.81,0,0,0.3550809252881161,0,0,0,101325,100
173040000000,0,0,9.81,0,0,0.35683997901711,0,0,0,101325,100
173060000000,0,0,9.81,0,0,0.35598915259789987,0,0,0,101325,100
173080000000,0,0,9.81,0,0,0.3564515398792879,0,0,0,101325,100
173100000000,0,0,9.81,0,0,0.3570611421063339,0,0,0,101325,100
173120000000,0,0,9.81,0,0,0.35445550050978875,0,0,0,101325,100
173140000000,0,0,9.81,0,0,0.35684742703318334,0,0,0,101325,100
173160000000,0,0,9.81,0,0,0.3555548154388297,0,0,0,101325,100
173180000000,0,0,9.81,0,0,0.3557496048289692,0,0,0,101325,100
173200000000,0,0,9.81,0,0,0.3562374326888138,0,0,0,101325,100
173220000000,0,0,9.81,0,0,0.3544803976671505,0,0,0,101325,100
173240000000,0,0,9.81,0,0,0.35707085845899816,0,0,0,101325,100
173260000000,0,0,9.81,0,0,0.35545187389188215,0,0,0,101325,100
173280000000,0,0,9.81,0,0,0.35677812909101375,0,0,0,101325,100
173300000000,0,0,9.81,0,0,0.3565421447791146,0,0,0,101325,100
173320000000,0,0,9.81,0,0,0.3555209754858795,0,0,0,101325,100
173340000000,0,0,9.81,0,0,0.3550584221132504,0,0,0,101325,100
173360000000,0,0,9.81,0,0,0.3560239905639691,0,0,0,101325,100
173380000000,0,0,9.81,0,0,0.35505277326271545,0,0,0,101325,100
173400000000,0,0,9.81,0,0,0.3544674832320521,0,0,0,101325,100
173420000000,0,0,9.81,0,0,0.3561573551428642,0,0,0,101325,100
173440000000,0,0,9.81,0,0,0.355766743782977,0,0,0,101325,100
173460000000,0,0,9.81,0,0,0.3567996312416269,0,0,0,101325,100
173480000000,0,0,9.81,0,0,0.35576047200930266,0,0,0,101325,100
173500000000,0,0,9.81,0,0,0.35523260552949704,0,0,0,101325,100
173520000000,0,0,9.81,0,0,0.3557140725568558,0,0,0,101325,100
173540000000,0,0,9.81,0,0,0.3556018834815829,0,0,0,101325,100
173560000000,0,0,9.81,0,0,0.3567033986811307,0,0,0,101325,100
173580000000,0,0,9.81,0,0,0.35531439236558554,0,0,0,101325,100
173600000000,0,0,9.81,0,0,0.3559745169076078,0,0,0,101325,100
173620000000,0,0,9.81,0,0,0.35535458114013757,0,0,0,101325,100
173640000000,0,0,9.81,0,0,0.3548892881133552,0,0,0,101325,100
173660000000,0,0,9.81,0,0,0.3564395951283171,0,0,0,101325,100
173680000000,0,0,9.81,0,0,0.35651276897286566,0,0,0,101325,100
173700000000,0,0,9.81,0,0,0.355389249820871,0,0,0,101325,100
173720000000,0,0,9.81,0,0,0.35576924287067274,0,0,0,101325,100
173740000000,0,0,9.81,0,0,0.35655502261255945,0,0,0,101325,100
173760000000,0,0,9.81,0,0,0.3547850636550201,0,0,0,101325,100
173780000000,0,0,9.81,0,0,0.3558529202572788,0,0,0,101325,100
173800000000,0,0,9.81,0,0,0.35758240446438627,0,0,0,101325,100
173820000000,0,0,9.81,0,0,0.356763951951296,0,0,0,101325,100
173840000000,0,0,9.81,0,0,0.35549575735039096,0,0,0,101325,100
173860000000,0,0,9.81,0,0,0.3560133182818448,0,0,0,101325,100
173880000000,0,0,9.81,0,0,0.3569800810911666,0,0,0,101325,100
173900000000,0,0,9.81,0,0,0.35652695337585044,0,0,0,101325,100
173920000000,0,0,9.81,0,0,0.35484661949531343,0,0,0,101325,100
173940000000,0,0,9.81,0,0,0.35688225809043167,0,0,0,101325,100
173960000000,0,0,9.81,0,0,0.3560164473494573,0,0,0,101325,100
173980000000,0,0,9.81,0,0,0.3557059779775439,0,0,0,101325,100
174000000000,0,0,9.81,0,0,0.35663999455278456,0,0,0,101325,100
174020000000,0,0,9.81,0,0,0.35615984088947145,0,0,0,101325,100
174040000000,0,0,9.81,0,0,0.355884581235426,0,0,0,101325,100
174060000000,0,0,9.81,0,0,0.35674927977262594,0,0,0,101325,100
174080000000,0,0,9.81,0,0,0.3565285328759906,0,0,0,101325,100
174100000000,0,0,9.81,0,0,0.35451676002518306,0,0,0,101325,100
174120000000,0,0,9.81,0,0,0.356629260930526,0,0,0,101325,100
174140000000,0,0,9.81,0,0,0.3576399449621485,0,0,0,101325,100
174160000000,0,0,9.81,0,0,0.35599227406632167,0,0,0,101325,100
174180000000,0,0,9.81,0,0,0.354648655644068,0,0,0,101325,100
174200000000,0,0,9.81,0,0,0.3554943935607682,0,0,0,101325,100
174220000000,0,0,9.81,0,0,0.3558641501082899,0,0,0,101325,100
174240000000,0,0,9.81,0,0,0.35521673505046886,0,0,0,101325,100
174260000000,0,0,9.81,0,0,0.35399472554898154,0,0,0,101325,100
174280000000,0,0,9.81,0,0,0.3551416191746064,0,0,0,101325,100
174300000000,0,0,9.81,0,0,0.35627406686799107,0,0,0,101325,100
174320000000,0,0,9.81,0,0,0.35571033816775793,0,0,0,101325,100
174340000000,0,0,9.81,0,0,0.35575874349661374,0,0,0,101325,100
174360000000,0,0,9.81,0,0,0.3559688371224194,0,0,0,101325,100
174380000000,0,0,9.81,0,0,0.3561415141423987,0,0,0,101325,100
174400000000,0,0,9.81,0,0,0.3556130416340683,0,0,0,101325,100
174420000000,0,0,9.81,0,0,0.35590972002891197,0,0,0,101325,100
174440000000,0,0,9.81,0,0,0.3563302517421975,0,0,0,101325,100
174460000000,0,0,9.81,0,0,0.3551024559827379,0,0,0,101325,100
174480000000,0,0,9.81,0,0,0.3543581849259655,0,0,0,101325,100
174500000000,0,0,9.81,0,0,0.3561585214815315,0,0,0,101325,100
174520000000,0,0,9.81,0,0,0.3573010192685844,0,0,0,101325,100
174540000000,0,0,9.81,0,0,0.3563995029126727,0,0,0,101325,100
174560000000,0,0,9.81,0,0,0.3555339863100161,0,0,0,101325,100
174580000000,0,0,9.81,0,0,0.35563025319609476,0,0,0,101325,100
174600000000,0,0,9.81,0,0,0.3554087934964904,0,0,0,101325,100
174620000000,0,0,9.81,0,0,0.35616059679536105,0,0,0,101325,100
174640000000,0,0,9.81,0,0,0.35736839272796206,0,0,0,101325,100
174660000000,0,0,9.81,0,0,0.35691563627862316,0,0,0,101325,100
174680000000,0,0,9.81,0,0,0.3570643519557409,0,0,0,101325,100
174700000000,0,0,9.81,0,0,0.3559670841692019,0,0,0,101325,100
174720000000,0,0,9.81,0,0,0.3557371539696433,0,0,0,101325,100
174740000000,0,0,9.81,0,0,0.35490281491824593,0,0,0,101325,100
174760000000,0,0,9.81,0,0,0.3571151669593707,0,0,0,101325,100
174780000000,0,0,9.81,0,0,0.3555416246995762,0,0,0,101325,100
174800000000,0,0,9.81,0,0,0.35702064709868603,0,0,0,101325,100
174820000000,0,0,9.81,0,0,0.3551170239365354,0,0,0,101325,100
174840000000,0,0,9.81,0,0,0.3549926351385762,0,0,0,101325,100
174860000000,0,0,9.81,0,0,0.3545503378148513,0,0,0,101325,100
174880000000,0,0,9.81,0,0,0.3560172922455218,0,0,0,101325,100
174900000000,0,0,9.81,0,0,0.35514844790934885,0,0,0,101325,100
174920000000,0,0,9.81,0,0,0.35616717640930246,0,0,0,101325,100
174940000000,0,0,9.81,0,0,0.35559028749197374,0,0,0,101325,100
174960000000,0,0,9.81,0,0,0.35523002573816015,0,0,0,101325,100
174980000000,0,0,9.81,0,0,0.3562962799808277,0,0,0,101325,100
175000000000,0,0,9.81,0,0,0.35583904295073077,0,0,0,101325,100
175020000000,0,0,9.81,0,0,0.35561854305763807,0,0,0,101325,100
175040000000,0,0,9.81,0,0,0.3557886074121921,0,0,0,101325,100
175060000000,0,0,9.81,0,0,0.35711962195235064,0,0,0,101325,100
175080000000,0,0,9.81,0,0,0.3552876363098716,0,0,0,101325,100
175100000000,0,0,9.81,0,0,0.35544422815951343,0,0,0,101325,100
175120000000,0,0,9.81,0,0,0.35636721223861206,0,0,0,101325,100
175140000000,0,0,9.81,0,0,0.35654999838690066,0,0,0,101325,100
175160000000,0,0,9.81,0,0,0.3566407669228931,0,0,0,101325,100
175180000000,0,0,9.81,0,0,0.35571558807207976,0,0,0,101325,100
175200000000,0,0,9.81,0,0,0.35560805944190466,0,0,0,101325,100
175220000000,0,0,9.81,0,0,0.3569595033059295,0,0,0,101325,100
175240000000,0,0,9.81,0,0,0.3551610175066069,0,0,0,101325,100
175260000000,0,0,9.81,0,0,0.3563910090452503,0,0,0,101325,100
175280000000,0,0,9.81,0,0,0.35522144983722015,0,0,0,101325,100
175300000000,0,0,9.81,0,0,0.35586923317186414,0,0,0,101325,100
175320000000,0,0,9.81,0,0,0.35654919295848414,0,0,0,101325,100
175340000000,0,0,9.81,0,0,0.3558851373410059,0,0,0,101325,100
175360000000,0,0,9.81,0,0,0.35614224230058095,0,0,0,101325,100
175380000000,0,0,9.81,0,0,0.3559224459739139,0,0,0,101325,100
175400000000,0,0,9.81,0,0,0.35681432008223735,0,0,0,101325,100
175420000000,0,0,9.81,0,0,0.35504905118901753,0,0,0,101325,100
175440000000,0,0,9.81,0,0,0.3557833122855205,0,0,0,101325,100
175460000000,0,0,9.81,0,0,0.35630583173852803,0,0,0,101325,100
175480000000,0,0,9.81,0,0,0.35631978137050163,0,0,0,101325,100
175500000000,0,0,9.81,0,0,0.3556871379436848,0,0,0,101325,100
175520000000,0,0,9.81,0,0,0.35626921493291414,0,0,0,101325,100
175540000000,0,0,9.81,0,0,0.3559732816913396,0,0,0,101325,100
175560000000,0,0,9.81,0,0,0.3582558237587382,0,0,0,101325,100
175580000000,0,0,9.81,0,0,0.3577244404147076,0,0,0,101325,100
175600000000,0,0,9.81,0,0,0.3545540010204698,0,0,0,101325,100
175620000000,0,0,9.81,0,0,0.35524999694289605,0,0,0,101325,100
175640000000,0,0,9.81,0,0,0.3555072329079848,0,0,0,101325,100
175660000000,0,0,9.81,0,0,0.35574098920529956,0,0,0,101325,100
175680000000,0,0,9.81,0,0,0.35638527783025353,0,0,0,101325,100
175700000000,0,0,9.81,0,0,0.35510690299650366,0,0,0,101325,100
175720000000,0,0,9.81,0,0,0.3561893061552291,0,0,0,101325,100
175740000000,0,0,9.81,0,0,0.3575463024792853,0,0,0,101325,100
175760000000,0,0,9.81,0,0,0.3558090760365778,0,0,0,101325,100
175780000000,0,0,9.81,0,0,0.35644196432312863,0,0,0,101325,100
175800000000,0,0,9.81,0,0,0.3547055808780996,0,0,0,101325,100
175820000000,0,0,9.81,0,0,0.35708714082541826,0,0,0,101325,100
175840000000,0,0,9.81,0,0,0.35640369192405025,0,0,0,101325,100
175860000000,0,0,9.81,0,0,0.35581176644731166,0,0,0,101325,100
175880000000,0,0,9.81,0,0,0.35520830092109784,0,0,0,101325,100
175900000000,0,0,9.81,0,0,0.35525039748928927,0,0,0,101325,100
175920000000,0,0,9.81,0,0,0.35459653326947405,0,0,0,101325,100
175940000000,0,0,9.81,0,0,0.35555383330926743,0,0,0,101325,100
175960000000,0,0,9.81,0,0,0.356171770840339,0,0,0,101325,100
175980000000,0,0,9.81,0,0,0.35542675010185465,0,0,0,101325,100
176000000000,0,0,9.81,0,0,0.35476149289549835,0,0,0,101325,100
176020000000,0,0,9.81,0,0,0.3570475965219095,0,0,0,101325,100
176040000000,0,0,9.81,0,0,0.3568396490872599,0,0,0,101325,100
176060000000,0,0,9.81,0,0,0.35546579095545194,0,0,0,101325,100
176080000000,0,0,9.81,0,0,0.3557714837049986,0,0,0,101325,100
176100000000,0,0,9.81,0,0,0.35694872016143203,0,0,0,101325,100
176120000000,0,0,9.81,0,0,0.355458793996243,0,0,0,101325,100
176140000000,0,0,9.81,0,0,0.35587326158693183,0,0,0,101325,100
176160000000,0,0,9.81,0,0,0.35541030704486426,0,0,0,101325,100
176180000000,0,0,9.81,0,0,0.35651666810996846,0,0,0,101325,100
176200000000,0,0,9.81,0,0,0.3570376423559109,0,0,0,101325,100
176220000000,0,0,9.81,0,0,0.3565811667108431,0,0,0,101325,100
176240000000,0,0,9.81,0,0,0.3555397612794611,0,0,0,101325,100
176260000000,0,0,9.81,0,0,0.35769786663041403,0,0,0,101325,100
176280000000,0,0,9.81,0,0,0.35660495213870586,0,0,0,101325,100
176300000000,0,0,9.81,0,0,0.35613695532151196,0,0,0,101325,100
176320000000,0,0,9.81,0,0,0.35584837534771907,0,0,0,101325,100
176340000000,0,0,9.81,0,0,0.3553822711349843,0,0,0,101325,100
176360000000,0,0,9.81,0,0,0.3567730585334416,0,0,0,101325,100
176380000000,0,0,9.81,0,0,0.3549078118834534,0,0,0,101325,100
176400000000,0,0,9.81,0,0,0.35549673490379174,0,0,0,101325,100
176420000000,0,0,9.81,0,0,0.3564317323704737,0,0,0,101325,100
176440000000,0,0,9.81,0,0,0.35567795716750333,0,0,0,101325,100
176460000000,0,0,9.81,0,0,0.3552622335315943,0,0,0,101325,100
176480000000,0,0,9.81,0,0,0.35546319046017605,0,0,0,101325,100
176500000000,0,0,9.81,0,0,0.3565246355079188,0,0,0,101325,100
176520000000,0,0,9.81,0,0,0.35621638435484276,0,0,0,101325,100
176540000000,0,0,9.81,0,0,0.3551214785281966,0,0,0,101325,100
176560000000,0,0,9.81,0,0,0.35502430901210136,0,0,0,101325,100
176580000000,0,0,9.81,0,0,0.3561695504222659,0,0,0,101325,100
176600000000,0,0,9.81,0,0,0.3558144029581504,0,0,0,101325,100
176620000000,0,0,9.81,0,0,0.3542804118552453,0,0,0,101325,100
176640000000,0,0,9.81,0,0,0.35542326279142356,0,0,0,101325,100
176660000000,0,0,9.81,0,0,0.35669959064684537,0,0,0,101325,100
176680000000,0,0,9.81,0,0,0.3573627795387761,0,0,0,101325,100
176700000000,0,0,9.81,0,0,0.3563849907968129,0,0,0,101325,100
176720000000,0,0,9.81,0,0,0.3566474663472308,0,0,0,101325,100
176740000000,0,0,9.81,0,0,0.35547900779016534,0,0,0,101325,100
176760000000,0,0,9.81,0,0,0.35576749597526075,0,0,0,101325,100
176780000000,0,0,9.81,0,0,0.35627607560169205,0,0,0,101325,100
176800000000,0,0,9.81,0,0,0.35537252075903464,0,0,0,101325,100
176820000000,0,0,9.81,0,0,0.3559549939568842,0,0,0,101325,100
176840000000,0,0,9.81,0,0,0.3557386818807009,0,0,0,101325,100
176860000000,0,0,9.81,0,0,0.3546081564280416,0,0,0,101325,100
176880000000,0,0,9.81,0,0,0.3562328594506135,0,0,0,101325,100
176900000000,0,0,9.81,0,0,0.3565638329450719,0,0,0,101325,100
176920000000,0,0,9.81,0,0,0.35672138027830236,0,0,0,101325,100
176940000000,0,0,9.81,0,0,0.3552306085696571,0,0,0,101325,100
176960000000,0,0,9.81,0,0,0.35653338432040316,0,0,0,101325,100
176980000000,0,0,9.81,0,0,0.3544468754633015,0,0,0,101325,100
177000000000,0,0,9.81,0,0,0.35467470521474254,0,0,0,101325,100
177020000000,0,0,9.81,0,0,0.3554285993323408,0,0,0,101325,100
177040000000,0,0,9.81,0,0,0.35613763898475786,0,0,0,101325,100
177060000000,0,0,9.81,0,0,0.35473454521258563,0,0,0,101325,100
177080000000,0,0,9.81,0,0,0.3568477069253552,0,0,0,101325,100
177100000000,0,0,9.81,0,0,0.3550653439039943,0,0,0,101325,100
177120000000,0,0,9.81,0,0,0.355945301474571,0,0,0,101325,100
177140000000,0,0,9.81,0,0,0.3547513993519078,0,0,0,101325,100
177160000000,0,0,9.81,0,0,0.3555551611737454,0,0,0,101325,100
177180000000,0,0,9.81,0,0,0.35478308872023184,0,0,0,101325,100
177200000000,0,0,9.81,0,0,0.3548165509893269,0,0,0,101325,100
177220000000,0,0,9.81,0,0,0.356387476765031,0,0,0,101325,100
177240000000,0,0,9.81,0,0,0.35489539456489827,0,0,0,101325,100
177260000000,0,0,9.81,0,0,0.35484362812721354,0,0,0,101325,100
177280000000,0,0,9.81,0,0,0.35694721648742267,0,0,0,101325,100
177300000000,0,0,9.81,0,0,0.3559205715711238,0,0,0,101325,100
177320000000,0,0,9.81,0,0,0.35464803586142407,0,0,0,101325,100
177340000000,0,0,9.81,0,0,0.3556834880776326,0,0,0,101325,100
177360000000,0,0,9.81,0,0,0.35541752339463767,0,0,0,101325,100
177380000000,0,0,9.81,0,0,0.35520703067925236,0,0,0,101325,100
177400000000,0,0,9.81,0,0,0.3567656099780572,0,0,0,101325,100
177420000000,0,0,9.81,0,0,0.3575803828906219,0,0,0,101325,100
177440000000,0,0,9.81,0,0,0.3570519966135884,0,0,0,101325,100
177460000000,0,0,9.81,0,0,0.35569346112346956,0,0,0,101325,100
177480000000,0,0,9.81,0,0,0.35560201715778206,0,0,0,101325,100
177500000000,0,0,9.81,0,0,0.3560764642246786,0,0,0,101325,100
177520000000,0,0,9.81,0,0,0.35532180122569584,0,0,0,101325,100
177540000000,0,0,9.81,0,0,0.35750671296033487,0,0,0,101325,100
177560000000,0,0,9.81,0,0,0.35470071745785825,0,0,0,101325,100
177580000000,0,0,9.81,0,0,0.3567952188882145,0,0,0,101325,100
177600000000,0,0,9.81,0,0,0.35439270920163135,0,0,0,101325,100
177620000000,0,0,9.81,0,0,0.35647898162390373,0,0,0,101325,100
177640000000,0,0,9.81,0,0,0.3548851528440447,0,0,0,101325,100
177660000000,0,0,9.81,0,0,0.3562082607227405,0,0,0,101325,100
177680000000,0,0,9.81,0,0,0.3552690125126522,0,0,0,101325,100
177700000000,0,0,9.81,0,0,0.35620259734691195,0,0,0,101325,100
177720000000,0,0,9.81,0,0,0.355954614578566,0,0,0,101325,100
177740000000,0,0,9.81,0,0,0.3563053140225576,0,0,0,101325,100
177760000000,0,0,9.81,0,0,0.3564032652567274,0,0,0,101325,100
177780000000,0,0,9.81,0,0,0.35593270990790093,0,0,0,101325,100
177800000000,0,0,9.81,0,0,0.3544939134584309,0,0,0,101325,100
177820000000,0,0,9.81,0,0,0.3553239293751682,0,0,0,101325,100
177840000000,0,0,9.81,0,0,0.3544347355123063,0,0,0,101325,100
177860000000,0,0,9.81,0,0,0.35586735323656243,0,0,0,101325,100
177880000000,0,0,9.81,0,0,0.35588667820462605,0,0,0,101325,100
177900000000,0,0,9.81,0,0,0.3545107988054567,0,0,0,101325,100
177920000000,0,0,9.81,0,0,0.35741448584463015,0,0,0,101325,100
177940000000,0,0,9.81,0,0,0.35584712795810947,0,0,0,101325,100
177960000000,0,0,9.81,0,0,0.3556090667132439,0,0,0,101325,100
177980000000,0,0,9.81,0,0,0.3549700564788752,0,0,0,101325,100
178000000000,0,0,9.81,0,0,0.3549461358942091,0,0,0,101325,100
178020000000,0,0,9.81,0,0,0.356541984110949,0,0,0,101325,100
178040000000,0,0,9.81,0,0,0.35569836798859894,0,0,0,101325,100
178060000000,0,0,9.81,0,0,0.3574306766939675,0,0,0,101325,100
178080000000,0,0,9.81,0,0,0.35625322557050476,0,0,0,101325,100
178100000000,0,0,9.81,0,0,0.3557283265503814,0,0,0,101325,100
178120000000,0,0,9.81,0,0,0.3563964970898128,0,0,0,101325,100
178140000000,0,0,9.81,0,0,0.35650838655960615,0,0,0,101325,100
178160000000,0,0,9.81,0,0,0.3552461779197411,0,0,0,101325,100
178180000000,0,0,9.81,0,0,0.3570390959920179,0,0,0,101325,100
178200000000,0,0,9.81,0,0,0.35536359859561967,0,0,0,101325,100
178220000000,0,0,9.81,0,0,0.3557099642020799,0,0,0,101325,100
178240000000,0,0,9.81,0,0,0.3562149738930753,0,0,0,101325,100
178260000000,0,0,9.81,0,0,0.35527079119979077,0,0,0,101325,100
178280000000,0,0,9.81,0,0,0.3559045238098689,0,0,0,101325,100
178300000000,0,0,9.81,0,0,0.3549829859523674,0,0,0,101325,100
178320000000,0,0,9.81,0,0,0.3557139605880429,0,0,0,101325,100
178340000000,0,0,9.81,0,0,0.3560659177254947,0,0,0,101325,100
178360000000,0,0,9.81,0,0,0.35522681821020796,0,0,0,101325,100
178380000000,0,0,9.81,0,0,0.35459439575488544,0,0,0,101325,100
178400000000,0,0,9.81,0,0,0.3553070888878916,0,0,0,101325,100
178420000000,0,0,9.81,0,0,0.3565993416686668,0,0,0,101325,100
178440000000,0,0,9.81,0,0,0.35680635447714737,0,0,0,101325,100
178460000000,0,0,9.81,0,0,0.3572909383237253,0,0,0,101325,100
178480000000,0,0,9.81,0,0,0.35614066070233547,0,0,0,101325,100
178500000000,0,0,9.81,0,0,0.35398943464413307,0,0,0,101325,100
178520000000,0,0,9.81,0,0,0.355883044508623,0,0,0,101325,100
178540000000,0,0,9.81,0,0,0.3557094566357018,0,0,0,101325,100
178560000000,0,0,9.81,0,0,0.3558959633627822,0,0,0,101325,100
178580000000,0,0,9.81,0,0,0.3567593985060365,0,0,0,101325,100
178600000000,0,0,9.81,0,0,0.35652662366139243,0,0,0,101325,100
178620000000,0,0,9.81,0,0,0.35562260284781155,0,0,0,101325,100
178640000000,0,0,9.81,0,0,0.35605718650897716,0,0,0,101325,100
178660000000,0,0,9.81,0,0,0.3546682756307116,0,0,0,101325,100
178680000000,0,0,9.81,0,0,0.3560548230387866,0,0,0,101325,100
178700000000,0,0,9.81,0,0,0.355065620782927,0,0,0,101325,100
178720000000,0,0,9.81,0,0,0.35623812712325353,0,0,0,101325,100
178740000000,0,0,9.81,0,0,0.3567523155315688,0,0,0,101325,100
178760000000,0,0,9.81,0,0,0.35627565399102085,0,0,0,101325,100
178780000000,0,0,9.81,0,0,0.3574356023291934,0,0,0,101325,100
178800000000,0,0,9.81,0,0,0.35612958170606945,0,0,0,101325,100
178820000000,0,0,9.81,0,0,0.35507457524519503,0,0,0,101325,100
178840000000,0,0,9.81,0,0,0.3573909537359957,0,0,0,101325,100
178860000000,0,0,9.81,0,0,0.35683442602308485,0,0,0,101325,100
178880000000,0,0,9.81,0,0,0.3558595074210725,0,0,0,101325,100
178900000000,0,0,9.81,0,0,0.3551032934447101,0,0,0,101325,100
178920000000,0,0,9.81,0,0,0.355706232022523,0,0,0,101325,100
178940000000,0,0,9.81,0,0,0.3535801468866417,0,0,0,101325,100
178960000000,0,0,9.81,0,0,0.3572371516310006,0,0,0,101325,100
178980000000,0,0,9.81,0,0,0.35506598695194075,0,0,0,101325,100
179000000000,0,0,9.81,0,0,0.35681466928005406,0,0,0,101325,100
179020000000,0,0,9.81,0,0,0.35610516686144245,0,0,0,101325,100
179040000000,0,0,9.81,0,0,0.35614458749431566,0,0,0,101325,100
179060000000,0,0,9.81,0,0,0.3545777883998235,0,0,0,101325,100
179080000000,0,0,9.81,0,0,0.3550587956369167,0,0,0,101325,100
179100000000,0,0,9.81,0,0,0.35521312197431826,0,0,0,101325,100
179120000000,0,0,9.81,0,0,0.35422522732951184,0,0,0,101325,100
179140000000,0,0,9.81,0,0,0.35575769855774336,0,0,0,101325,100
179160000000,0,0,9.81,0,0,0.3554423782042761,0,0,0,101325,100
179180000000,0,0,9.81,0,0,0.3549791045182579,0,0,0,101325,100
179200000000,0,0,9.81,0,0,0.3555433648303934,0,0,0,101325,100
179220000000,0,0,9.81,0,0,0.3554756038593427,0,0,0,101325,100
179240000000,0,0,9.81,0,0,0.35700550978246764,0,0,0,101325,100
179260000000,0,0,9.81,0,0,0.35534182056928965,0,0,0,101325,100
179280000000,0,0,9.81,0,0,0.35630968082008324,0,0,0,101325,100
179300000000,0,0,9.81,0,0,0.35492614580788734,0,0,0,101325,100
179320000000,0,0,9.81,0,0,0.3567174800806822,0,0,0,101325,100
179340000000,0,0,9.81,0,0,0.35576476068179114,0,0,0,101325,100
179360000000,0,0,9.81,0,0,0.3552684694166473,0,0,0,101325,100
179380000000,0,0,9.81,0,0,0.3556874077582374,0,0,0,101325,100
179400000000,0,0,9.81,0,0,0.3551980599464308,0,0,0,101325,100
179420000000,0,0,9.81,0,0,0.35462366891487634,0,0,0,101325,100
179440000000,0,0,9.81,0,0,0.35630960371512566,0,0,0,101325,100
179460000000,0,0,9.81,0,0,0.35590000680680556,0,0,0,101325,100
179480000000,0,0,9.81,0,0,0.35416529600522423,0,0,0,101325,100
179500000000,0,0,9.81,0,0,0.3550129669725663,0,0,0,101325,100
179520000000,0,0,9.81,0,0,0.35687158684088593,0,0,0,101325,100
179540000000,0,0,9.81,0,0,0.3564596592396536,0,0,0,101325,100
179560000000,0,0,9.81,0,0,0.3569343620261746,0,0,0,101325,100
179580000000,0,0,9.81,0,0,0.35467615917221623,0,0,0,101325,100
179600000000,0,0,9.81,0,0,0.3571092253529359,0,0,0,101325,100
179620000000,0,0,9.81,0,0,0.35609264806909013,0,0,0,101325,100
179640000000,0,0,9.81,0,0,0.35482580114105566,0,0,0,101325,100
179660000000,0,0,9.81,0,0,0.3564761215588858,0,0,0,101325,100
179680000000,0,0,9.81,0,0,0.3555828773046875,0,0,0,101325,100
179700000000,0,0,9.81,0,0,0.35597145857322765,0,0,0,101325,100
179720000000,0,0,9.81,0,0,0.35499373437791143,0,0,0,101325,100
179740000000,0,0,9.81,0,0,0.3549765560654362,0,0,0,101325,100
179760000000,0,0,9.81,0,0,0.356798411984455,0,0,0,101325,100
179780000000,0,0,9.81,0,0,0.3549661799337753,0,0,0,101325,100
179800000000,0,0,9.81,0,0,0.35580816579741187,0,0,0,101325,100
179820000000,0,0,9.81,0,0,0.3572685942791159,0,0,0,101325,100
179840000000,0,0,9.81,0,0,0.355799402950644,0,0,0,101325,100
179860000000,0,0,9.81,0,0,0.3567769720580494,0,0,0,101325,100
179880000000,0,0,9.81,0,0,0.3548924011117516,0,0,0,101325,100
179900000000,0,0,9.81,0,0,0.35645031025288243,0,0,0,101325,100
179920000000,0,0,9.81,0,0,0.3562340182140621,0,0,0,101325,100
179940000000,0,0,9.81,0,0,0.3546245956929682,0,0,0,101325,100
179960000000,0,0,9.81,0,0,0.3548661330637432,0,0,0,101325,100
179980000000,0,0,9.81,0,0,0.35440574727958374,0,0,0,101325,100
180000000000,0,0,9.81,0,0,0.35603860033278345,0,0,0,101325,100
180020000000,0,0,9.81,0,0,0.3556816948161708,0,0,0,101325,100
180040000000,0,0,9.81,0,0,0.3553894654875786,0,0,0,101325,100
180060000000,0,0,9.81,0,0,0.3548676873311269,0,0,0,101325,100
180080000000,0,0,9.81,0,0,0.35732636881913893,0,0,0,101325,100
180100000000,0,0,9.81,0,0,0.35473630988457694,0,0,0,101325,100
180120000000,0,0,9.81,0,0,0.3563642513935208,0,0,0,101325,100
180140000000,0,0,9.81,0,0,0.3568426064843581,0,0,0,101325,100
180160000000,0,0,9.81,0,0,0.35546888708338087,0,0,0,101325,100
180180000000,0,0,9.81,0,0,0.35479607182117373,0,0,0,101325,100
180200000000,0,0,9.81,0,0,0.3556417032098113,0,0,0,101325,100
180220000000,0,0,9.81,0,0,0.355082598460941,0,0,0,101325,100
180240000000,0,0,9.81,0,0,0.3573482482921026,0,0,0,101325,100
180260000000,0,0,9.81,0,0,0.3565128991225461,0,0,0,101325,100
180280000000,0,0,9.81,0,0,0.3550632299263018,0,0,0,101325,100
180300000000,0,0,9.81,0,0,0.35699331025943964,0,0,0,101325,100
180320000000,0,0,9.81,0,0,0.35625089174000246,0,0,0,101325,100
180340000000,0,0,9.81,0,0,0.35498875279579156,0,0,0,101325,100
180360000000,0,0,9.81,0,0,0.3556763814834868,0,0,0,101325,100
180380000000,0,0,9.81,0,0,0.3547199149262583,0,0,0,101325,100
180400000000,0,0,9.81,0,0,0.3555064700709834,0,0,0,101325,100
180420000000,0,0,9.81,0,0,0.3563763334835991,0,0,0,101325,100
180440000000,0,0,9.81,0,0,0.3561306577532966,0,0,0,101325,100
180460000000,0,0,9.81,0,0,0.35524125806341955,0,0,0,101325,100
180480000000,0,0,9.81,0,0,0.35596523027837984,0,0,0,101325,100
180500000000,0,0,9.81,0,0,0.35598188954114346,0,0,0,101325,100
180520000000,0,0,9.81,0,0,0.3552617361749641,0,0,0,101325,100
180540000000,0,0,9.81,0,0,0.3560978832452987,0,0,0,101325,100
180560000000,0,0,9.81,0,0,0.3553674555870016,0,0,0,101325,100
180580000000,0,0,9.81,0,0,0.35709701746511924,0,0,0,101325,100
180600000000,0,0,9.81,0,0,0.358149693223041,0,0,0,101325,100
180620000000,0,0,9.81,0,0,0.35576703077783045,0,0,0,101325,100
180640000000,0,0,9.81,0,0,0.3543305749695784,0,0,0,101325,100
180660000000,0,0,9.81,0,0,0.35583460926133265,0,0,0,101325,100
180680000000,0,0,9.81,0,0,0.3546599283106276,0,0,0,101325,100
180700000000,0,0,9.81,0,0,0.356109317217922,0,0,0,101325,100
180720000000,0,0,9.81,0,0,0.35554694536189413,0,0,0,101325,100
180740000000,0,0,9.81,0,0,0.35482037349604395,0,0,0,101325,100
180760000000,0,0,9.81,0,0,0.356356427843184,0,0,0,101325,100
180780000000,0,0,9.81,0,0,0.3579874082974048,0,0,0,101325,100
180800000000,0,0,9.81,0,0,0.3559725938386567,0,0,0,101325,100
180820000000,0,0,9.81,0,0,0.3556391923547656,0,0,0,101325,100
180840000000,0,0,9.81,0,0,0.3553852640864424,0,0,0,101325,100
180860000000,0,0,9.81,0,0,0.3553028066905473,0,0,0,101325,100
180880000000,0,0,9.81,0,0,0.3563432462631123,0,0,0,101325,100
180900000000,0,0,9.81,0,0,0.35628502337460444,0,0,0,101325,100
180920000000,0,0,9.81,0,0,0.3565239513431443,0,0,0,101325,100
180940000000,0,0,9.81,0,0,0.35571669904828984,0,0,0,101325,100
180960000000,0,0,9.81,0,0,0.35558013766704105,0,0,0,101325,100
180980000000,0,0,9.81,0,0,0.35376672412073984,0,0,0,101325,100
181000000000,0,0,9.81,0,0,0.35620656889515523,0,0,0,101325,100
181020000000,0,0,9.81,0,0,0.3553624988399642,0,0,0,101325,100
181040000000,0,0,9.81,0,0,0.3565638681666568,0,0,0,101325,100
181060000000,0,0,9.81,0,0,0.35543899300872656,0,0,0,101325,100
181080000000,0,0,9.81,0,0,0.3555010390713057,0,0,0,101325,100
181100000000,0,0,9.81,0,0,0.354592594693023,0,0,0,101325,100
181120000000,0,0,9.81,0,0,0.3562310973503315,0,0,0,101325,100
181140000000,0,0,9.81,0,0,0.3542489017107199,0,0,0,101325,100
181160000000,0,0,9.81,0,0,0.3557152992413163,0,0,0,101325,100
181180000000,0,0,9.81,0,0,0.3556544537774042,0,0,0,101325,100
181200000000,0,0,9.81,0,0,0.3567736368922961,0,0,0,101325,100
181220000000,0,0,9.81,0,0,0.3556222454402357,0,0,0,101325,100
181240000000,0,0,9.81,0,0,0.35663297847393793,0,0,0,101325,100
181260000000,0,0,9.81,0,0,0.35427293333774096,0,0,0,101325,100
181280000000,0,0,9.81,0,0,0.3545333445732384,0,0,0,101325,100
181300000000,0,0,9.81,0,0,0.35650597622676455,0,0,0,101325,100
181320000000,0,0,9.81,0,0,0.35525992860387623,0,0,0,101325,100
181340000000,0,0,9.81,0,0,0.35475270637217066,0,0,0,101325,100
181360000000,0,0,9.81,0,0,0.3551172335671311,0,0,0,101325,100
181380000000,0,0,9.81,0,0,0.3542488007702817,0,0,0,101325,100
181400000000,0,0,9.81,0,0,0.354246279772559,0,0,0,101325,100
181420000000,0,0,9.81,0,0,0.35489864293800977,0,0,0,101325,100
181440000000,0,0,9.81,0,0,0.3561492219406111,0,0,0,101325,100
181460000000,0,0,9.81,0,0,0.3546816177512672,0,0,0,101325,100
181480000000,0,0,9.81,0,0,0.3558150173367439,0,0,0,101325,100
181500000000,0,0,9.81,0,0,0.3564936877963061,0,0,0,101325,100
181520000000,0,0,9.81,0,0,0.3545807503902814,0,0,0,101325,100
181540000000,0,0,9.81,0,0,0.3552606314223287,0,0,0,101325,100
181560000000,0,0,9.81,0,0,0.35507752793597325,0,0,0,101325,100
181580000000,0,0,9.81,0,0,0.35827429523333537,0,0,0,101325,100
181600000000,0,0,9.81,0,0,0.3560394945131803,0,0,0,101325,100
181620000000,0,0,9.81,0,0,0.3561424302440363,0,0,0,101325,100
181640000000,0,0,9.81,0,0,0.35533634648072593,0,0,0,101325,100
181660000000,0,0,9.81,0,0,0.3562218786594412,0,0,0,101325,100
181680000000,0,0,9.81,0,0,0.3558555660434821,0,0,0,101325,100
181700000000,0,0,9.81,0,0,0.354684936266147,0,0,0,101325,100
181720000000,0,0,9.81,0,0,0.35557517383149806,0,0,0,101325,100
181740000000,0,0,9.81,0,0,0.35655515569365753,0,0,0,101325,100
181760000000,0,0,9.81,0,0,0.3549143722609748,0,0,0,101325,100
181780000000,0,0,9.81,0,0,0.35572029661340027,0,0,0,101325,100
181800000000,0,0,9.81,0,0,0.35620690605965627,0,0,0,101325,100
181820000000,0,0,9.81,0,0,0.35479507595886556,0,0,0,101325,100
181840000000,0,0,9.81,0,0,0.3543764175271847,0,0,0,101325,100
181860000000,0,0,9.81,0,0,0.3577218862047166,0,0,0,101325,100
181880000000,0,0,9.81,0,0,0.3560108034279715,0,0,0,101325,100
181900000000,0,0,9.81,0,0,0.35486129419277296,0,0,0,101325,100
181920000000,0,0,9.81,0,0,0.355262299117992,0,0,0,101325,100
181940000000,0,0,9.81,0,0,0.356110699912502,0,0,0,101325,100
181960000000,0,0,9.81,0,0,0.3559813940769786,0,0,0,101325,100
181980000000,0,0,9.81,0,0,0.35657889538796533,0,0,0,101325,100
182000000000,0,0,9.81,0,0,0.3564508935369225,0,0,0,101325,100
182020000000,0,0,9.81,0,0,0.3559540280836183,0,0,0,101325,100
182040000000,0,0,9.81,0,0,0.35635077349720096,0,0,0,101325,100
182060000000,0,0,9.81,0,0,0.3566866679873296,0,0,0,101325,100
182080000000,0,0,9.81,0,0,0.3555449097064069,0,0,0,101325,100
182100000000,0,0,9.81,0,0,0.3556150966576541,0,0,0,101325,100
182120000000,0,0,9.81,0,0,0.3550805553440055,0,0,0,101325,100
182140000000,0,0,9.81,0,0,0.3559175047123846,0,0,0,101325,100
182160000000,0,0,9.81,0,0,0.3555758004130868,0,0,0,101325,100
182180000000,0,0,9.81,0,0,0.3553200583902307,0,0,0,101325,100
182200000000,0,0,9.81,0,0,0.35490728625595297,0,0,0,101325,100
182220000000,0,0,9.81,0,0,0.35689591054688197,0,0,0,101325,100
182240000000,0,0,9.81,0,0,0.3544559344790319,0,0,0,101325,100
182260000000,0,0,9.81,0,0,0.3560418294314911,0,0,0,101325,100
182280000000,0,0,9.81,0,0,0.3540107138364617,0,0,0,101325,100
182300000000,0,0,9.81,0,0,0.35598105189679535,0,0,0,101325,100
182320000000,0,0,9.81,0,0,0.3559856650201532,0,0,0,101325,100
182340000000,0,0,9.81,0,0,0.3549781642212019,0,0,0,101325,100
182360000000,0,0,9.81,0,0,0.3539386154704592,0,0,0,101325,100
182380000000,0,0,9.81,0,0,0.35614512167225837,0,0,0,101325,100
182400000000,0,0,9.81,0,0,0.3554990306481675,0,0,0,101325,100
182420000000,0,0,9.81,0,0,0.3528523999497923,0,0,0,101325,100
182440000000,0,0,9.81,0,0,0.35520096192025075,0,0,0,101325,100
182460000000,0,0,9.81,0,0,0.3555097559109819,0,0,0,101325,100
182480000000,0,0,9.81,0,0,0.3568948502328812,0,0,0,101325,100
182500000000,0,0,9.81,0,0,0.35605930077029974,0,0,0,101325,100
182520000000,0,0,9.81,0,0,0.3559341381450977,0,0,0,101325,100
182540000000,0,0,9.81,0,0,0.3556472642756573,0,0,0,101325,100
182560000000,0,0,9.81,0,0,0.35579007102569643,0,0,0,101325,100
182580000000,0,0,9.81,0,0,0.3569523068546725,0,0,0,101325,100
182600000000,0,0,9.81,0,0,0.35544418094294816,0,0,0,101325,100
182620000000,0,0,9.81,0,0,0.3543804876942214,0,0,0,101325,100
182640000000,0,0,9.81,0,0,0.3563081673335562,0,0,0,101325,100
182660000000,0,0,9.81,0,0,0.3546601017010317,0,0,0,101325,100
182680000000,0,0,9.81,0,0,0.35583660651647836,0,0,0,101325,100
182700000000,0,0,9.81,0,0,0.3552506785434186,0,0,0,101325,100
182720000000,0,0,9.81,0,0,0.35571882980387803,0,0,0,101325,100
182740000000,0,0,9.81,0,0,0.35575096663871497,0,0,0,101325,100
182760000000,0,0,9.81,0,0,0.3550481226576247,0,0,0,101325,100
182780000000,0,0,9.81,0,0,0.35664428607120885,0,0,0,101325,100
182800000000,0,0,9.81,0,0,0.35700157779388636,0,0,0,101325,100
182820000000,0,0,9.81,0,0,0.35695366235217707,0,0,0,101325,100
182840000000,0,0,9.81,0,0,0.3560133263496082,0,0,0,101325,100
182860000000,0,0,9.81,0,0,0.35540767506718396,0,0,0,101325,100
182880000000,0,0,9.81,0,0,0.3558542942948392,0,0,0,101325,100
182900000000,0,0,9.81,0,0,0.355550932424082,0,0,0,101325,100
182920000000,0,0,9.81,0,0,0.35542172529547095,0,0,0,101325,100
182940000000,0,0,9.81,0,0,0.3554228017604357,0,0,0,101325,100
182960000000,0,0,9.81,0,0,0.3556483688347197,0,0,0,101325,100
182980000000,0,0,9.81,0,0,0.3563642425883352,0,0,0,101325,100
183000000000,0,0,9.81,0,0,0.35572777171936226,0,0,0,101325,100
183020000000,0,0,9.81,0,0,0.35663472457627204,0,0,0,101325,100
183040000000,0,0,9.81,0,0,0.35578689621103565,0,0,0,101325,100
183060000000,0,0,9.81,0,0,0.3567546861997255,0,0,0,101325,100
183080000000,0,0,9.81,0,0,0.35420551403667216,0,0,0,101325,100
183100000000,0,0,9.81,0,0,0.3562934881202162,0,0,0,101325,100
183120000000,0,0,9.81,0,0,0.3551775652671932,0,0,0,101325,100
183140000000,0,0,9.81,0,0,0.3563708876790763,0,0,0,101325,100
183160000000,0,0,9.81,0,0,0.3558277646703775,0,0,0,101325,100
183180000000,0,0,9.81,0,0,0.3545275586773011,0,0,0,101325,100
183200000000,0,0,9.81,0,0,0.3545642018842114,0,0,0,101325,100
183220000000,0,0,9.81,0,0,0.3569212014637755,0,0,0,101325,100
183240000000,0,0,9.81,0,0,0.35508658877214183,0,0,0,101325,100
183260000000,0,0,9.81,0,0,0.35537756338805293,0,0,0,101325,100
183280000000,0,0,9.81,0,0,0.3548909052773556,0,0,0,101325,100
183300000000,0,0,9.81,0,0,0.3554791581549329,0,0,0,101325,100
183320000000,0,0,9.81,0,0,0.3562672293476566,0,0,0,101325,100
183340000000,0,0,9.81,0,0,0.35587000633271043,0,0,0,101325,100
183360000000,0,0,9.81,0,0,0.3561814298865656,0,0,0,101325,100
183380000000,0,0,9.81,0,0,0.35522473261347287,0,0,0,101325,100
183400000000,0,0,9.81,0,0,0.35628843779526653,0,0,0,101325,100
183420000000,0,0,9.81,0,0,0.3559213712729451,0,0,0,101325,100
183440000000,0,0,9.81,0,0,0.3555126890503175,0,0,0,101325,100
183460000000,0,0,9.81,0,0,0.3551810324497204,0,0,0,101325,100
183480000000,0,0,9.81,0,0,0.3551473222941267,0,0,0,101325,100
183500000000,0,0,9.81,0,0,0.3554508402027675,0,0,0,101325,100
183520000000,0,0,9.81,0,0,0.35662314598728956,0,0,0,101325,100
183540000000,0,0,9.81,0,0,0.35484844528193416,0,0,0,101325,100
183560000000,0,0,9.81,0,0,0.3560485094282,0,0,0,101325,100
183580000000,0,0,9.81,0,0,0.35657023694325407,0,0,0,101325,100
183600000000,0,0,9.81,0,0,0.35511972845020756,0,0,0,101325,100
183620000000,0,0,9.81,0,0,0.3557934741581888,0,0,0,101325,100
183640000000,0,0,9.81,0,0,0.35595048508569216,0,0,0,101325,100
183660000000,0,0,9.81,0,0,0.35564939016832914,0,0,0,101325,100
183680000000,0,0,9.81,0,0,0.3573754877281563,0,0,0,101325,100
183700000000,0,0,9.81,0,0,0.3554983139661998,0,0,0,101325,100
183720000000,0,0,9.81,0,0,0.35605992053221575,0,0,0,101325,100
183740000000,0,0,9.81,0,0,0.35532261210183846,0,0,0,101325,100
183760000000,0,0,9.81,0,0,0.355300198757645,0,0,0,101325,100
183780000000,0,0,9.81,0,0,0.35541684175795185,0,0,0,101325,100
183800000000,0,0,9.81,0,0,0.35591479731473313,0,0,0,101325,100
183820000000,0,0,9.81,0,0,0.3556831531139648,0,0,0,101325,100
183840000000,0,0,9.81,0,0,0.3562310818553856,0,0,0,101325,100
183860000000,0,0,9.81,0,0,0.3564674806096712,0,0,0,101325,100
183880000000,0,0,9.81,0,0,0.356738238955607,0,0,0,101325,100
183900000000,0,0,9.81,0,0,0.35605576457484545,0,0,0,101325,100
183920000000,0,0,9.81,0,0,0.35656528062812654,0,0,0,101325,100
183940000000,0,0,9.81,0,0,0.35609425216756957,0,0,0,101325,100
183960000000,0,0,9.81,0,0,0.3564813356918428,0,0,0,101325,100
183980000000,0,0,9.81,0,0,0.3545108119906811,0,0,0,101325,100
184000000000,0,0,9.81,0,0,0.35593786614927253,0,0,0,101325,100
184020000000,0,0,9.81,0,0,0.35611863840303537,0,0,0,101325,100
184040000000,0,0,9.81,0,0,0.35443500526056393,0,0,0,101325,100
184060000000,0,0,9.81,0,0,0.35560641906700086,0,0,0,101325,100
184080000000,0,0,9.81,0,0,0.3562036957940409,0,0,0,101325,100
184100000000,0,0,9.81,0,0,0.3571078958313499,0,0,0,101325,100
184120000000,0,0,9.81,0,0,0.3554287312939189,0,0,0,101325,100
184140000000,0,0,9.81,0,0,0.3549236240991656,0,0,0,101325,100
184160000000,0,0,9.81,0,0,0.3564812722847432,0,0,0,101325,100
184180000000,0,0,9.81,0,0,0.3564434367555182,0,0,0,101325,100
184200000000,0,0,9.81,0,0,0.5049520658735994,0,0,0,101325,100
184220000000,0,0,9.81,0,0,0.5035574923235994,0,0,0,101325,100
184240000000,0,0,9.81,0,0,0.5038717202640267,0,0,0,101325,100
184260000000,0,0,9.81,0,0,0.5030677039491377,0,0,0,101325,100
184280000000,0,0,9.81,0,0,0.503647090793066,0,0,0,101325,100
184300000000,0,0,9.81,0,0,0.5036927540928974,0,0,0,101325,100
184320000000,0,0,9.81,0,0,0.5034707597148622,0,0,0,101325,100
184340000000,0,0,9.81,0,0,0.5032238744608708,0,0,0,101325,100
184360000000,0,0,9.81,0,0,0.5032422733460804,0,0,0,101325,100
184380000000,0,0,9.81,0,0,0.502857752200035,0,0,0,101325,100
184400000000,0,0,9.81,0,0,0.5022106623187066,0,0,0,101325,100
184420000000,0,0,9.81,0,0,0.5036162602597651,0,0,0,101325,100
184440000000,0,0,9.81,0,0,0.5022345764062567,0,0,0,101325,100
184460000000,0,0,9.81,0,0,0.5049249244001579,0,0,0,101325,100
184480000000,0,0,9.81,0,0,0.5069196477367718,0,0,0,101325,100
184500000000,0,0,9.81,0,0,0.5030436291545445,0,0,0,101325,100
184520000000,0,0,9.81,0,0,0.5029751405512938,0,0,0,101325,100
184540000000,0,0,9.81,0,0,0.5045852616071216,0,0,0,101325,100
184560000000,0,0,9.81,0,0,0.5047849532849186,0,0,0,101325,100
184580000000,0,0,9.81,0,0,0.5032515943459733,0,0,0,101325,100
184600000000,0,0,9.81,0,0,0.5048273491675324,0,0,0,101325,100
184620000000,0,0,9.81,0,0,0.5032645259980202,0,0,0,101325,100
184640000000,0,0,9.81,0,0,0.50127538371145,0,0,0,101325,100
184660000000,0,0,9.81,0,0,0.5037802885002026,0,0,0,101325,100
184680000000,0,0,9.81,0,0,0.5044932628238838,0,0,0,101325,100
184700000000,0,0,9.81,0,0,0.5046907620923955,0,0,0,101325,100
184720000000,0,0,9.81,0,0,0.5040954331066339,0,0,0,101325,100
184740000000,0,0,9.81,0,0,0.5031750744808136,0,0,0,101325,100
184760000000,0,0,9.81,0,0,0.5051979413014024,0,0,0,101325,100
184780000000,0,0,9.81,0,0,0.5039499708814632,0,0,0,101325,100
184800000000,0,0,9.81,0,0,0.5051162731487336,0,0,0,101325,100
184820000000,0,0,9.81,0,0,0.5026109769784568,0,0,0,101325,100
184840000000,0,0,9.81,0,0,0.5023776824587245,0,0,0,101325,100
184860000000,0,0,9.81,0,0,0.5026558599806152,0,0,0,101325,100
184880000000,0,0,9.81,0,0,0.5034893112734051,0,0,0,101325,100
184900000000,0,0,9.81,0,0,0.5035264322240476,0,0,0,101325,100
184920000000,0,0,9.81,0,0,0.5027894375433661,0,0,0,101325,100
184940000000,0,0,9.81,0,0,0.5029436783308551,0,0,0,101325,100
184960000000,0,0,9.81,0,0,0.5038095893874889,0,0,0,101325,100
184980000000,0,0,9.81,0,0,0.5031628002426558,0,0,0,101325,100
185000000000,0,0,9.81,0,0,0.5041891794935849,0,0,0,101325,100
185020000000,0,0,9.81,0,0,0.5043457571356484,0,0,0,101325,100
185040000000,0,0,9.81,0,0,0.5047341498936406,0,0,0,101325,100
185060000000,0,0,9.81,0,0,0.504637216482823,0,0,0,101325,100
185080000000,0,0,9.81,0,0,0.5051646497566764,0,0,0,101325,100
185100000000,0,0,9.81,0,0,0.503684808727384,0,0,0,101325,100
185120000000,0,0,9.81,0,0,0.5041460861068748,0,0,0,101325,100
185140000000,0,0,9.81,0,0,0.504574625477921,0,0,0,101325,100
185160000000,0,0,9.81,0,0,0.503181491172183,0,0,0,101325,100
185180000000,0,0,9.81,0,0,0.5052268849463165,0,0,0,101325,100
185200000000,0,0,9.81,0,0,0.5028647016719786,0,0,0,101325,100
185220000000,0,0,9.81,0,0,0.5043205501928654,0,0,0,101325,100
185240000000,0,0,9.81,0,0,0.5033293952421389,0,0,0,101325,100
185260000000,0,0,9.81,0,0,0.502169494666005,0,0,0,101325,100
185280000000,0,0,9.81,0,0,0.5039969628920062,0,0,0,101325,100
185300000000,0,0,9.81,0,0,0.5025032795225702,0,0,0,101325,100
185320000000,0,0,9.81,0,0,0.5045615199527431,0,0,0,101325,100
185340000000,0,0,9.81,0,0,0.5038962811865133,0,0,0,101325,100
185360000000,0,0,9.81,0,0,0.5029012905326825,0,0,0,101325,100
185380000000,0,0,9.81,0,0,0.504933993360759,0,0,0,101325,100
185400000000,0,0,9.81,0,0,0.5041111743780244,0,0,0,101325,100
185420000000,0,0,9.81,0,0,0.5026576496562615,0,0,0,101325,100
185440000000,0,0,9.81,0,0,0.5035171203831497,0,0,0,101325,100
185460000000,0,0,9.81,0,0,0.5051779267904605,0,0,0,101325,100
185480000000,0,0,9.81,0,0,0.504233608266005,0,0,0,101325,100
185500000000,0,0,9.81,0,0,0.5049599648749362,0,0,0,101325,100
185520000000,0,0,9.81,0,0,0.5036165371064457,0,0,0,101325,100
185540000000,0,0,9.81,0,0,0.5033199315099133,0,0,0,101325,100
185560000000,0,0,9.81,0,0,0.5023330154274525,0,0,0,101325,100
185580000000,0,0,9.81,0,0,0.5034779537663374,0,0,0,101325,100
185600000000,0,0,9.81,0,0,0.5029214273673129,0,0,0,101325,100
185620000000,0,0,9.81,0,0,0.5040785420447811,0,0,0,101325,100
185640000000,0,0,9.81,0,0,0.5039296466489072,0,0,0,101325,100
185660000000,0,0,9.81,0,0,0.5040290486958822,0,0,0,101325,100
185680000000,0,0,9.81,0,0,0.5039529288604049,0,0,0,101325,100
185700000000,0,0,9.81,0,0,0.502400531180398,0,0,0,101325,100
185720000000,0,0,9.81,0,0,0.5031931256402987,0,0,0,101325,100
185740000000,0,0,9.81,0,0,0.5015522483886105,0,0,0,101325,100
185760000000,0,0,9.81,0,0,0.5028540578340234,0,0,0,101325,100
185780000000,0,0,9.81,0,0,0.5032716016107446,0,0,0,101325,100
185800000000,0,0,9.81,0,0,0.502789549337582,0,0,0,101325,100
185820000000,0,0,9.81,0,0,0.5038782022699179,0,0,0,101325,100
185840000000,0,0,9.81,0,0,0.5052216985741854,0,0,0,101325,100
185860000000,0,0,9.81,0,0,0.5034569286834112,0,0,0,101325,100
185880000000,0,0,9.81,0,0,0.504190719960545,0,0,0,101325,100
185900000000,0,0,9.81,0,0,0.5027378761533865,0,0,0,101325,100
185920000000,0,0,9.81,0,0,0.5032616385190124,0,0,0,101325,100
185940000000,0,0,9.81,0,0,0.5036201005420382,0,0,0,101325,100
185960000000,0,0,9.81,0,0,0.5037614348961469,0,0,0,101325,100
185980000000,0,0,9.81,0,0,0.5049896672266329,0,0,0,101325,100
186000000000,0,0,9.81,0,0,0.5042152577444124,0,0,0,101325,100
186020000000,0,0,9.81,0,0,0.503387989430247,0,0,0,101325,100
186040000000,0,0,9.81,0,0,0.5036896663652715,0,0,0,101325,100
186060000000,0,0,9.81,0,0,0.5033013975176486,0,0,0,101325,100
186080000000,0,0,9.81,0,0,0.5034009440299618,0,0,0,101325,100
186100000000,0,0,9.81,0,0,0.5036571304680686,0,0,0,101325,100
186120000000,0,0,9.81,0,0,0.5044964267392956,0,0,0,101325,100
186140000000,0,0,9.81,0,0,0.5048353312341016,0,0,0,101325,100
186160000000,0,0,9.81,0,0,0.5050194819559913,0,0,0,101325,100
186180000000,0,0,9.81,0,0,0.5032124036034747,0,0,0,101325,100
186200000000,0,0,9.81,0,0,0.5039895284356001,0,0,0,101325,100
186220000000,0,0,9.81,0,0,0.5052026977197265,0,0,0,101325,100
186240000000,0,0,9.81,0,0,0.5048641860523656,0,0,0,101325,100
186260000000,0,0,9.81,0,0,0.5022578227840561,0,0,0,101325,100
186280000000,0,0,9.81,0,0,0.5033998254779681,0,0,0,101325,100
186300000000,0,0,9.81,0,0,0.5042805841546409,0,0,0,101325,100
186320000000,0,0,9.81,0,0,0.5048243791280006,0,0,0,101325,100
186340000000,0,0,9.81,0,0,0.504224629520776,0,0,0,101325,100
186360000000,0,0,9.81,0,0,0.5029545657530485,0,0,0,101325,100
186380000000,0,0,9.81,0,0,0.5030154842965296,0,0,0,101325,100
186400000000,0,0,9.81,0,0,0.5041799738331905,0,0,0,101325,100
186420000000,0,0,9.81,0,0,0.5034284812449461,0,0,0,101325,100
186440000000,0,0,9.81,0,0,0.5050353440309306,0,0,0,101325,100
186460000000,0,0,9.81,0,0,0.5029669293200145,0,0,0,101325,100
186480000000,0,0,9.81,0,0,0.5019674662543404,0,0,0,101325,100
186500000000,0,0,9.81,0,0,0.5035547159276507,0,0,0,101325,100
186520000000,0,0,9.81,0,0,0.5030041415876007,0,0,0,101325,100
186540000000,0,0,9.81,0,0,0.5055715663794068,0,0,0,101325,100
186560000000,0,0,9.81,0,0,0.5034312218910575,0,0,0,101325,100
186580000000,0,0,9.81,0,0,0.5017561468217319,0,0,0,101325,100
186600000000,0,0,9.81,0,0,0.5039222018639987,0,0,0,101325,100
186620000000,0,0,9.81,0,0,0.5029678518856258,0,0,0,101325,100
186640000000,0,0,9.81,0,0,0.5032791394289271,0,0,0,101325,100
186660000000,0,0,9.81,0,0,0.5035114761951643,0,0,0,101325,100
186680000000,0,0,9.81,0,0,0.5043675627042558,0,0,0,101325,100
186700000000,0,0,9.81,0,0,0.5034478481160517,0,0,0,101325,100
186720000000,0,0,9.81,0,0,0.503223515342359,0,0,0,101325,100
186740000000,0,0,9.81,0,0,0.5032901810881723,0,0,0,101325,100
186760000000,0,0,9.81,0,0,0.5039283384800689,0,0,0,101325,100
186780000000,0,0,9.81,0,0,0.5034168411419082,0,0,0,101325,100
186800000000,0,0,9.81,0,0,0.5037869206610339,0,0,0,101325,100
186820000000,0,0,9.81,0,0,0.5053924116913977,0,0,0,101325,100
186840000000,0,0,9.81,0,0,0.5030473425078645,0,0,0,101325,100
186860000000,0,0,9.81,0,0,0.5034689291214001,0,0,0,101325,100
186880000000,0,0,9.81,0,0,0.5017456501997986,0,0,0,101325,100
186900000000,0,0,9.81,0,0,0.5043616023502672,0,0,0,101325,100
186920000000,0,0,9.81,0,0,0.503964861968866,0,0,0,101325,100
186940000000,0,0,9.81,0,0,0.5050530710644693,0,0,0,101325,100
186960000000,0,0,9.81,0,0,0.5042512263189163,0,0,0,101325,100
186980000000,0,0,9.81,0,0,0.5028746457906326,0,0,0,101325,100
187000000000,0,0,9.81,0,0,0.5026875981605496,0,0,0,101325,100
187020000000,0,0,9.81,0,0,0.5040389372765329,0,0,0,101325,100
187040000000,0,0,9.81,0,0,0.5038656232822045,0,0,0,101325,100
187060000000,0,0,9.81,0,0,0.5051627009109245,0,0,0,101325,100
187080000000,0,0,9.81,0,0,0.5037625679386715,0,0,0,101325,100
187100000000,0,0,9.81,0,0,0.5040835200389844,0,0,0,101325,100
187120000000,0,0,9.81,0,0,0.5048655139535095,0,0,0,101325,100
187140000000,0,0,9.81,0,0,0.5039530486465488,0,0,0,101325,100
187160000000,0,0,9.81,0,0,0.5042717844920537,0,0,0,101325,100
187180000000,0,0,9.81,0,0,0.502707865447948,0,0,0,101325,100
187200000000,0,0,9.81,0,0,0.5045715208784401,0,0,0,101325,100
187220000000,0,0,9.81,0,0,0.5042782788726614,0,0,0,101325,100
187240000000,0,0,9.81,0,0,0.5039150265362825,0,0,0,101325,100
187260000000,0,0,9.81,0,0,0.5047099773623445,0,0,0,101325,100
187280000000,0,0,9.81,0,0,0.5038793752255151,0,0,0,101325,100
187300000000,0,0,9.81,0,0,0.5045926171466781,0,0,0,101325,100
187320000000,0,0,9.81,0,0,0.5044371439219159,0,0,0,101325,100
187340000000,0,0,9.81,0,0,0.5035393011553597,0,0,0,101325,100
187360000000,0,0,9.81,0,0,0.5034466673674464,0,0,0,101325,100
187380000000,0,0,9.81,0,0,0.503101594038386,0,0,0,101325,100
187400000000,0,0,9.81,0,0,0.5024575769665739,0,0,0,101325,100
187420000000,0,0,9.81,0,0,0.5034504517511471,0,0,0,101325,100
187440000000,0,0,9.81,0,0,0.5036805130745982,0,0,0,101325,100
187460000000,0,0,9.81,0,0,0.5039074372103701,0,0,0,101325,100
187480000000,0,0,9.81,0,0,0.5034348818048048,0,0,0,101325,100
187500000000,0,0,9.81,0,0,0.5037205984983092,0,0,0,101325,100
187520000000,0,0,9.81,0,0,0.5033401886053188,0,0,0,101325,100
187540000000,0,0,9.81,0,0,0.503767830689748,0,0,0,101325,100
187560000000,0,0,9.81,0,0,0.5034552026644834,0,0,0,101325,100
187580000000,0,0,9.81,0,0,0.504691081584261,0,0,0,101325,100
187600000000,0,0,9.81,0,0,0.5039912418166723,0,0,0,101325,100
187620000000,0,0,9.81,0,0,0.5059057942626882,0,0,0,101325,100
187640000000,0,0,9.81,0,0,0.5025832279073863,0,0,0,101325,100
187660000000,0,0,9.81,0,0,0.5039032323341217,0,0,0,101325,100
187680000000,0,0,9.81,0,0,0.5042167872197584,0,0,0,101325,100
187700000000,0,0,9.81,0,0,0.5022513727608939,0,0,0,101325,100
187720000000,0,0,9.81,0,0,0.5037670328712958,0,0,0,101325,100
187740000000,0,0,9.81,0,0,0.5042652292946554,0,0,0,101325,100
187760000000,0,0,9.81,0,0,0.5036335911162462,0,0,0,101325,100
187780000000,0,0,9.81,0,0,0.5023815941395461,0,0,0,101325,100
187800000000,0,0,9.81,0,0,0.5028606026531248,0,0,0,101325,100
187820000000,0,0,9.81,0,0,0.5030564107267903,0,0,0,101325,100
187840000000,0,0,9.81,0,0,0.5030594943411807,0,0,0,101325,100
187860000000,0,0,9.81,0,0,0.5042957768990345,0,0,0,101325,100
187880000000,0,0,9.81,0,0,0.5034121500829819,0,0,0,101325,100
187900000000,0,0,9.81,0,0,0.5032700368402863,0,0,0,101325,100
187920000000,0,0,9.81,0,0,0.5031375757797626,0,0,0,101325,100
187940000000,0,0,9.81,0,0,0.5041027388093101,0,0,0,101325,100
187960000000,0,0,9.81,0,0,0.5035424585644865,0,0,0,101325,100
187980000000,0,0,9.81,0,0,0.5025686413228871,0,0,0,101325,100
188000000000,0,0,9.81,0,0,0.5037242695405362,0,0,0,101325,100
188020000000,0,0,9.81,0,0,0.5035219418661098,0,0,0,101325,100
188040000000,0,0,9.81,0,0,0.5025759856999913,0,0,0,101325,100
188060000000,0,0,9.81,0,0,0.504879697472478,0,0,0,101325,100
188080000000,0,0,9.81,0,0,0.5041792946370045,0,0,0,101325,100
188100000000,0,0,9.81,0,0,0.5049723729443317,0,0,0,101325,100
188120000000,0,0,9.81,0,0,0.5042507138891892,0,0,0,101325,100
188140000000,0,0,9.81,0,0,0.5050878172273409,0,0,0,101325,100
188160000000,0,0,9.81,0,0,0.5024331402765202,0,0,0,101325,100
188180000000,0,0,9.81,0,0,0.5029380775366784,0,0,0,101325,100
188200000000,0,0,9.81,0,0,0.503555761676216,0,0,0,101325,100
188220000000,0,0,9.81,0,0,0.5032294427360414,0,0,0,101325,100
188240000000,0,0,9.81,0,0,0.5036107138465924,0,0,0,101325,100
188260000000,0,0,9.81,0,0,0.5024996901946002,0,0,0,101325,100
188280000000,0,0,9.81,0,0,0.5024312496283111,0,0,0,101325,100
188300000000,0,0,9.81,0,0,0.5021257572844303,0,0,0,101325,100
188320000000,0,0,9.81,0,0,0.5039734258943662,0,0,0,101325,100
188340000000,0,0,9.81,0,0,0.5044215452104159,0,0,0,101325,100
188360000000,0,0,9.81,0,0,0.5053217563006844,0,0,0,101325,100
188380000000,0,0,9.81,0,0,0.5046085941713998,0,0,0,101325,100
188400000000,0,0,9.81,0,0,0.5051801109877786,0,0,0,101325,100
188420000000,0,0,9.81,0,0,0.5044467215068171,0,0,0,101325,100
188440000000,0,0,9.81,0,0,0.5029813901501428,0,0,0,101325,100
188460000000,0,0,9.81,0,0,0.505217494942314,0,0,0,101325,100
188480000000,0,0,9.81,0,0,0.5025482711735509,0,0,0,101325,100
188500000000,0,0,9.81,0,0,0.5023311588206051,0,0,0,101325,100
188520000000,0,0,9.81,0,0,0.5031788068483921,0,0,0,101325,100
188540000000,0,0,9.81,0,0,0.5038271526576777,0,0,0,101325,100
188560000000,0,0,9.81,0,0,0.5031974148100412,0,0,0,101325,100
188580000000,0,0,9.81,0,0,0.503764869093796,0,0,0,101325,100
188600000000,0,0,9.81,0,0,0.5026753934580994,0,0,0,101325,100
188620000000,0,0,9.81,0,0,0.5056108786366615,0,0,0,101325,100
188640000000,0,0,9.81,0,0,0.5030272732788151,0,0,0,101325,100
188660000000,0,0,9.81,0,0,0.5042378412662862,0,0,0,101325,100
188680000000,0,0,9.81,0,0,0.5036942223659762,0,0,0,101325,100
188700000000,0,0,9.81,0,0,0.5026680147344422,0,0,0,101325,100
188720000000,0,0,9.81,0,0,0.5041099486150176,0,0,0,101325,100
188740000000,0,0,9.81,0,0,0.5027554616508397,0,0,0,101325,100
188760000000,0,0,9.81,0,0,0.5032492212101093,0,0,0,101325,100
188780000000,0,0,9.81,0,0,0.5044763213923145,0,0,0,101325,100
188800000000,0,0,9.81,0,0,0.5028519796267975,0,0,0,101325,100
188820000000,0,0,9.81,0,0,0.5029819639220018,0,0,0,101325,100
188840000000,0,0,9.81,0,0,0.503833908001474,0,0,0,101325,100
188860000000,0,0,9.81,0,0,0.5038164071525038,0,0,0,101325,100
188880000000,0,0,9.81,0,0,0.5032408046031787,0,0,0,101325,100
188900000000,0,0,9.81,0,0,0.5032684197079983,0,0,0,101325,100
188920000000,0,0,9.81,0,0,0.5036153691769791,0,0,0,101325,100
188940000000,0,0,9.81,0,0,0.5031161452300876,0,0,0,101325,100
188960000000,0,0,9.81,0,0,0.5035714327859137,0,0,0,101325,100
188980000000,0,0,9.81,0,0,0.503600560544486,0,0,0,101325,100
189000000000,0,0,9.81,0,0,0.5045798185003553,0,0,0,101325,100
189020000000,0,0,9.81,0,0,0.5052237434359789,0,0,0,101325,100
189040000000,0,0,9.81,0,0,0.503924399620447,0,0,0,101325,100
189060000000,0,0,9.81,0,0,0.5029374001336032,0,0,0,101325,100
189080000000,0,0,9.81,0,0,0.5040691452282582,0,0,0,101325,100
189100000000,0,0,9.81,0,0,0.5026546790932055,0,0,0,101325,100
189120000000,0,0,9.81,0,0,0.5053688015216948,0,0,0,101325,100
189140000000,0,0,9.81,0,0,0.5038085428952047,0,0,0,101325,100
189160000000,0,0,9.81,0,0,0.5040748934773651,0,0,0,101325,100
189180000000,0,0,9.81,0,0,0.5025763613818751,0,0,0,101325,100
189200000000,0,0,9.81,0,0,0.5030175731138954,0,0,0,101325,100
189220000000,0,0,9.81,0,0,0.5032856906311883,0,0,0,101325,100
189240000000,0,0,9.81,0,0,0.5049636226729602,0,0,0,101325,100
189260000000,0,0,9.81,0,0,0.504002783621866,0,0,0,101325,100
189280000000,0,0,9.81,0,0,0.5033431674463126,0,0,0,101325,100
189300000000,0,0,9.81,0,0,0.503293259306182,0,0,0,101325,100
189320000000,0,0,9.81,0,0,0.5025380520959649,0,0,0,101325,100
189340000000,0,0,9.81,0,0,0.5048205589830062,0,0,0,101325,100
189360000000,0,0,9.81,0,0,0.5028875505700877,0,0,0,101325,100
189380000000,0,0,9.81,0,0,0.5040045811221775,0,0,0,101325,100
189400000000,0,0,9.81,0,0,0.503463449620906,0,0,0,101325,100
189420000000,0,0,9.81,0,0,0.5033583282475104,0,0,0,101325,100
189440000000,0,0,9.81,0,0,0.5044908819713281,0,0,0,101325,100
189460000000,0,0,9.81,0,0,0.5032517100849272,0,0,0,101325,100
189480000000,0,0,9.81,0,0,0.5039991868281642,0,0,0,101325,100
189500000000,0,0,9.81,0,0,0.5046409699705628,0,0,0,101325,100
189520000000,0,0,9.81,0,0,0.5047949837189251,0,0,0,101325,100
189540000000,0,0,9.81,0,0,0.5021913477344061,0,0,0,101325,100
189560000000,0,0,9.81,0,0,0.5029170465252083,0,0,0,101325,100
189580000000,0,0,9.81,0,0,0.5031844478326526,0,0,0,101325,100
189600000000,0,0,9.81,0,0,0.5030741778545269,0,0,0,101325,100
189620000000,0,0,9.81,0,0,0.5046271290292953,0,0,0,101325,100
189640000000,0,0,9.81,0,0,0.5025613121470114,0,0,0,101325,100
189660000000,0,0,9.81,0,0,0.502438010844549,0,0,0,101325,100
189680000000,0,0,9.81,0,0,0.5021754883937363,0,0,0,101325,100
189700000000,0,0,9.81,0,0,0.5025681958460156,0,0,0,101325,100
189720000000,0,0,9.81,0,0,0.5039154794527745,0,0,0,101325,100
189740000000,0,0,9.81,0,0,0.5032139925493915,0,0,0,101325,100
189760000000,0,0,9.81,0,0,0.5032736184973616,0,0,0,101325,100
189780000000,0,0,9.81,0,0,0.503421061225647,0,0,0,101325,100
189800000000,0,0,9.81,0,0,0.5045475608749842,0,0,0,101325,100
189820000000,0,0,9.81,0,0,0.5044736847756254,0,0,0,101325,100
189840000000,0,0,9.81,0,0,0.5025037466216568,0,0,0,101325,100
189860000000,0,0,9.81,0,0,0.5040768301674368,0,0,0,101325,100
189880000000,0,0,9.81,0,0,0.5046721365000618,0,0,0,101325,100
189900000000,0,0,9.81,0,0,0.5041453192715322,0,0,0,101325,100
189920000000,0,0,9.81,0,0,0.5034209264395031,0,0,0,101325,100
189940000000,0,0,9.81,0,0,0.5046622145969427,0,0,0,101325,100
189960000000,0,0,9.81,0,0,0.5030765641040584,0,0,0,101325,100
189980000000,0,0,9.81,0,0,0.503301449821929,0,0,0,101325,100
190000000000,0,0,9.81,0,0,0.5029057508281696,0,0,0,101325,100
190020000000,0,0,9.81,0,0,0.5028962233980986,0,0,0,101325,100
190040000000,0,0,9.81,0,0,0.5032289792550811,0,0,0,101325,100
190060000000,0,0,9.81,0,0,0.5038383882400383,0,0,0,101325,100
190080000000,0,0,9.81,0,0,0.5039665069676105,0,0,0,101325,100
190100000000,0,0,9.81,0,0,0.5033608539719883,0,0,0,101325,100
190120000000,0,0,9.81,0,0,0.5020602931461466,0,0,0,101325,100
190140000000,0,0,9.81,0,0,0.5020480874288523,0,0,0,101325,100
190160000000,0,0,9.81,0,0,0.5038716318847074,0,0,0,101325,100
190180000000,0,0,9.81,0,0,0.5021852590285794,0,0,0,101325,100
190200000000,0,0,9.81,0,0,0.5032724063331994,0,0,0,101325,100
190220000000,0,0,9.81,0,0,0.5043255872900007,0,0,0,101325,100
190240000000,0,0,9.81,0,0,0.5037484030565117,0,0,0,101325,100
190260000000,0,0,9.81,0,0,0.5045397326266099,0,0,0,101325,100
190280000000,0,0,9.81,0,0,0.5038729097899354,0,0,0,101325,100
190300000000,0,0,9.81,0,0,0.5034745084832775,0,0,0,101325,100
190320000000,0,0,9.81,0,0,0.5026283526326273,0,0,0,101325,100
190340000000,0,0,9.81,0,0,0.5050995358979534,0,0,0,101325,100
190360000000,0,0,9.81,0,0,0.5044917696745379,0,0,0,101325,100
190380000000,0,0,9.81,0,0,0.5045707480318882,0,0,0,101325,100
190400000000,0,0,9.81,0,0,0.5024926630105282,0,0,0,101325,100
190420000000,0,0,9.81,0,0,0.5018420311281176,0,0,0,101325,100
190440000000,0,0,9.81,0,0,0.5024521184941765,0,0,0,101325,100
190460000000,0,0,9.81,0,0,0.5042014500132997,0,0,0,101325,100
190480000000,0,0,9.81,0,0,0.5030596213620427,0,0,0,101325,100
190500000000,0,0,9.81,0,0,0.5017422174074175,0,0,0,101325,100
190520000000,0,0,9.81,0,0,0.5037421321622236,0,0,0,101325,100
190540000000,0,0,9.81,0,0,0.5030122667528645,0,0,0,101325,100
190560000000,0,0,9.81,0,0,0.5030054008481628,0,0,0,101325,100
190580000000,0,0,9.81,0,0,0.5022964038944693,0,0,0,101325,100
190600000000,0,0,9.81,0,0,0.5039345368118564,0,0,0,101325,100
190620000000,0,0,9.81,0,0,0.5043735493055247,0,0,0,101325,100
190640000000,0,0,9.81,0,0,0.5026249389460591,0,0,0,101325,100
190660000000,0,0,9.81,0,0,0.5040636849557695,0,0,0,101325,100
190680000000,0,0,9.81,0,0,0.5048145400974475,0,0,0,101325,100
190700000000,0,0,9.81,0,0,0.5036165947023757,0,0,0,101325,100
190720000000,0,0,9.81,0,0,0.5032667043487878,0,0,0,101325,100
190740000000,0,0,9.81,0,0,0.5046498971252594,0,0,0,101325,100
190760000000,0,0,9.81,0,0,0.5042901822477649,0,0,0,101325,100
190780000000,0,0,9.81,0,0,0.502303305829764,0,0,0,101325,100
190800000000,0,0,9.81,0,0,0.5049166747766828,0,0,0,101325,100
190820000000,0,0,9.81,0,0,0.5028251925900121,0,0,0,101325,100
190840000000,0,0,9.81,0,0,0.5021997325538866,0,0,0,101325,100
190860000000,0,0,9.81,0,0,0.5042884088880956,0,0,0,101325,100
190880000000,0,0,9.81,0,0,0.5037878335548255,0,0,0,101325,100
190900000000,0,0,9.81,0,0,0.5046957133913805,0,0,0,101325,100
190920000000,0,0,9.81,0,0,0.5026870844939031,0,0,0,101325,100
190940000000,0,0,9.81,0,0,0.5041046405037302,0,0,0,101325,100
190960000000,0,0,9.81,0,0,0.5039036230451532,0,0,0,101325,100
190980000000,0,0,9.81,0,0,0.5033116143677961,0,0,0,101325,100
191000000000,0,0,9.81,0,0,0.5042900432909523,0,0,0,101325,100
191020000000,0,0,9.81,0,0,0.5035751270125955,0,0,0,101325,100
191040000000,0,0,9.81,0,0,0.5029146578938407,0,0,0,101325,100
191060000000,0,0,9.81,0,0,0.5043577089245087,0,0,0,101325,100
191080000000,0,0,9.81,0,0,0.5044585197597821,0,0,0,101325,100
191100000000,0,0,9.81,0,0,0.5019776735979135,0,0,0,101325,100
191120000000,0,0,9.81,0,0,0.5032122188254535,0,0,0,101325,100
191140000000,0,0,9.81,0,0,0.5033672946350648,0,0,0,101325,100
191160000000,0,0,9.81,0,0,0.5037127894272986,0,0,0,101325,100
191180000000,0,0,9.81,0,0,0.5052472856666711,0,0,0,101325,100
191200000000,0,0,9.81,0,0,0.5033924231909022,0,0,0,101325,100
191220000000,0,0,9.81,0,0,0.5043827571261165,0,0,0,101325,100
191240000000,0,0,9.81,0,0,0.5040335637555373,0,0,0,101325,100
191260000000,0,0,9.81,0,0,0.5037563768376169,0,0,0,101325,100
191280000000,0,0,9.81,0,0,0.5039728006060727,0,0,0,101325,100
191300000000,0,0,9.81,0,0,0.5026190587640389,0,0,0,101325,100
191320000000,0,0,9.81,0,0,0.5046876705722986,0,0,0,101325,100
191340000000,0,0,9.81,0,0,0.5026240954764618,0,0,0,101325,100
191360000000,0,0,9.81,0,0,0.50249550960731,0,0,0,101325,100
191380000000,0,0,9.81,0,0,0.5023314400243581,0,0,0,101325,100
191400000000,0,0,9.81,0,0,0.5031519350329366,0,0,0,101325,100
191420000000,0,0,9.81,0,0,0.5024308039023495,0,0,0,101325,100
191440000000,0,0,9.81,0,0,0.5036508779753491,0,0,0,101325,100
191460000000,0,0,9.81,0,0,0.5042498907030523,0,0,0,101325,100
191480000000,0,0,9.81,0,0,0.5035803466494908,0,0,0,101325,100
191500000000,0,0,9.81,0,0,0.5032553091515887,0,0,0,101325,100
191520000000,0,0,9.81,0,0,0.5055594246884968,0,0,0,101325,100
191540000000,0,0,9.81,0,0,0.5038534345813117,0,0,0,101325,100
191560000000,0,0,9.81,0,0,0.5053966892701296,0,0,0,101325,100
191580000000,0,0,9.81,0,0,0.5025036284951758,0,0,0,101325,100
191600000000,0,0,9.81,0,0,0.502362272620652,0,0,0,101325,100
191620000000,0,0,9.81,0,0,0.5047324445711178,0,0,0,101325,100
191640000000,0,0,9.81,0,0,0.5024339079723634,0,0,0,101325,100
191660000000,0,0,9.81,0,0,0.5050492877173246,0,0,0,101325,100
191680000000,0,0,9.81,0,0,0.5034256389862998,0,0,0,101325,100
191700000000,0,0,9.81,0,0,0.5042115668478523,0,0,0,101325,100
191720000000,0,0,9.81,0,0,0.5031086918020541,0,0,0,101325,100
191740000000,0,0,9.81,0,0,0.503235342364574,0,0,0,101325,100
191760000000,0,0,9.81,0,0,0.5043623614764573,0,0,0,101325,100
191780000000,0,0,9.81,0,0,0.5031808069347194,0,0,0,101325,100
191800000000,0,0,9.81,0,0,0.5038766186165938,0,0,0,101325,100
191820000000,0,0,9.81,0,0,0.5043714727606335,0,0,0,101325,100
191840000000,0,0,9.81,0,0,0.503665698219077,0,0,0,101325,100
191860000000,0,0,9.81,0,0,0.5043735502217421,0,0,0,101325,100
191880000000,0,0,9.81,0,0,0.5050920924091158,0,0,0,101325,100
191900000000,0,0,9.81,0,0,0.5017034016603191,0,0,0,101325,100
191920000000,0,0,9.81,0,0,0.5043917694842914,0,0,0,101325,100
191940000000,0,0,9.81,0,0,0.5024608392532773,0,0,0,101325,100
191960000000,0,0,9.81,0,0,0.5050419960021646,0,0,0,101325,100
191980000000,0,0,9.81,0,0,0.5027334412917419,0,0,0,101325,100
192000000000,0,0,9.81,0,0,0.5043039465361799,0,0,0,101325,100
192020000000,0,0,9.81,0,0,0.503925939574225,0,0,0,101325,100
192040000000,0,0,9.81,0,0,0.5035372556119084,0,0,0,101325,100
192060000000,0,0,9.81,0,0,0.5026134886229378,0,0,0,101325,100
192080000000,0,0,9.81,0,0,0.5038025012052656,0,0,0,101325,100
192100000000,0,0,9.81,0,0,0.5041827454680277,0,0,0,101325,100
192120000000,0,0,9.81,0,0,0.5048348563617311,0,0,0,101325,100
192140000000,0,0,9.81,0,0,0.502879227143865,0,0,0,101325,100
192160000000,0,0,9.81,0,0,0.5043760262279053,0,0,0,101325,100
192180000000,0,0,9.81,0,0,0.5047303685485176,0,0,0,101325,100
192200000000,0,0,9.81,0,0,0.5047965350727736,0,0,0,101325,100
192220000000,0,0,9.81,0,0,0.5031027003821512,0,0,0,101325,100
192240000000,0,0,9.81,0,0,0.5041559201185656,0,0,0,101325,100
192260000000,0,0,9.81,0,0,0.5036096971055832,0,0,0,101325,100
192280000000,0,0,9.81,0,0,0.5041712793075775,0,0,0,101325,100
192300000000,0,0,9.81,0,0,0.5037171849616693,0,0,0,101325,100
192320000000,0,0,9.81,0,0,0.5044755085351559,0,0,0,101325,100
192340000000,0,0,9.81,0,0,0.504397964206814,0,0,0,101325,100
192360000000,0,0,9.81,0,0,0.5032601755805931,0,0,0,101325,100
192380000000,0,0,9.81,0,0,0.5043172415664726,0,0,0,101325,100
192400000000,0,0,9.81,0,0,0.5036392727730136,0,0,0,101325,100
192420000000,0,0,9.81,0,0,0.5020252472209448,0,0,0,101325,100
192440000000,0,0,9.81,0,0,0.5034846504826558,0,0,0,101325,100
192460000000,0,0,9.81,0,0,0.5036387240991188,0,0,0,101325,100
192480000000,0,0,9.81,0,0,0.5037695061854699,0,0,0,101325,100
192500000000,0,0,9.81,0,0,0.5034023113052866,0,0,0,101325,100
192520000000,0,0,9.81,0,0,0.5045123762814983,0,0,0,101325,100
192540000000,0,0,9.81,0,0,0.5032804283166182,0,0,0,101325,100
192560000000,0,0,9.81,0,0,0.5038275310077618,0,0,0,101325,100
192580000000,0,0,9.81,0,0,0.5042102767252823,0,0,0,101325,100
192600000000,0,0,9.81,0,0,0.503824308332147,0,0,0,101325,100
192620000000,0,0,9.81,0,0,0.5029406534393214,0,0,0,101325,100
192640000000,0,0,9.81,0,0,0.5039324188202335,0,0,0,101325,100
192660000000,0,0,9.81,0,0,0.5034785390353765,0,0,0,101325,100
192680000000,0,0,9.81,0,0,0.5039206845782851,0,0,0,101325,100
192700000000,0,0,9.81,0,0,0.5037045170785949,0,0,0,101325,100
192720000000,0,0,9.81,0,0,0.5038279612531975,0,0,0,101325,100
192740000000,0,0,9.81,0,0,0.5049053676885429,0,0,0,101325,100
192760000000,0,0,9.81,0,0,0.5047494234128751,0,0,0,101325,100
192780000000,0,0,9.81,0,0,0.5041384364273073,0,0,0,101325,100
192800000000,0,0,9.81,0,0,0.5043484614126124,0,0,0,101325,100
192820000000,0,0,9.81,0,0,0.5043616166110546,0,0,0,101325,100
192840000000,0,0,9.81,0,0,0.5027251213035918,0,0,0,101325,100
192860000000,0,0,9.81,0,0,0.5042441461088027,0,0,0,101325,100
192880000000,0,0,9.81,0,0,0.502784901056627,0,0,0,101325,100
192900000000,0,0,9.81,0,0,0.5033356049890745,0,0,0,101325,100
192920000000,0,0,9.81,0,0,0.5038943886001196,0,0,0,101325,100
192940000000,0,0,9.81,0,0,0.5043946541516708,0,0,0,101325,100
192960000000,0,0,9.81,0,0,0.5024854645136014,0,0,0,101325,100
192980000000,0,0,9.81,0,0,0.5039617728564132,0,0,0,101325,100
193000000000,0,0,9.81,0,0,0.503262293005034,0,0,0,101325,100
193020000000,0,0,9.81,0,0,0.503932100313461,0,0,0,101325,100
193040000000,0,0,9.81,0,0,0.5046466696024077,0,0,0,101325,100
193060000000,0,0,9.81,0,0,0.5023251413886192,0,0,0,101325,100
193080000000,0,0,9.81,0,0,0.50386573847431,0,0,0,101325,100
193100000000,0,0,9.81,0,0,0.503073138308436,0,0,0,101325,100
193120000000,0,0,9.81,0,0,0.5040305550054748,0,0,0,101325,100
193140000000,0,0,9.81,0,0,0.504492749885117,0,0,0,101325,100
193160000000,0,0,9.81,0,0,0.5033021244611298,0,0,0,101325,100
193180000000,0,0,9.81,0,0,0.5037975882948903,0,0,0,101325,100
193200000000,0,0,9.81,0,0,0.5042374542207472,0,0,0,101325,100
193220000000,0,0,9.81,0,0,0.5027922990632928,0,0,0,101325,100
193240000000,0,0,9.81,0,0,0.5023341266742584,0,0,0,101325,100
193260000000,0,0,9.81,0,0,0.5043723315155967,0,0,0,101325,100
193280000000,0,0,9.81,0,0,0.5028384891880031,0,0,0,101325,100
193300000000,0,0,9.81,0,0,0.5030666858489681,0,0,0,101325,100
193320000000,0,0,9.81,0,0,0.5028486098362863,0,0,0,101325,100
193340000000,0,0,9.81,0,0,0.502926139713662,0,0,0,101325,100
193360000000,0,0,9.81,0,0,0.504228470301627,0,0,0,101325,100
193380000000,0,0,9.81,0,0,0.5024723295446953,0,0,0,101325,100
193400000000,0,0,9.81,0,0,0.5035175604706722,0,0,0,101325,100
193420000000,0,0,9.81,0,0,0.5030333194233451,0,0,0,101325,100
193440000000,0,0,9.81,0,0,0.5032529255343728,0,0,0,101325,100
193460000000,0,0,9.81,0,0,0.5034566136551545,0,0,0,101325,100
193480000000,0,0,9.81,0,0,0.5041360651801481,0,0,0,101325,100
193500000000,0,0,9.81,0,0,0.5037994400530728,0,0,0,101325,100
193520000000,0,0,9.81,0,0,0.5052212279014655,0,0,0,101325,100
193540000000,0,0,9.81,0,0,0.5032240242756586,0,0,0,101325,100
193560000000,0,0,9.81,0,0,0.5032031458988057,0,0,0,101325,100
193580000000,0,0,9.81,0,0,0.5037164513556606,0,0,0,101325,100
193600000000,0,0,9.81,0,0,0.5040276481906238,0,0,0,101325,100
193620000000,0,0,9.81,0,0,0.5027741835175085,0,0,0,101325,100
193640000000,0,0,9.81,0,0,0.5017927474533451,0,0,0,101325,100
193660000000,0,0,9.81,0,0,0.5039714638750132,0,0,0,101325,100
193680000000,0,0,9.81,0,0,0.5034730005466072,0,0,0,101325,100
193700000000,0,0,9.81,0,0,0.5029270365415338,0,0,0,101325,100
193720000000,0,0,9.81,0,0,0.5021442859560037,0,0,0,101325,100
193740000000,0,0,9.81,0,0,0.503347001826608,0,0,0,101325,100
193760000000,0,0,9.81,0,0,0.5039489983571416,0,0,0,101325,100
193780000000,0,0,9.81,0,0,0.5033430347344602,0,0,0,101325,100
193800000000,0,0,9.81,0,0,0.5022811051617866,0,0,0,101325,100
193820000000,0,0,9.81,0,0,0.5041435949097212,0,0,0,101325,100
193840000000,0,0,9.81,0,0,0.5028330615996628,0,0,0,101325,100
193860000000,0,0,9.81,0,0,0.503096554108461,0,0,0,101325,100
193880000000,0,0,9.81,0,0,0.502914366822156,0,0,0,101325,100
193900000000,0,0,9.81,0,0,0.503203587311764,0,0,0,101325,100
193920000000,0,0,9.81,0,0,0.504601436273855,0,0,0,101325,100
193940000000,0,0,9.81,0,0,0.5032073070213068,0,0,0,101325,100
193960000000,0,0,9.81,0,0,0.5037132235981464,0,0,0,101325,100
193980000000,0,0,9.81,0,0,0.5038937833079652,0,0,0,101325,100
194000000000,0,0,9.81,0,0,0.5034525199371712,0,0,0,101325,100
194020000000,0,0,9.81,0,0,0.503553630797084,0,0,0,101325,100
194040000000,0,0,9.81,0,0,0.5036421481266679,0,0,0,101325,100
194060000000,0,0,9.81,0,0,0.5035837910539194,0,0,0,101325,100
194080000000,0,0,9.81,0,0,0.5034801276507889,0,0,0,101325,100
194100000000,0,0,9.81,0,0,0.5035660267739144,0,0,0,101325,100
194120000000,0,0,9.81,0,0,0.5039118395970036,0,0,0,101325,100
194140000000,0,0,9.81,0,0,0.5032517361947929,0,0,0,101325,100
194160000000,0,0,9.81,0,0,0.5043300171754229,0,0,0,101325,100
194180000000,0,0,9.81,0,0,0.5032946185718462,0,0,0,101325,100
194200000000,0,0,9.81,0,0,0.5032921638645215,0,0,0,101325,100
194220000000,0,0,9.81,0,0,0.5030487130767746,0,0,0,101325,100
194240000000,0,0,9.81,0,0,0.5034627887222295,0,0,0,101325,100
194260000000,0,0,9.81,0,0,0.5028622919323922,0,0,0,101325,100
194280000000,0,0,9.81,0,0,0.5028118630550307,0,0,0,101325,100
194300000000,0,0,9.81,0,0,0.5030487590122629,0,0,0,101325,100
194320000000,0,0,9.81,0,0,0.503738500760833,0,0,0,101325,100
194340000000,0,0,9.81,0,0,0.5028476476194059,0,0,0,101325,100
194360000000,0,0,9.81,0,0,0.5028215851343385,0,0,0,101325,100
194380000000,0,0,9.81,0,0,0.5036386997991982,0,0,0,101325,100
194400000000,0,0,9.81,0,0,0.502047238175316,0,0,0,101325,100
194420000000,0,0,9.81,0,0,0.502627321336561,0,0,0,101325,100
194440000000,0,0,9.81,0,0,0.5018530540556925,0,0,0,101325,100
194460000000,0,0,9.81,0,0,0.5045470763164212,0,0,0,101325,100
194480000000,0,0,9.81,0,0,0.5033807870688081,0,0,0,101325,100
194500000000,0,0,9.81,0,0,0.5018043415071981,0,0,0,101325,100
194520000000,0,0,9.81,0,0,0.5028344731199199,0,0,0,101325,100
194540000000,0,0,9.81,0,0,0.5042683822840746,0,0,0,101325,100
194560000000,0,0,9.81,0,0,0.503607591408937,0,0,0,101325,100
194580000000,0,0,9.81,0,0,0.5035647213600251,0,0,0,101325,100
194600000000,0,0,9.81,0,0,0.5043093660206049,0,0,0,101325,100
194620000000,0,0,9.81,0,0,0.5046769874888531,0,0,0,101325,100
194640000000,0,0,9.81,0,0,0.5048992932541303,0,0,0,101325,100
194660000000,0,0,9.81,0,0,0.5045607916238649,0,0,0,101325,100
194680000000,0,0,9.81,0,0,0.504527721374608,0,0,0,101325,100
194700000000,0,0,9.81,0,0,0.5035129574834517,0,0,0,101325,100
194720000000,0,0,9.81,0,0,0.5032926646299737,0,0,0,101325,100
194740000000,0,0,9.81,0,0,0.5042998067036684,0,0,0,101325,100
194760000000,0,0,9.81,0,0,0.5021715885830609,0,0,0,101325,100
194780000000,0,0,9.81,0,0,0.5021241828292374,0,0,0,101325,100
194800000000,0,0,9.81,0,0,0.5049037957311111,0,0,0,101325,100
194820000000,0,0,9.81,0,0,0.504982481623463,0,0,0,101325,100
194840000000,0,0,9.81,0,0,0.5030204539662227,0,0,0,101325,100
194860000000,0,0,9.81,0,0,0.5051185055155892,0,0,0,101325,100
194880000000,0,0,9.81,0,0,0.5048441614863044,0,0,0,101325,100
194900000000,0,0,9.81,0,0,0.5037721174462737,0,0,0,101325,100
194920000000,0,0,9.81,0,0,0.5034144662037957,0,0,0,101325,100
194940000000,0,0,9.81,0,0,0.5028315544003025,0,0,0,101325,100
194960000000,0,0,9.81,0,0,0.5036999920241286,0,0,0,101325,100
194980000000,0,0,9.81,0,0,0.5050941806548063,0,0,0,101325,100
195000000000,0,0,9.81,0,0,0.5035249291772091,0,0,0,101325,100
195020000000,0,0,9.81,0,0,0.5032749326186227,0,0,0,101325,100
195040000000,0,0,9.81,0,0,0.5035915710654653,0,0,0,101325,100
195060000000,0,0,9.81,0,0,0.5032423523870316,0,0,0,101325,100
195080000000,0,0,9.81,0,0,0.5038474980139046,0,0,0,101325,100
195100000000,0,0,9.81,0,0,0.5044194626451393,0,0,0,101325,100
195120000000,0,0,9.81,0,0,0.5045527579712337,0,0,0,101325,100
195140000000,0,0,9.81,0,0,0.503514949107736,0,0,0,101325,100
195160000000,0,0,9.81,0,0,0.5033005555727483,0,0,0,101325,100
195180000000,0,0,9.81,0,0,0.5032757222713224,0,0,0,101325,100
195200000000,0,0,9.81,0,0,0.5033736203837582,0,0,0,101325,100
195220000000,0,0,9.81,0,0,0.5037470592454244,0,0,0,101325,100
195240000000,0,0,9.81,0,0,0.5042108758168907,0,0,0,101325,100
195260000000,0,0,9.81,0,0,0.5048176109107823,0,0,0,101325,100
195280000000,0,0,9.81,0,0,0.5044918439997078,0,0,0,101325,100
195300000000,0,0,9.81,0,0,0.5030581412776968,0,0,0,101325,100
195320000000,0,0,9.81,0,0,0.5044277036578432,0,0,0,101325,100
195340000000,0,0,9.81,0,0,0.5050094689406617,0,0,0,101325,100
195360000000,0,0,9.81,0,0,0.5029993472980907,0,0,0,101325,100
195380000000,0,0,9.81,0,0,0.5029573336002355,0,0,0,101325,100
195400000000,0,0,9.81,0,0,0.5037865484976538,0,0,0,101325,100
195420000000,0,0,9.81,0,0,0.5037384992158266,0,0,0,101325,100
195440000000,0,0,9.81,0,0,0.5026952113805554,0,0,0,101325,100
195460000000,0,0,9.81,0,0,0.5027814192401666,0,0,0,101325,100
195480000000,0,0,9.81,0,0,0.5033765919845635,0,0,0,101325,100
195500000000,0,0,9.81,0,0,0.5050025131253012,0,0,0,101325,100
195520000000,0,0,9.81,0,0,0.5029913822995761,0,0,0,101325,100
195540000000,0,0,9.81,0,0,0.5042155824689385,0,0,0,101325,100
195560000000,0,0,9.81,0,0,0.5051267104761138,0,0,0,101325,100
195580000000,0,0,9.81,0,0,0.5036710387433517,0,0,0,101325,100
195600000000,0,0,9.81,0,0,0.5024257963479022,0,0,0,101325,100
195620000000,0,0,9.81,0,0,0.5038670852970362,0,0,0,101325,100
195640000000,0,0,9.81,0,0,0.5024693392616832,0,0,0,101325,100
195660000000,0,0,9.81,0,0,0.5048013985483154,0,0,0,101325,100
195680000000,0,0,9.81,0,0,0.5049489567436015,0,0,0,101325,100
195700000000,0,0,9.81,0,0,0.502871245503462,0,0,0,101325,100
195720000000,0,0,9.81,0,0,0.5029666699997897,0,0,0,101325,100
195740000000,0,0,9.81,0,0,0.5034919188590513,0,0,0,101325,100
195760000000,0,0,9.81,0,0,0.5029517285560791,0,0,0,101325,100
195780000000,0,0,9.81,0,0,0.5048385353845501,0,0,0,101325,100
195800000000,0,0,9.81,0,0,0.5031486510122167,0,0,0,101325,100
195820000000,0,0,9.81,0,0,0.5046324274294646,0,0,0,101325,100
195840000000,0,0,9.81,0,0,0.5035080588140003,0,0,0,101325,100
195860000000,0,0,9.81,0,0,0.503716373016821,0,0,0,101325,100
195880000000,0,0,9.81,0,0,0.5024174528598557,0,0,0,101325,100
195900000000,0,0,9.81,0,0,0.504176850349505,0,0,0,101325,100
195920000000,0,0,9.81,0,0,0.5051262447099237,0,0,0,101325,100
195940000000,0,0,9.81,0,0,0.5031135682647089,0,0,0,101325,100
195960000000,0,0,9.81,0,0,0.5022245733121432,0,0,0,101325,100
195980000000,0,0,9.81,0,0,0.5038293387395233,0,0,0,101325,100
196000000000,0,0,9.81,0,0,0.5022645593525797,0,0,0,101325,100
196020000000,0,0,9.81,0,0,0.5023606411306386,0,0,0,101325,100
196040000000,0,0,9.81,0,0,0.5024821427477367,0,0,0,101325,100
196060000000,0,0,9.81,0,0,0.5032514098084516,0,0,0,101325,100
196080000000,0,0,9.81,0,0,0.502520457450066,0,0,0,101325,100
196100000000,0,0,9.81,0,0,0.5035486256449145,0,0,0,101325,100
196120000000,0,0,9.81,0,0,0.5047383155331,0,0,0,101325,100
196140000000,0,0,9.81,0,0,0.5026373742172445,0,0,0,101325,100
196160000000,0,0,9.81,0,0,0.50183983612748,0,0,0,101325,100
196180000000,0,0,9.81,0,0,0.5030993484986187,0,0,0,101325,100
196200000000,0,0,9.81,0,0,0.5045375450149917,0,0,0,101325,100
196220000000,0,0,9.81,0,0,0.5029240821231987,0,0,0,101325,100
196240000000,0,0,9.81,0,0,0.5033785036383661,0,0,0,101325,100
196260000000,0,0,9.81,0,0,0.5028374334522002,0,0,0,101325,100
196280000000,0,0,9.81,0,0,0.5012369380047472,0,0,0,101325,100
196300000000,0,0,9.81,0,0,0.5043920082877771,0,0,0,101325,100
196320000000,0,0,9.81,0,0,0.5040743043104751,0,0,0,101325,100
196340000000,0,0,9.81,0,0,0.503650090694474,0,0,0,101325,100
196360000000,0,0,9.81,0,0,0.5033864414796605,0,0,0,101325,100
196380000000,0,0,9.81,0,0,0.5034912067054875,0,0,0,101325,100
196400000000,0,0,9.81,0,0,0.5037241001467804,0,0,0,101325,100
196420000000,0,0,9.81,0,0,0.5042972646903673,0,0,0,101325,100
196440000000,0,0,9.81,0,0,0.5016266905090744,0,0,0,101325,100
196460000000,0,0,9.81,0,0,0.503870879376415,0,0,0,101325,100
196480000000,0,0,9.81,0,0,0.5031735008595823,0,0,0,101325,100
196500000000,0,0,9.81,0,0,0.5033821490832071,0,0,0,101325,100
196520000000,0,0,9.81,0,0,0.5034396889927564,0,0,0,101325,100
196540000000,0,0,9.81,0,0,0.5047935223377428,0,0,0,101325,100
196560000000,0,0,9.81,0,0,0.5028809702598174,0,0,0,101325,100
196580000000,0,0,9.81,0,0,0.5044313653116251,0,0,0,101325,100
196600000000,0,0,9.81,0,0,0.5036987289981725,0,0,0,101325,100
196620000000,0,0,9.81,0,0,0.5037683119959595,0,0,0,101325,100
196640000000,0,0,9.81,0,0,0.5026813459801232,0,0,0,101325,100
196660000000,0,0,9.81,0,0,0.5031481933216799,0,0,0,101325,100
196680000000,0,0,9.81,0,0,0.5032838383386432,0,0,0,101325,100
196700000000,0,0,9.81,0,0,0.5027085205641592,0,0,0,101325,100
196720000000,0,0,9.81,0,0,0.5033664548266955,0,0,0,101325,100
196740000000,0,0,9.81,0,0,0.5042375562714356,0,0,0,101325,100
196760000000,0,0,9.81,0,0,0.5055773785510956,0,0,0,101325,100
196780000000,0,0,9.81,0,0,0.5033095169551587,0,0,0,101325,100
196800000000,0,0,9.81,0,0,0.5024778196022873,0,0,0,101325,100
196820000000,0,0,9.81,0,0,0.503116268014942,0,0,0,101325,100
196840000000,0,0,9.81,0,0,0.5040299792649502,0,0,0,101325,100
196860000000,0,0,9.81,0,0,0.5036044767463387,0,0,0,101325,100
196880000000,0,0,9.81,0,0,0.5052479162267285,0,0,0,101325,100
196900000000,0,0,9.81,0,0,0.5030379232804847,0,0,0,101325,100
196920000000,0,0,9.81,0,0,0.5025846795851872,0,0,0,101325,100
196940000000,0,0,9.81,0,0,0.5039407157812604,0,0,0,101325,100
196960000000,0,0,9.81,0,0,0.5020771146251769,0,0,0,101325,100
196980000000,0,0,9.81,0,0,0.5046185086264491,0,0,0,101325,100
197000000000,0,0,9.81,0,0,0.5053984750713996,0,0,0,101325,100
197020000000,0,0,9.81,0,0,0.5035843293420644,0,0,0,101325,100
197040000000,0,0,9.81,0,0,0.5031060203859905,0,0,0,101325,100
197060000000,0,0,9.81,0,0,0.5033418030999874,0,0,0,101325,100
197080000000,0,0,9.81,0,0,0.503883736115113,0,0,0,101325,100
197100000000,0,0,9.81,0,0,0.5036966150766902,0,0,0,101325,100
197120000000,0,0,9.81,0,0,0.5050388656924975,0,0,0,101325,100
197140000000,0,0,9.81,0,0,0.5027443165081442,0,0,0,101325,100
197160000000,0,0,9.81,0,0,0.502539065938612,0,0,0,101325,100
197180000000,0,0,9.81,0,0,0.5049971588784262,0,0,0,101325,100
197200000000,0,0,9.81,0,0,0.5038699830341307,0,0,0,101325,100
197220000000,0,0,9.81,0,0,0.5029867122275883,0,0,0,101325,100
197240000000,0,0,9.81,0,0,0.5034898909915921,0,0,0,101325,100
197260000000,0,0,9.81,0,0,0.5050329590559094,0,0,0,101325,100
197280000000,0,0,9.81,0,0,0.5027654964925942,0,0,0,101325,100
197300000000,0,0,9.81,0,0,0.5037927454788969,0,0,0,101325,100
197320000000,0,0,9.81,0,0,0.5034845931595601,0,0,0,101325,100
197340000000,0,0,9.81,0,0,0.5034254213268137,0,0,0,101325,100
197360000000,0,0,9.81,0,0,0.5040353271001501,0,0,0,101325,100
197380000000,0,0,9.81,0,0,0.5028410068854394,0,0,0,101325,100
197400000000,0,0,9.81,0,0,0.5034914748200913,0,0,0,101325,100
197420000000,0,0,9.81,0,0,0.5051653331770757,0,0,0,101325,100
197440000000,0,0,9.81,0,0,0.5043927139471185,0,0,0,101325,100
197460000000,0,0,9.81,0,0,0.5029361148279667,0,0,0,101325,100
197480000000,0,0,9.81,0,0,0.5044996170212057,0,0,0,101325,100
197500000000,0,0,9.81,0,0,0.5033748764865104,0,0,0,101325,100
197520000000,0,0,9.81,0,0,0.5033114204365673,0,0,0,101325,100
197540000000,0,0,9.81,0,0,0.50410160221395,0,0,0,101325,100
197560000000,0,0,9.81,0,0,0.502811611906449,0,0,0,101325,100
197580000000,0,0,9.81,0,0,0.5033199737334236,0,0,0,101325,100
197600000000,0,0,9.81,0,0,0.5034973708324956,0,0,0,101325,100
197620000000,0,0,9.81,0,0,0.5034628378155693,0,0,0,101325,100
197640000000,0,0,9.81,0,0,0.5037229273450702,0,0,0,101325,100
197660000000,0,0,9.81,0,0,0.5033167882202831,0,0,0,101325,100
197680000000,0,0,9.81,0,0,0.5036013661381309,0,0,0,101325,100
197700000000,0,0,9.81,0,0,0.5042007886311217,0,0,0,101325,100
197720000000,0,0,9.81,0,0,0.5038521910096206,0,0,0,101325,100
197740000000,0,0,9.81,0,0,0.5030498908921016,0,0,0,101325,100
197760000000,0,0,9.81,0,0,0.5031202143008491,0,0,0,101325,100
197780000000,0,0,9.81,0,0,0.503833510129336,0,0,0,101325,100
197800000000,0,0,9.81,0,0,0.502030302614217,0,0,0,101325,100
197820000000,0,0,9.81,0,0,0.5041407729161287,0,0,0,101325,100
197840000000,0,0,9.81,0,0,0.504689329785247,0,0,0,101325,100
197860000000,0,0,9.81,0,0,0.5035384172667989,0,0,0,101325,100
197880000000,0,0,9.81,0,0,0.5027219241945616,0,0,0,101325,100
197900000000,0,0,9.81,0,0,0.5024861675165222,0,0,0,101325,100
197920000000,0,0,9.81,0,0,0.5030671090684082,0,0,0,101325,100
197940000000,0,0,9.81,0,0,0.5032805633321159,0,0,0,101325,100
197960000000,0,0,9.81,0,0,0.5037675739609887,0,0,0,101325,100
197980000000,0,0,9.81,0,0,0.5048091083645392,0,0,0,101325,100
198000000000,0,0,9.81,0,0,0.5048624272882812,0,0,0,101325,100
198020000000,0,0,9.81,0,0,0.5036764122864054,0,0,0,101325,100
198040000000,0,0,9.81,0,0,0.5019870610982283,0,0,0,101325,100
198060000000,0,0,9.81,0,0,0.5038574962962747,0,0,0,101325,100
198080000000,0,0,9.81,0,0,0.5038308680479039,0,0,0,101325,100
198100000000,0,0,9.81,0,0,0.5051427684573775,0,0,0,101325,100
198120000000,0,0,9.81,0,0,0.5042490419563871,0,0,0,101325,100
198140000000,0,0,9.81,0,0,0.5034361781692562,0,0,0,101325,100
198160000000,0,0,9.81,0,0,0.505147055936332,0,0,0,101325,100
198180000000,0,0,9.81,0,0,0.5024418878374115,0,0,0,101325,100
198200000000,0,0,9.81,0,0,0.5025377802656483,0,0,0,101325,100
198220000000,0,0,9.81,0,0,0.504241892319925,0,0,0,101325,100
198240000000,0,0,9.81,0,0,0.5024641419672962,0,0,0,101325,100
198260000000,0,0,9.81,0,0,0.5045570534106069,0,0,0,101325,100
198280000000,0,0,9.81,0,0,0.5038178319252474,0,0,0,101325,100
198300000000,0,0,9.81,0,0,0.5034105851091942,0,0,0,101325,100
198320000000,0,0,9.81,0,0,0.5056701496720338,0,0,0,101325,100
198340000000,0,0,9.81,0,0,0.5042822523980068,0,0,0,101325,100
198360000000,0,0,9.81,0,0,0.5047337140914211,0,0,0,101325,100
198380000000,0,0,9.81,0,0,0.5036842408755701,0,0,0,101325,100
198400000000,0,0,9.81,0,0,0.5043870239980818,0,0,0,101325,100
198420000000,0,0,9.81,0,0,0.5036767219941235,0,0,0,101325,100
198440000000,0,0,9.81,0,0,0.5022124468859008,0,0,0,101325,100
198460000000,0,0,9.81,0,0,0.504398346752127,0,0,0,101325,100
198480000000,0,0,9.81,0,0,0.5033824807396678,0,0,0,101325,100
198500000000,0,0,9.81,0,0,0.5022269521851717,0,0,0,101325,100
198520000000,0,0,9.81,0,0,0.5026351200645428,0,0,0,101325,100
198540000000,0,0,9.81,0,0,0.5045001321666072,0,0,0,101325,100
198560000000,0,0,9.81,0,0,0.504816187387499,0,0,0,101325,100
198580000000,0,0,9.81,0,0,0.5036019451914076,0,0,0,101325,100
198600000000,0,0,9.81,0,0,0.502621967139814,0,0,0,101325,100
198620000000,0,0,9.81,0,0,0.5031486381601415,0,0,0,101325,100
198640000000,0,0,9.81,0,0,0.5046929025365691,0,0,0,101325,100
198660000000,0,0,9.81,0,0,0.5032005698611635,0,0,0,101325,100
198680000000,0,0,9.81,0,0,0.5020072775040163,0,0,0,101325,100
198700000000,0,0,9.81,0,0,0.5032027319954192,0,0,0,101325,100
198720000000,0,0,9.81,0,0,0.503935709107295,0,0,0,101325,100
198740000000,0,0,9.81,0,0,0.5018421278779891,0,0,0,101325,100
198760000000,0,0,9.81,0,0,0.5030537504101527,0,0,0,101325,100
198780000000,0,0,9.81,0,0,0.5044867376123147,0,0,0,101325,100
198800000000,0,0,9.81,0,0,0.5047560399864156,0,0,0,101325,100
198820000000,0,0,9.81,0,0,0.504008483566562,0,0,0,101325,100
198840000000,0,0,9.81,0,0,0.5025922940377238,0,0,0,101325,100
198860000000,0,0,9.81,0,0,0.5034741497218178,0,0,0,101325,100
198880000000,0,0,9.81,0,0,0.5047915116555254,0,0,0,101325,100
198900000000,0,0,9.81,0,0,0.50456235861274,0,0,0,101325,100
198920000000,0,0,9.81,0,0,0.502805676014979,0,0,0,101325,100
198940000000,0,0,9.81,0,0,0.5029192013067191,0,0,0,101325,100
198960000000,0,0,9.81,0,0,0.5041071446346886,0,0,0,101325,100
198980000000,0,0,9.81,0,0,0.5021260821892128,0,0,0,101325,100
199000000000,0,0,9.81,0,0,0.5040241466832671,0,0,0,101325,100
199020000000,0,0,9.81,0,0,0.503267979325066,0,0,0,101325,100
199040000000,0,0,9.81,0,0,0.5025095059131229,0,0,0,101325,100
199060000000,0,0,9.81,0,0,0.5053117850019856,0,0,0,101325,100
199080000000,0,0,9.81,0,0,0.5044845209186936,0,0,0,101325,100
199100000000,0,0,9.81,0,0,0.503596332303878,0,0,0,101325,100
199120000000,0,0,9.81,0,0,0.5043223868493387,0,0,0,101325,100
199140000000,0,0,9.81,0,0,0.5027549674668857,0,0,0,101325,100
199160000000,0,0,9.81,0,0,0.5034594108139181,0,0,0,101325,100
199180000000,0,0,9.81,0,0,0.5026490016780369,0,0,0,101325,100
199200000000,0,0,9.81,0,0,0.5048088629212442,0,0,0,101325,100
199220000000,0,0,9.81,0,0,0.502803293069109,0,0,0,101325,100
199240000000,0,0,9.81,0,0,0.5043423280368956,0,0,0,101325,100
199260000000,0,0,9.81,0,0,0.5042534759831585,0,0,0,101325,100
199280000000,0,0,9.81,0,0,0.5035518720382643,0,0,0,101325,100
199300000000,0,0,9.81,0,0,0.5022338864062368,0,0,0,101325,100
199320000000,0,0,9.81,0,0,0.5051045686999991,0,0,0,101325,100
199340000000,0,0,9.81,0,0,0.5024686191666194,0,0,0,101325,100
199360000000,0,0,9.81,0,0,0.5043775435009068,0,0,0,101325,100
199380000000,0,0,9.81,0,0,0.5044811898072356,0,0,0,101325,100
199400000000,0,0,9.81,0,0,0.505289382893811,0,0,0,101325,100
199420000000,0,0,9.81,0,0,0.5014684658438321,0,0,0,101325,100
199440000000,0,0,9.81,0,0,0.5036053792481847,0,0,0,101325,100
199460000000,0,0,9.81,0,0,0.5030511087806727,0,0,0,101325,100
199480000000,0,0,9.81,0,0,0.504047336012307,0,0,0,101325,100
199500000000,0,0,9.81,0,0,0.5042671687493328,0,0,0,101325,100
199520000000,0,0,9.81,0,0,0.5040937879295807,0,0,0,101325,100
199540000000,0,0,9.81,0,0,0.5047186003098207,0,0,0,101325,100
199560000000,0,0,9.81,0,0,0.5042574357854166,0,0,0,101325,100
199580000000,0,0,9.81,0,0,0.5020966041854442,0,0,0,101325,100
199600000000,0,0,9.81,0,0,0.5041160954879003,0,0,0,101325,100
199620000000,0,0,9.81,0,0,0.5038021207589556,0,0,0,101325,100
199640000000,0,0,9.81,0,0,0.5030314236527514,0,0,0,101325,100
199660000000,0,0,9.81,0,0,0.5043202079121931,0,0,0,101325,100
199680000000,0,0,9.81,0,0,0.5026572659125447,0,0,0,101325,100
199700000000,0,0,9.81,0,0,0.503290282611186,0,0,0,101325,100
199720000000,0,0,9.81,0,0,0.5034695350586796,0,0,0,101325,100
199740000000,0,0,9.81,0,0,0.503060601148159,0,0,0,101325,100
199760000000,0,0,9.81,0,0,0.5038445940342162,0,0,0,101325,100
199780000000,0,0,9.81,0,0,0.5037648058825726,0,0,0,101325,100
199800000000,0,0,9.81,0,0,0.5035934352962217,0,0,0,101325,100
199820000000,0,0,9.81,0,0,0.5038583664185267,0,0,0,101325,100
199840000000,0,0,9.81,0,0,0.5042763437629276,0,0,0,101325,100
199860000000,0,0,9.81,0,0,0.5022045695932332,0,0,0,101325,100
199880000000,0,0,9.81,0,0,0.5045100069746361,0,0,0,101325,100
199900000000,0,0,9.81,0,0,0.5034152161308397,0,0,0,101325,100
199920000000,0,0,9.81,0,0,0.5045583882396922,0,0,0,101325,100
199940000000,0,0,9.81,0,0,0.5040377395701844,0,0,0,101325,100
199960000000,0,0,9.81,0,0,0.5036349206828479,0,0,0,101325,100
199980000000,0,0,9.81,0,0,0.5051469397481474,0,0,0,101325,100
200000000000,0,0,9.81,0,0,0.5033143600010856,0,0,0,101325,100
200020000000,0,0,9.81,0,0,0.5047785002730365,0,0,0,101325,100
200040000000,0,0,9.81,0,0,0.5054331827031837,0,0,0,101325,100
200060000000,0,0,9.81,0,0,0.5044544931811458,0,0,0,101325,100
200080000000,0,0,9.81,0,0,0.5038733483250085,0,0,0,101325,100
200100000000,0,0,9.81,0,0,0.5024389215290669,0,0,0,101325,100
200120000000,0,0,9.81,0,0,0.5029882742787525,0,0,0,101325,100
200140000000,0,0,9.81,0,0,0.5037386141297066,0,0,0,101325,100
200160000000,0,0,9.81,0,0,0.5043476861335253,0,0,0,101325,100
200180000000,0,0,9.81,0,0,0.5033291946286029,0,0,0,101325,100
200200000000,0,0,9.81,0,0,0.5043668272232007,0,0,0,101325,100
200220000000,0,0,9.81,0,0,0.5044860084401028,0,0,0,101325,100
200240000000,0,0,9.81,0,0,0.502549051478779,0,0,0,101325,100
200260000000,0,0,9.81,0,0,0.5034996428076657,0,0,0,101325,100
200280000000,0,0,9.81,0,0,0.5034609408521457,0,0,0,101325,100
200300000000,0,0,9.81,0,0,0.5030392410917218,0,0,0,101325,100
200320000000,0,0,9.81,0,0,0.5046541219879821,0,0,0,101325,100
200340000000,0,0,9.81,0,0,0.5030158171255964,0,0,0,101325,100
200360000000,0,0,9.81,0,0,0.5028592577651126,0,0,0,101325,100
200380000000,0,0,9.81,0,0,0.5041597600567319,0,0,0,101325,100
200400000000,0,0,9.81,0,0,0.5052344485175888,0,0,0,101325,100
200420000000,0,0,9.81,0,0,0.5039778732118091,0,0,0,101325,100
200440000000,0,0,9.81,0,0,0.5046242252861084,0,0,0,101325,100
200460000000,0,0,9.81,0,0,0.5031101518030414,0,0,0,101325,100
200480000000,0,0,9.81,0,0,0.5039124184552608,0,0,0,101325,100
200500000000,0,0,9.81,0,0,0.5046111106890656,0,0,0,101325,100
200520000000,0,0,9.81,0,0,0.5037404550385962,0,0,0,101325,100
200540000000,0,0,9.81,0,0,0.5048641087394414,0,0,0,101325,100
200560000000,0,0,9.81,0,0,0.5035871157374305,0,0,0,101325,100
200580000000,0,0,9.81,0,0,0.5036376452022728,0,0,0,101325,100
200600000000,0,0,9.81,0,0,0.5039089342542237,0,0,0,101325,100
200620000000,0,0,9.81,0,0,0.5036618801439247,0,0,0,101325,100
200640000000,0,0,9.81,0,0,0.5033007891807086,0,0,0,101325,100
200660000000,0,0,9.81,0,0,0.5023539613120088,0,0,0,101325,100
200680000000,0,0,9.81,0,0,0.5024112583696999,0,0,0,101325,100
200700000000,0,0,9.81,0,0,0.5039599351804346,0,0,0,101325,100
200720000000,0,0,9.81,0,0,0.5045493140331789,0,0,0,101325,100
200740000000,0,0,9.81,0,0,0.5051324193967562,0,0,0,101325,100
200760000000,0,0,9.81,0,0,0.5027505269192227,0,0,0,101325,100
200780000000,0,0,9.81,0,0,0.5033422868201275,0,0,0,101325,100
200800000000,0,0,9.81,0,0,0.5036799423516916,0,0,0,101325,100
200820000000,0,0,9.81,0,0,0.504474675123468,0,0,0,101325,100
200840000000,0,0,9.81,0,0,0.5043468978908868,0,0,0,101325,100
200860000000,0,0,9.81,0,0,0.5040351213458771,0,0,0,101325,100
200880000000,0,0,9.81,0,0,0.5035075766412841,0,0,0,101325,100
200900000000,0,0,9.81,0,0,0.5024958588588371,0,0,0,101325,100
200920000000,0,0,9.81,0,0,0.5027921137694242,0,0,0,101325,100
200940000000,0,0,9.81,0,0,0.5043697300878512,0,0,0,101325,100
200960000000,0,0,9.81,0,0,0.5026035639840991,0,0,0,101325,100
200980000000,0,0,9.81,0,0,0.504293591363207,0,0,0,101325,100
201000000000,0,0,9.81,0,0,0.5017383300163848,0,0,0,101325,100
201020000000,0,0,9.81,0,0,0.5022221450499524,0,0,0,101325,100
201040000000,0,0,9.81,0,0,0.5041732281667852,0,0,0,101325,100
201060000000,0,0,9.81,0,0,0.5044895212954894,0,0,0,101325,100
201080000000,0,0,9.81,0,0,0.5025909725461833,0,0,0,101325,100
201100000000,0,0,9.81,0,0,0.5027294261408027,0,0,0,101325,100
201120000000,0,0,9.81,0,0,0.5040743458074286,0,0,0,101325,100
201140000000,0,0,9.81,0,0,0.5022448693686593,0,0,0,101325,100
201160000000,0,0,9.81,0,0,0.5027431724200977,0,0,0,101325,100
201180000000,0,0,9.81,0,0,0.5043214299876081,0,0,0,101325,100
201200000000,0,0,9.81,0,0,0.5033526516920723,0,0,0,101325,100
201220000000,0,0,9.81,0,0,0.5038776659076988,0,0,0,101325,100
201240000000,0,0,9.81,0,0,0.5028726183244553,0,0,0,101325,100
201260000000,0,0,9.81,0,0,0.50293899116987,0,0,0,101325,100
201280000000,0,0,9.81,0,0,0.5052558850296874,0,0,0,101325,100
201300000000,0,0,9.81,0,0,0.50375093881223,0,0,0,101325,100
201320000000,0,0,9.81,0,0,0.5038443434290233,0,0,0,101325,100
201340000000,0,0,9.81,0,0,0.5020812048810064,0,0,0,101325,100
201360000000,0,0,9.81,0,0,0.503044146956548,0,0,0,101325,100
201380000000,0,0,9.81,0,0,0.5027816524778742,0,0,0,101325,100
201400000000,0,0,9.81,0,0,0.5027568392335686,0,0,0,101325,100
201420000000,0,0,9.81,0,0,0.5022760375959269,0,0,0,101325,100
201440000000,0,0,9.81,0,0,0.5027319909856705,0,0,0,101325,100
201460000000,0,0,9.81,0,0,0.5034271590782731,0,0,0,101325,100
201480000000,0,0,9.81,0,0,0.5029800783580116,0,0,0,101325,100
201500000000,0,0,9.81,0,0,0.5029772474092414,0,0,0,101325,100
201520000000,0,0,9.81,0,0,0.5030704897303477,0,0,0,101325,100
201540000000,0,0,9.81,0,0,0.5033381819316322,0,0,0,101325,100
201560000000,0,0,9.81,0,0,0.5028424515288953,0,0,0,101325,100
201580000000,0,0,9.81,0,0,0.5038007465416717,0,0,0,101325,100
201600000000,0,0,9.81,0,0,0.5050583841339251,0,0,0,101325,100
201620000000,0,0,9.81,0,0,0.5028429280378833,0,0,0,101325,100
201640000000,0,0,9.81,0,0,0.5043459826212713,0,0,0,101325,100
201660000000,0,0,9.81,0,0,0.5037148344211998,0,0,0,101325,100
201680000000,0,0,9.81,0,0,0.5032316068658945,0,0,0,101325,100
201700000000,0,0,9.81,0,0,0.5029583071462966,0,0,0,101325,100
201720000000,0,0,9.81,0,0,0.5034683904431276,0,0,0,101325,100
201740000000,0,0,9.81,0,0,0.5046732771017977,0,0,0,101325,100
201760000000,0,0,9.81,0,0,0.5036497742219154,0,0,0,101325,100
201780000000,0,0,9.81,0,0,0.5031693828756006,0,0,0,101325,100
201800000000,0,0,9.81,0,0,0.5045682010494085,0,0,0,101325,100
201820000000,0,0,9.81,0,0,0.5035180339169213,0,0,0,101325,100
201840000000,0,0,9.81,0,0,0.5033325826858075,0,0,0,101325,100
201860000000,0,0,9.81,0,0,0.5029825204295563,0,0,0,101325,100
201880000000,0,0,9.81,0,0,0.5024038320586055,0,0,0,101325,100
201900000000,0,0,9.81,0,0,0.5038452726858965,0,0,0,101325,100
201920000000,0,0,9.81,0,0,0.5028387519170879,0,0,0,101325,100
201940000000,0,0,9.81,0,0,0.5029796268429119,0,0,0,101325,100
201960000000,0,0,9.81,0,0,0.5031218921303208,0,0,0,101325,100
201980000000,0,0,9.81,0,0,0.5021801575149389,0,0,0,101325,100
202000000000,0,0,9.81,0,0,0.5039035811785603,0,0,0,101325,100
202020000000,0,0,9.81,0,0,0.504008616033278,0,0,0,101325,100
202040000000,0,0,9.81,0,0,0.5041304223537829,0,0,0,101325,100
202060000000,0,0,9.81,0,0,0.5034847806687799,0,0,0,101325,100
202080000000,0,0,9.81,0,0,0.5042796530061365,0,0,0,101325,100
202100000000,0,0,9.81,0,0,0.5045073602932298,0,0,0,101325,100
202120000000,0,0,9.81,0,0,0.5021019931761341,0,0,0,101325,100
202140000000,0,0,9.81,0,0,0.503549148118618,0,0,0,101325,100
202160000000,0,0,9.81,0,0,0.5024195161011418,0,0,0,101325,100
202180000000,0,0,9.81,0,0,0.5048106371527504,0,0,0,101325,100
202200000000,0,0,9.81,0,0,0.5041659530928069,0,0,0,101325,100
202220000000,0,0,9.81,0,0,0.5043549346105688,0,0,0,101325,100
202240000000,0,0,9.81,0,0,0.5041791197388151,0,0,0,101325,100
202260000000,0,0,9.81,0,0,0.5060367182613554,0,0,0,101325,100
202280000000,0,0,9.81,0,0,0.504531305733053,0,0,0,101325,100
202300000000,0,0,9.81,0,0,0.5035558438375374,0,0,0,101325,100
202320000000,0,0,9.81,0,0,0.5017692700162206,0,0,0,101325,100
202340000000,0,0,9.81,0,0,0.505775765337152,0,0,0,101325,100
202360000000,0,0,9.81,0,0,0.5033968383435329,0,0,0,101325,100
202380000000,0,0,9.81,0,0,0.50351134499895,0,0,0,101325,100
202400000000,0,0,9.81,0,0,0.5044750110563763,0,0,0,101325,100
202420000000,0,0,9.81,0,0,0.5047682257169587,0,0,0,101325,100
202440000000,0,0,9.81,0,0,0.5022791880958541,0,0,0,101325,100
202460000000,0,0,9.81,0,0,0.5036865988173542,0,0,0,101325,100
202480000000,0,0,9.81,0,0,0.5028639914556073,0,0,0,101325,100
202500000000,0,0,9.81,0,0,0.5023584339901803,0,0,0,101325,100
202520000000,0,0,9.81,0,0,0.5046491734548464,0,0,0,101325,100
202540000000,0,0,9.81,0,0,0.5027272476443146,0,0,0,101325,100
202560000000,0,0,9.81,0,0,0.5033503036223391,0,0,0,101325,100
202580000000,0,0,9.81,0,0,0.5029425920693179,0,0,0,101325,100
202600000000,0,0,9.81,0,0,0.503228178383953,0,0,0,101325,100
202620000000,0,0,9.81,0,0,0.5039120742391134,0,0,0,101325,100
202640000000,0,0,9.81,0,0,0.5040730036835138,0,0,0,101325,100
202660000000,0,0,9.81,0,0,0.5033910754236588,0,0,0,101325,100
202680000000,0,0,9.81,0,0,0.5041950948730531,0,0,0,101325,100
202700000000,0,0,9.81,0,0,0.5048921079511803,0,0,0,101325,100
202720000000,0,0,9.81,0,0,0.502541540764011,0,0,0,101325,100
202740000000,0,0,9.81,0,0,0.5022774063870178,0,0,0,101325,100
202760000000,0,0,9.81,0,0,0.5038500101824331,0,0,0,101325,100
202780000000,0,0,9.81,0,0,0.5021426913443658,0,0,0,101325,100
202800000000,0,0,9.81,0,0,0.5038676128619795,0,0,0,101325,100
202820000000,0,0,9.81,0,0,0.5047596680315346,0,0,0,101325,100
202840000000,0,0,9.81,0,0,0.5021468290833063,0,0,0,101325,100
202860000000,0,0,9.81,0,0,0.5029260094949768,0,0,0,101325,100
202880000000,0,0,9.81,0,0,0.5023636348773036,0,0,0,101325,100
202900000000,0,0,9.81,0,0,0.5028376339532141,0,0,0,101325,100
202920000000,0,0,9.81,0,0,0.5026200911704876,0,0,0,101325,100
202940000000,0,0,9.81,0,0,0.5047223845103266,0,0,0,101325,100
202960000000,0,0,9.81,0,0,0.5025927221828079,0,0,0,101325,100
202980000000,0,0,9.81,0,0,0.5032508862358146,0,0,0,101325,100
203000000000,0,0,9.81,0,0,0.5031686382364923,0,0,0,101325,100
203020000000,0,0,9.81,0,0,0.5033326337486466,0,0,0,101325,100
203040000000,0,0,9.81,0,0,0.5040992105054305,0,0,0,101325,100
203060000000,0,0,9.81,0,0,0.5057637746393375,0,0,0,101325,100
203080000000,0,0,9.81,0,0,0.5033782100538584,0,0,0,101325,100
203100000000,0,0,9.81,0,0,0.5033648718213026,0,0,0,101325,100
203120000000,0,0,9.81,0,0,0.5045090542603563,0,0,0,101325,100
203140000000,0,0,9.81,0,0,0.5035504435723228,0,0,0,101325,100
203160000000,0,0,9.81,0,0,0.5042507059837303,0,0,0,101325,100
203180000000,0,0,9.81,0,0,0.5042614509491219,0,0,0,101325,100
203200000000,0,0,9.81,0,0,0.5031875972691628,0,0,0,101325,100
203220000000,0,0,9.81,0,0,0.5035044280293879,0,0,0,101325,100
203240000000,0,0,9.81,0,0,0.503841137961069,0,0,0,101325,100
203260000000,0,0,9.81,0,0,0.5025270574132227,0,0,0,101325,100
203280000000,0,0,9.81,0,0,0.5021219772845834,0,0,0,101325,100
203300000000,0,0,9.81,0,0,0.5041632989959146,0,0,0,101325,100
203320000000,0,0,9.81,0,0,0.5028220117701031,0,0,0,101325,100
203340000000,0,0,9.81,0,0,0.5031454963891626,0,0,0,101325,100
203360000000,0,0,9.81,0,0,0.5033008239279416,0,0,0,101325,100
203380000000,0,0,9.81,0,0,0.504472899011075,0,0,0,101325,100
203400000000,0,0,9.81,0,0,0.5046826372595625,0,0,0,101325,100
203420000000,0,0,9.81,0,0,0.5036065461724081,0,0,0,101325,100
203440000000,0,0,9.81,0,0,0.503285367988548,0,0,0,101325,100
203460000000,0,0,9.81,0,0,0.5047228058420031,0,0,0,101325,100
203480000000,0,0,9.81,0,0,0.5028173953393985,0,0,0,101325,100
203500000000,0,0,9.81,0,0,0.5039179937740261,0,0,0,101325,100
203520000000,0,0,9.81,0,0,0.5035515009195034,0,0,0,101325,100
203540000000,0,0,9.81,0,0,0.5023755835893888,0,0,0,101325,100
203560000000,0,0,9.81,0,0,0.5012191082735031,0,0,0,101325,100
203580000000,0,0,9.81,0,0,0.5034114696947211,0,0,0,101325,100
203600000000,0,0,9.81,0,0,0.5037371308075602,0,0,0,101325,100
203620000000,0,0,9.81,0,0,0.5036602558926992,0,0,0,101325,100
203640000000,0,0,9.81,0,0,0.5036073095167755,0,0,0,101325,100
203660000000,0,0,9.81,0,0,0.5031614000567765,0,0,0,101325,100
203680000000,0,0,9.81,0,0,0.5023897240060965,0,0,0,101325,100
203700000000,0,0,9.81,0,0,0.504674867023068,0,0,0,101325,100
203720000000,0,0,9.81,0,0,0.5044668996830255,0,0,0,101325,100
203740000000,0,0,9.81,0,0,0.5028403124420743,0,0,0,101325,100
203760000000,0,0,9.81,0,0,0.5032845842088898,0,0,0,101325,100
203780000000,0,0,9.81,0,0,0.5038781935372294,0,0,0,101325,100
203800000000,0,0,9.81,0,0,0.504077285097625,0,0,0,101325,100
203820000000,0,0,9.81,0,0,0.5025841292657658,0,0,0,101325,100
203840000000,0,0,9.81,0,0,0.5015153381092036,0,0,0,101325,100
203860000000,0,0,9.81,0,0,0.5046442432947864,0,0,0,101325,100
203880000000,0,0,9.81,0,0,0.5026022271629481,0,0,0,101325,100
203900000000,0,0,9.81,0,0,0.5040597411400608,0,0,0,101325,100
203920000000,0,0,9.81,0,0,0.5037916777875642,0,0,0,101325,100
203940000000,0,0,9.81,0,0,0.5016817399280556,0,0,0,101325,100
203960000000,0,0,9.81,0,0,0.5041511379134138,0,0,0,101325,100
203980000000,0,0,9.81,0,0,0.5034887776668243,0,0,0,101325,100
204000000000,0,0,9.81,0,0,0.5044319769284668,0,0,0,101325,100
204020000000,0,0,9.81,0,0,0.5020184091946045,0,0,0,101325,100
204040000000,0,0,9.81,0,0,0.5026991997389982,0,0,0,101325,100
204060000000,0,0,9.81,0,0,0.5039364771810442,0,0,0,101325,100
204080000000,0,0,9.81,0,0,0.50346033181516,0,0,0,101325,100
204100000000,0,0,9.81,0,0,0.5044881806285163,0,0,0,101325,100
204120000000,0,0,9.81,0,0,0.5035846272309302,0,0,0,101325,100
204140000000,0,0,9.81,0,0,0.5025255832471053,0,0,0,101325,100
204160000000,0,0,9.81,0,0,0.503923798081775,0,0,0,101325,100
204180000000,0,0,9.81,0,0,0.5043835197988565,0,0,0,101325,100
204200000000,0,0,9.81,0,0,0.5028606702730514,0,0,0,101325,100
204220000000,0,0,9.81,0,0,0.5026434375567679,0,0,0,101325,100
204240000000,0,0,9.81,0,0,0.5028707636148437,0,0,0,101325,100
204260000000,0,0,9.81,0,0,0.5029711710937508,0,0,0,101325,100
204280000000,0,0,9.81,0,0,0.5033444126766847,0,0,0,101325,100
204300000000,0,0,9.81,0,0,0.5028613338223732,0,0,0,101325,100
204320000000,0,0,9.81,0,0,0.503673891780088,0,0,0,101325,100
204340000000,0,0,9.81,0,0,0.5047295020817935,0,0,0,101325,100
204360000000,0,0,9.81,0,0,0.5048736488381688,0,0,0,101325,100
204380000000,0,0,9.81,0,0,0.5028414433949338,0,0,0,101325,100
204400000000,0,0,9.81,0,0,0.5041365351057655,0,0,0,101325,100
204420000000,0,0,9.81,0,0,0.5042384477757179,0,0,0,101325,100
204440000000,0,0,9.81,0,0,0.504443041741088,0,0,0,101325,100
204460000000,0,0,9.81,0,0,0.5040601318853261,0,0,0,101325,100
204480000000,0,0,9.81,0,0,0.5046803457550834,0,0,0,101325,100
204500000000,0,0,9.81,0,0,0.5029274722490146,0,0,0,101325,100
204520000000,0,0,9.81,0,0,0.5039916226518832,0,0,0,101325,100
204540000000,0,0,9.81,0,0,0.5033480834626147,0,0,0,101325,100
204560000000,0,0,9.81,0,0,0.5029103732669395,0,0,0,101325,100
204580000000,0,0,9.81,0,0,0.5018351582433503,0,0,0,101325,100
204600000000,0,0,9.81,0,0,0.5042068658469712,0,0,0,101325,100
204620000000,0,0,9.81,0,0,0.5027341014631592,0,0,0,101325,100
204640000000,0,0,9.81,0,0,0.5031405864927544,0,0,0,101325,100
204660000000,0,0,9.81,0,0,0.5026883719616885,0,0,0,101325,100
204680000000,0,0,9.81,0,0,0.5039992983523891,0,0,0,101325,100
204700000000,0,0,9.81,0,0,0.5033470282727937,0,0,0,101325,100
204720000000,0,0,9.81,0,0,0.503892320180988,0,0,0,101325,100
204740000000,0,0,9.81,0,0,0.5045905604964477,0,0,0,101325,100
204760000000,0,0,9.81,0,0,0.5046192940402141,0,0,0,101325,100
204780000000,0,0,9.81,0,0,0.5027469140321467,0,0,0,101325,100
204800000000,0,0,9.81,0,0,0.5040607774494641,0,0,0,101325,100
204820000000,0,0,9.81,0,0,0.5040465802052121,0,0,0,101325,100
204840000000,0,0,9.81,0,0,0.5024904397875838,0,0,0,101325,100
204860000000,0,0,9.81,0,0,0.5047729707233085,0,0,0,101325,100
204880000000,0,0,9.81,0,0,0.5040144944349154,0,0,0,101325,100
204900000000,0,0,9.81,0,0,0.5028484887314218,0,0,0,101325,100
204920000000,0,0,9.81,0,0,0.5036402514693313,0,0,0,101325,100
204940000000,0,0,9.81,0,0,0.5028446171966864,0,0,0,101325,100
204960000000,0,0,9.81,0,0,0.5040338366663409,0,0,0,101325,100
204980000000,0,0,9.81,0,0,0.5032699065543953,0,0,0,101325,100
205000000000,0,0,9.81,0,0,0.5037956318306072,0,0,0,101325,100
205020000000,0,0,9.81,0,0,0.5030431813764777,0,0,0,101325,100
205040000000,0,0,9.81,0,0,0.5041484800082375,0,0,0,101325,100
205060000000,0,0,9.81,0,0,0.5045173188709559,0,0,0,101325,100
205080000000,0,0,9.81,0,0,0.5033760144320143,0,0,0,101325,100
205100000000,0,0,9.81,0,0,0.5041366976905347,0,0,0,101325,100
205120000000,0,0,9.81,0,0,0.5027384370156681,0,0,0,101325,100
205140000000,0,0,9.81,0,0,0.503540822130272,0,0,0,101325,100
205160000000,0,0,9.81,0,0,0.5026339632083568,0,0,0,101325,100
205180000000,0,0,9.81,0,0,0.5030910462997427,0,0,0,101325,100
205200000000,0,0,9.81,0,0,0.5047951624591552,0,0,0,101325,100
205220000000,0,0,9.81,0,0,0.502025990890422,0,0,0,101325,100
205240000000,0,0,9.81,0,0,0.5036361815739597,0,0,0,101325,100
205260000000,0,0,9.81,0,0,0.5019108184488738,0,0,0,101325,100
205280000000,0,0,9.81,0,0,0.5049624128970387,0,0,0,101325,100
205300000000,0,0,9.81,0,0,0.5045490826311133,0,0,0,101325,100
205320000000,0,0,9.81,0,0,0.503465747488574,0,0,0,101325,100
205340000000,0,0,9.81,0,0,0.5045571312469957,0,0,0,101325,100
205360000000,0,0,9.81,0,0,0.501635326167956,0,0,0,101325,100
205380000000,0,0,9.81,0,0,0.5034218021131995,0,0,0,101325,100
205400000000,0,0,9.81,0,0,0.5040492036580229,0,0,0,101325,100
205420000000,0,0,9.81,0,0,0.5033652371475129,0,0,0,101325,100
205440000000,0,0,9.81,0,0,0.5017729020267898,0,0,0,101325,100
205460000000,0,0,9.81,0,0,0.5038591444299497,0,0,0,101325,100
205480000000,0,0,9.81,0,0,0.505289337938996,0,0,0,101325,100
205500000000,0,0,9.81,0,0,0.5021217726134377,0,0,0,101325,100
205520000000,0,0,9.81,0,0,0.5039442819146954,0,0,0,101325,100
205540000000,0,0,9.81,0,0,0.5038992997479842,0,0,0,101325,100
205560000000,0,0,9.81,0,0,0.5049336959760173,0,0,0,101325,100
205580000000,0,0,9.81,0,0,0.5031993480041942,0,0,0,101325,100
205600000000,0,0,9.81,0,0,0.5037782716134998,0,0,0,101325,100
205620000000,0,0,9.81,0,0,0.5004121371638675,0,0,0,101325,100
205640000000,0,0,9.81,0,0,0.5047567235701335,0,0,0,101325,100
205660000000,0,0,9.81,0,0,0.5023952761169463,0,0,0,101325,100
205680000000,0,0,9.81,0,0,0.504635773638734,0,0,0,101325,100
205700000000,0,0,9.81,0,0,0.5036823895809378,0,0,0,101325,100
205720000000,0,0,9.81,0,0,0.5028531393640211,0,0,0,101325,100
205740000000,0,0,9.81,0,0,0.5044161333080216,0,0,0,101325,100
205760000000,0,0,9.81,0,0,0.5034127731156708,0,0,0,101325,100
205780000000,0,0,9.81,0,0,0.5043550437220219,0,0,0,101325,100
205800000000,0,0,9.81,0,0,0.5022940569607275,0,0,0,101325,100
205820000000,0,0,9.81,0,0,0.5037888789562699,0,0,0,101325,100
205840000000,0,0,9.81,0,0,0.5043767856031145,0,0,0,101325,100
205860000000,0,0,9.81,0,0,0.5052864119141445,0,0,0,101325,100
205880000000,0,0,9.81,0,0,0.504984512383382,0,0,0,101325,100
205900000000,0,0,9.81,0,0,0.5044211215163958,0,0,0,101325,100
205920000000,0,0,9.81,0,0,0.5040526217351936,0,0,0,101325,100
205940000000,0,0,9.81,0,0,0.5037528216506245,0,0,0,101325,100
205960000000,0,0,9.81,0,0,0.502799355217623,0,0,0,101325,100
205980000000,0,0,9.81,0,0,0.5038569318218381,0,0,0,101325,100
206000000000,0,0,9.81,0,0,0.5035266996795489,0,0,0,101325,100
206020000000,0,0,9.81,0,0,0.5037838524252984,0,0,0,101325,100
206040000000,0,0,9.81,0,0,0.5039076129354366,0,0,0,101325,100
206060000000,0,0,9.81,0,0,0.5043304673504683,0,0,0,101325,100
206080000000,0,0,9.81,0,0,0.5046025021082279,0,0,0,101325,100
206100000000,0,0,9.81,0,0,0.5034686627373467,0,0,0,101325,100
206120000000,0,0,9.81,0,0,0.5022946239425502,0,0,0,101325,100
206140000000,0,0,9.81,0,0,0.5045389971330299,0,0,0,101325,100
206160000000,0,0,9.81,0,0,0.5033305884456508,0,0,0,101325,100
206180000000,0,0,9.81,0,0,0.5030253902921897,0,0,0,101325,100
206200000000,0,0,9.81,0,0,0.5033635703764887,0,0,0,101325,100
206220000000,0,0,9.81,0,0,0.5025273237978402,0,0,0,101325,100
206240000000,0,0,9.81,0,0,0.5041572907617703,0,0,0,101325,100
206260000000,0,0,9.81,0,0,0.5032226731065018,0,0,0,101325,100
206280000000,0,0,9.81,0,0,0.5041296888319163,0,0,0,101325,100
206300000000,0,0,9.81,0,0,0.5025068103686711,0,0,0,101325,100
206320000000,0,0,9.81,0,0,0.5027164394257598,0,0,0,101325,100
206340000000,0,0,9.81,0,0,0.5036103329298783,0,0,0,101325,100
206360000000,0,0,9.81,0,0,0.5043238135360985,0,0,0,101325,100
206380000000,0,0,9.81,0,0,0.5052128848600074,0,0,0,101325,100
206400000000,0,0,9.81,0,0,0.5031816985936971,0,0,0,101325,100
206420000000,0,0,9.81,0,0,0.5043906614135355,0,0,0,101325,100
206440000000,0,0,9.81,0,0,0.5036929972102958,0,0,0,101325,100
206460000000,0,0,9.81,0,0,0.5037404628742375,0,0,0,101325,100
206480000000,0,0,9.81,0,0,0.5043317605004822,0,0,0,101325,100
206500000000,0,0,9.81,0,0,0.503342979622032,0,0,0,101325,100
206520000000,0,0,9.81,0,0,0.5032365120574062,0,0,0,101325,100
206540000000,0,0,9.81,0,0,0.5035399385204301,0,0,0,101325,100
206560000000,0,0,9.81,0,0,0.5029299553031139,0,0,0,101325,100
206580000000,0,0,9.81,0,0,0.5059385729677399,0,0,0,101325,100
206600000000,0,0,9.81,0,0,0.501881279470621,0,0,0,101325,100
206620000000,0,0,9.81,0,0,0.5045574418092403,0,0,0,101325,100
206640000000,0,0,9.81,0,0,0.5022938884075727,0,0,0,101325,100
206660000000,0,0,9.81,0,0,0.505076514579916,0,0,0,101325,100
206680000000,0,0,9.81,0,0,0.5023207807073038,0,0,0,101325,100
206700000000,0,0,9.81,0,0,0.5052704226698607,0,0,0,101325,100
206720000000,0,0,9.81,0,0,0.5050012948077839,0,0,0,101325,100
206740000000,0,0,9.81,0,0,0.503112042471386,0,0,0,101325,100
206760000000,0,0,9.81,0,0,0.5036164658603002,0,0,0,101325,100
206780000000,0,0,9.81,0,0,0.5046493809874029,0,0,0,101325,100
206800000000,0,0,9.81,0,0,0.5045263561054877,0,0,0,101325,100
206820000000,0,0,9.81,0,0,0.5038533963254949,0,0,0,101325,100
206840000000,0,0,9.81,0,0,0.5030517812152387,0,0,0,101325,100
206860000000,0,0,9.81,0,0,0.5042598740832398,0,0,0,101325,100
206880000000,0,0,9.81,0,0,0.5034261234563959,0,0,0,101325,100
206900000000,0,0,9.81,0,0,0.5044542622737517,0,0,0,101325,100
206920000000,0,0,9.81,0,0,0.503474438009219,0,0,0,101325,100
206940000000,0,0,9.81,0,0,0.5031640393437574,0,0,0,101325,100
206960000000,0,0,9.81,0,0,0.503581502577273,0,0,0,101325,100
206980000000,0,0,9.81,0,0,0.5018834858512329,0,0,0,101325,100
207000000000,0,0,9.81,0,0,0.503484496380338,0,0,0,101325,100
207020000000,0,0,9.81,0,0,0.5038549836685359,0,0,0,101325,100
207040000000,0,0,9.81,0,0,0.5033297665199366,0,0,0,101325,100
207060000000,0,0,9.81,0,0,0.5044874156972374,0,0,0,101325,100
207080000000,0,0,9.81,0,0,0.50276082754122,0,0,0,101325,100
207100000000,0,0,9.81,0,0,0.5025624606327512,0,0,0,101325,100
207120000000,0,0,9.81,0,0,0.504197199558652,0,0,0,101325,100
207140000000,0,0,9.81,0,0,0.5047741885840956,0,0,0,101325,100
207160000000,0,0,9.81,0,0,0.5022977173431102,0,0,0,101325,100
207180000000,0,0,9.81,0,0,0.504024739313403,0,0,0,101325,100
207200000000,0,0,9.81,0,0,0.5039924907630593,0,0,0,101325,100
207220000000,0,0,9.81,0,0,0.5023307425826963,0,0,0,101325,100
207240000000,0,0,9.81,0,0,0.5044792365667997,0,0,0,101325,100
207260000000,0,0,9.81,0,0,0.5028470972615864,0,0,0,101325,100
207280000000,0,0,9.81,0,0,0.5051790713374592,0,0,0,101325,100
207300000000,0,0,9.81,0,0,0.502580405475809,0,0,0,101325,100
207320000000,0,0,9.81,0,0,0.5034335347913854,0,0,0,101325,100
207340000000,0,0,9.81,0,0,0.5027132018868254,0,0,0,101325,100
207360000000,0,0,9.81,0,0,0.5031946522403019,0,0,0,101325,100
207380000000,0,0,9.81,0,0,0.5029940837015219,0,0,0,101325,100
207400000000,0,0,9.81,0,0,0.5022461852251574,0,0,0,101325,100
207420000000,0,0,9.81,0,0,0.5038911125319648,0,0,0,101325,100
207440000000,0,0,9.81,0,0,0.5041557277668175,0,0,0,101325,100
207460000000,0,0,9.81,0,0,0.5039700539132318,0,0,0,101325,100
207480000000,0,0,9.81,0,0,0.5015689328793596,0,0,0,101325,100
207500000000,0,0,9.81,0,0,0.5027683009533559,0,0,0,101325,100
207520000000,0,0,9.81,0,0,0.5036796895582153,0,0,0,101325,100
207540000000,0,0,9.81,0,0,0.504932951946821,0,0,0,101325,100
207560000000,0,0,9.81,0,0,0.5021632315386954,0,0,0,101325,100
207580000000,0,0,9.81,0,0,0.5057498407227349,0,0,0,101325,100
207600000000,0,0,9.81,0,0,0.5023666243853528,0,0,0,101325,100
207620000000,0,0,9.81,0,0,0.5030126943033586,0,0,0,101325,100
207640000000,0,0,9.81,0,0,0.5041056934347546,0,0,0,101325,100
207660000000,0,0,9.81,0,0,0.5041288642004272,0,0,0,101325,100
207680000000,0,0,9.81,0,0,0.5023426960545647,0,0,0,101325,100
207700000000,0,0,9.81,0,0,0.5039358723319686,0,0,0,101325,100
207720000000,0,0,9.81,0,0,0.5038883385275703,0,0,0,101325,100
207740000000,0,0,9.81,0,0,0.5043846087423276,0,0,0,101325,100
207760000000,0,0,9.81,0,0,0.5030814989546761,0,0,0,101325,100
207780000000,0,0,9.81,0,0,0.5035714216971815,0,0,0,101325,100
207800000000,0,0,9.81,0,0,0.5031581296937163,0,0,0,101325,100
207820000000,0,0,9.81,0,0,0.5050873721875563,0,0,0,101325,100
207840000000,0,0,9.81,0,0,0.5040290948714711,0,0,0,101325,100
207860000000,0,0,9.81,0,0,0.5021716147365309,0,0,0,101325,100
207880000000,0,0,9.81,0,0,0.5048227714044055,0,0,0,101325,100
207900000000,0,0,9.81,0,0,0.5037141008479746,0,0,0,101325,100
207920000000,0,0,9.81,0,0,0.5036483409616057,0,0,0,101325,100
207940000000,0,0,9.81,0,0,0.5047221568199797,0,0,0,101325,100
207960000000,0,0,9.81,0,0,0.503837020494214,0,0,0,101325,100
207980000000,0,0,9.81,0,0,0.5044938345899371,0,0,0,101325,100
208000000000,0,0,9.81,0,0,0.5034846608139449,0,0,0,101325,100
208020000000,0,0,9.81,0,0,0.5037976855359914,0,0,0,101325,100
208040000000,0,0,9.81,0,0,0.5043564452838556,0,0,0,101325,100
208060000000,0,0,9.81,0,0,0.5024605362666632,0,0,0,101325,100
208080000000,0,0,9.81,0,0,0.504091394246017,0,0,0,101325,100
208100000000,0,0,9.81,0,0,0.5028912750765085,0,0,0,101325,100
208120000000,0,0,9.81,0,0,0.5014340088585186,0,0,0,101325,100
208140000000,0,0,9.81,0,0,0.5048744789489449,0,0,0,101325,100
208160000000,0,0,9.81,0,0,0.5055818174319308,0,0,0,101325,100
208180000000,0,0,9.81,0,0,0.5044655570723597,0,0,0,101325,100
208200000000,0,0,9.81,0,0,0.5028065099510173,0,0,0,101325,100
208220000000,0,0,9.81,0,0,0.5040308673376199,0,0,0,101325,100
208240000000,0,0,9.81,0,0,0.5041948797600501,0,0,0,101325,100
208260000000,0,0,9.81,0,0,0.5031261848726263,0,0,0,101325,100
208280000000,0,0,9.81,0,0,0.5035584215761884,0,0,0,101325,100
208300000000,0,0,9.81,0,0,0.5035888251227284,0,0,0,101325,100
208320000000,0,0,9.81,0,0,0.5021902778085365,0,0,0,101325,100
208340000000,0,0,9.81,0,0,0.5024719738611274,0,0,0,101325,100
208360000000,0,0,9.81,0,0,0.5032413465968096,0,0,0,101325,100
208380000000,0,0,9.81,0,0,0.5023854774012766,0,0,0,101325,100
208400000000,0,0,9.81,0,0,0.5036946144142943,0,0,0,101325,100
208420000000,0,0,9.81,0,0,0.5046143527162553,0,0,0,101325,100
208440000000,0,0,9.81,0,0,0.5030873759153129,0,0,0,101325,100
208460000000,0,0,9.81,0,0,0.5015591942816608,0,0,0,101325,100
208480000000,0,0,9.81,0,0,0.5039931013417958,0,0,0,101325,100
208500000000,0,0,9.81,0,0,0.5044189070069077,0,0,0,101325,100
208520000000,0,0,9.81,0,0,0.5047020340555911,0,0,0,101325,100
208540000000,0,0,9.81,0,0,0.5049502577064632,0,0,0,101325,100
208560000000,0,0,9.81,0,0,0.5034296476344302,0,0,0,101325,100
208580000000,0,0,9.81,0,0,0.5036100908322974,0,0,0,101325,100
208600000000,0,0,9.81,0,0,0.5026298038835324,0,0,0,101325,100
208620000000,0,0,9.81,0,0,0.5023028417852463,0,0,0,101325,100
208640000000,0,0,9.81,0,0,0.5045578504882776,0,0,0,101325,100
208660000000,0,0,9.81,0,0,0.5035018402460945,0,0,0,101325,100
208680000000,0,0,9.81,0,0,0.5048373100526932,0,0,0,101325,100
208700000000,0,0,9.81,0,0,0.5044840785001554,0,0,0,101325,100
208720000000,0,0,9.81,0,0,0.5047234504807443,0,0,0,101325,100
208740000000,0,0,9.81,0,0,0.5032470393335949,0,0,0,101325,100
208760000000,0,0,9.81,0,0,0.5032681385709279,0,0,0,101325,100
208780000000,0,0,9.81,0,0,0.5031138392850815,0,0,0,101325,100
208800000000,0,0,9.81,0,0,0.5046539917317525,0,0,0,101325,100
208820000000,0,0,9.81,0,0,0.5039006238639256,0,0,0,101325,100
208840000000,0,0,9.81,0,0,0.5044157822155105,0,0,0,101325,100
208860000000,0,0,9.81,0,0,0.5038983530470459,0,0,0,101325,100
208880000000,0,0,9.81,0,0,0.5054501840248106,0,0,0,101325,100
208900000000,0,0,9.81,0,0,0.503810307984873,0,0,0,101325,100
208920000000,0,0,9.81,0,0,0.504025551679384,0,0,0,101325,100
208940000000,0,0,9.81,0,0,0.5023824332610256,0,0,0,101325,100
208960000000,0,0,9.81,0,0,0.5043300157506115,0,0,0,101325,100
208980000000,0,0,9.81,0,0,0.5036582835459242,0,0,0,101325,100
209000000000,0,0,9.81,0,0,0.5026119510467201,0,0,0,101325,100
209020000000,0,0,9.81,0,0,0.5051673183533887,0,0,0,101325,100
209040000000,0,0,9.81,0,0,0.5042633399398521,0,0,0,101325,100
209060000000,0,0,9.81,0,0,0.5038259289625727,0,0,0,101325,100
209080000000,0,0,9.81,0,0,0.5034719681833991,0,0,0,101325,100
209100000000,0,0,9.81,0,0,0.5026920915455173,0,0,0,101325,100
209120000000,0,0,9.81,0,0,0.5034676189337263,0,0,0,101325,100
209140000000,0,0,9.81,0,0,0.5037842170648941,0,0,0,101325,100
209160000000,0,0,9.81,0,0,0.5040807988968026,0,0,0,101325,100
209180000000,0,0,9.81,0,0,0.5041891787030188,0,0,0,101325,100
209200000000,0,0,9.81,0,0,0.5017773661371476,0,0,0,101325,100
209220000000,0,0,9.81,0,0,0.5037345960614636,0,0,0,101325,100
209240000000,0,0,9.81,0,0,0.504392605694307,0,0,0,101325,100
209260000000,0,0,9.81,0,0,0.5037913719206135,0,0,0,101325,100
209280000000,0,0,9.81,0,0,0.503261352321881,0,0,0,101325,100
209300000000,0,0,9.81,0,0,0.5043316816288392,0,0,0,101325,100
209320000000,0,0,9.81,0,0,0.504074233313611,0,0,0,101325,100
209340000000,0,0,9.81,0,0,0.5049668468364341,0,0,0,101325,100
209360000000,0,0,9.81,0,0,0.5037483471699697,0,0,0,101325,100
209380000000,0,0,9.81,0,0,0.5041839965435213,0,0,0,101325,100
209400000000,0,0,9.81,0,0,0.5028857465603424,0,0,0,101325,100
209420000000,0,0,9.81,0,0,0.503081748455659,0,0,0,101325,100
209440000000,0,0,9.81,0,0,0.5026697378722463,0,0,0,101325,100
209460000000,0,0,9.81,0,0,0.5029475302073334,0,0,0,101325,100
209480000000,0,0,9.81,0,0,0.5041749934169166,0,0,0,101325,100
209500000000,0,0,9.81,0,0,0.503672941956267,0,0,0,101325,100
209520000000,0,0,9.81,0,0,0.5047132742009137,0,0,0,101325,100
209540000000,0,0,9.81,0,0,0.5029221418841682,0,0,0,101325,100
209560000000,0,0,9.81,0,0,0.5060903444104754,0,0,0,101325,100
209580000000,0,0,9.81,0,0,0.5021291343377702,0,0,0,101325,100
209600000000,0,0,9.81,0,0,0.5045806369057657,0,0,0,101325,100
209620000000,0,0,9.81,0,0,0.5042405069640704,0,0,0,101325,100
209640000000,0,0,9.81,0,0,0.5030603119299772,0,0,0,101325,100
209660000000,0,0,9.81,0,0,0.503708485932421,0,0,0,101325,100
209680000000,0,0,9.81,0,0,0.5042903796849605,0,0,0,101325,100
209700000000,0,0,9.81,0,0,0.5020741630348067,0,0,0,101325,100
209720000000,0,0,9.81,0,0,0.5042452381954655,0,0,0,101325,100
209740000000,0,0,9.81,0,0,0.5042536914738749,0,0,0,101325,100
209760000000,0,0,9.81,0,0,0.5042684196761623,0,0,0,101325,100
209780000000,0,0,9.81,0,0,0.5040447065094711,0,0,0,101325,100
209800000000,0,0,9.81,0,0,0.504111055561587,0,0,0,101325,100
209820000000,0,0,9.81,0,0,0.505346569137002,0,0,0,101325,100
209840000000,0,0,9.81,0,0,0.5038845693194615,0,0,0,101325,100
209860000000,0,0,9.81,0,0,0.5043081412783417,0,0,0,101325,100
209880000000,0,0,9.81,0,0,0.5028875508480032,0,0,0,101325,100
209900000000,0,0,9.81,0,0,0.504028578122198,0,0,0,101325,100
209920000000,0,0,9.81,0,0,0.5044366411884392,0,0,0,101325,100
209940000000,0,0,9.81,0,0,-0.19595155122708313,0,0,0,101325,100
209960000000,0,0,9.81,0,0,-0.19506689482898673,0,0,0,101325,100
209980000000,0,0,9.81,0,0,-0.19518365446516414,0,0,0,101325,100
210000000000,0,0,9.81,0,0,-0.19413520149438104,0,0,0,101325,100
210020000000,0,0,9.81,0,0,-0.19464613908716263,0,0,0,101325,100
210040000000,0,0,9.81,0,0,-0.19424787245622407,0,0,0,101325,100
210060000000,0,0,9.81,0,0,-0.19511579853101244,0,0,0,101325,100
210080000000,0,0,9.81,0,0,-0.1942424327030813,0,0,0,101325,100
210100000000,0,0,9.81,0,0,-0.19564534312301013,0,0,0,101325,100
210120000000,0,0,9.81,0,0,-0.19479745923053493,0,0,0,101325,100
210140000000,0,0,9.81,0,0,-0.19495524402559594,0,0,0,101325,100
210160000000,0,0,9.81,0,0,-0.19449094114838034,0,0,0,101325,100
210180000000,0,0,9.81,0,0,-0.19466433725203294,0,0,0,101325,100
210200000000,0,0,9.81,0,0,-0.1945351978412526,0,0,0,101325,100
210220000000,0,0,9.81,0,0,-0.19650436818479383,0,0,0,101325,100
210240000000,0,0,9.81,0,0,-0.19638678371818608,0,0,0,101325,100
210260000000,0,0,9.81,0,0,-0.1946400272043264,0,0,0,101325,100
210280000000,0,0,9.81,0,0,-0.19488140974188886,0,0,0,101325,100
210300000000,0,0,9.81,0,0,-0.1959906263008589,0,0,0,101325,100
210320000000,0,0,9.81,0,0,-0.19536753244322702,0,0,0,101325,100
210340000000,0,0,9.81,0,0,-0.1944891060101067,0,0,0,101325,100
210360000000,0,0,9.81,0,0,-0.19574932689154473,0,0,0,101325,100
210380000000,0,0,9.81,0,0,-0.19625749655701277,0,0,0,101325,100
210400000000,0,0,9.81,0,0,-0.1935320730817096,0,0,0,101325,100
210420000000,0,0,9.81,0,0,-0.19565643511930825,0,0,0,101325,100
210440000000,0,0,9.81,0,0,-0.1961553582456587,0,0,0,101325,100
210460000000,0,0,9.81,0,0,-0.19539705302736507,0,0,0,101325,100
210480000000,0,0,9.81,0,0,-0.19471864476055994,0,0,0,101325,100
210500000000,0,0,9.81,0,0,-0.1952241213454688,0,0,0,101325,100
210520000000,0,0,9.81,0,0,-0.1947394925933541,0,0,0,101325,100
210540000000,0,0,9.81,0,0,-0.1958050099100518,0,0,0,101325,100
210560000000,0,0,9.81,0,0,-0.19502294840532877,0,0,0,101325,100
210580000000,0,0,9.81,0,0,-0.19469189008565693,0,0,0,101325,100
210600000000,0,0,9.81,0,0,-0.19590826813001802,0,0,0,101325,100
210620000000,0,0,9.81,0,0,-0.19521014617514862,0,0,0,101325,100
210640000000,0,0,9.81,0,0,-0.1957634692596174,0,0,0,101325,100
210660000000,0,0,9.81,0,0,-0.19507687553223604,0,0,0,101325,100
210680000000,0,0,9.81,0,0,-0.19565178857346296,0,0,0,101325,100
210700000000,0,0,9.81,0,0,-0.19447511266783366,0,0,0,101325,100
210720000000,0,0,9.81,0,0,-0.19546974291865604,0,0,0,101325,100
210740000000,0,0,9.81,0,0,-0.19437272388298002,0,0,0,101325,100
210760000000,0,0,9.81,0,0,-0.19483659282408766,0,0,0,101325,100
210780000000,0,0,9.81,0,0,-0.1962162054887639,0,0,0,101325,100
210800000000,0,0,9.81,0,0,-0.19518117730003667,0,0,0,101325,100
210820000000,0,0,9.81,0,0,-0.19496509881279475,0,0,0,101325,100
210840000000,0,0,9.81,0,0,-0.19600051997813484,0,0,0,101325,100
210860000000,0,0,9.81,0,0,-0.19513467768991763,0,0,0,101325,100
210880000000,0,0,9.81,0,0,-0.1950145812627913,0,0,0,101325,100
210900000000,0,0,9.81,0,0,-0.19511526559153755,0,0,0,101325,100
210920000000,0,0,9.81,0,0,-0.1949137439832417,0,0,0,101325,100
210940000000,0,0,9.81,0,0,-0.19622456063108984,0,0,0,101325,100
210960000000,0,0,9.81,0,0,-0.19490650219846148,0,0,0,101325,100
210980000000,0,0,9.81,0,0,-0.19541361648032055,0,0,0,101325,100
211000000000,0,0,9.81,0,0,-0.1955483998499219,0,0,0,101325,100
211020000000,0,0,9.81,0,0,-0.19430419862403606,0,0,0,101325,100
211040000000,0,0,9.81,0,0,-0.19566103922674954,0,0,0,101325,100
211060000000,0,0,9.81,0,0,-0.19552318913869643,0,0,0,101325,100
211080000000,0,0,9.81,0,0,-0.194655271257246,0,0,0,101325,100
211100000000,0,0,9.81,0,0,-0.19507806283386736,0,0,0,101325,100
211120000000,0,0,9.81,0,0,-0.1959805119264279,0,0,0,101325,100
211140000000,0,0,9.81,0,0,-0.19605954744205414,0,0,0,101325,100
211160000000,0,0,9.81,0,0,-0.19383024561764936,0,0,0,101325,100
211180000000,0,0,9.81,0,0,-0.19514076451717605,0,0,0,101325,100
211200000000,0,0,9.81,0,0,-0.19571727661931612,0,0,0,101325,100
211220000000,0,0,9.81,0,0,-0.19435823352113465,0,0,0,101325,100
211240000000,0,0,9.81,0,0,-0.196025580474497,0,0,0,101325,100
211260000000,0,0,9.81,0,0,-0.19596493146596172,0,0,0,101325,100
211280000000,0,0,9.81,0,0,-0.19426904401702602,0,0,0,101325,100
211300000000,0,0,9.81,0,0,-0.19456472564243377,0,0,0,101325,100
211320000000,0,0,9.81,0,0,-0.19530994870547405,0,0,0,101325,100
211340000000,0,0,9.81,0,0,-0.19532415379330925,0,0,0,101325,100
211360000000,0,0,9.81,0,0,-0.19413588678771346,0,0,0,101325,100
211380000000,0,0,9.81,0,0,-0.19530199406653845,0,0,0,101325,100
211400000000,0,0,9.81,0,0,-0.1951240706961526,0,0,0,101325,100
211420000000,0,0,9.81,0,0,-0.19489679610563396,0,0,0,101325,100
211440000000,0,0,9.81,0,0,-0.19572984729079745,0,0,0,101325,100
211460000000,0,0,9.81,0,0,-0.19428009542808355,0,0,0,101325,100
211480000000,0,0,9.81,0,0,-0.19492359683686572,0,0,0,101325,100
211500000000,0,0,9.81,0,0,-0.19571706219080973,0,0,0,101325,100
211520000000,0,0,9.81,0,0,-0.1943211035242587,0,0,0,101325,100
211540000000,0,0,9.81,0,0,-0.19480704099075435,0,0,0,101325,100
211560000000,0,0,9.81,0,0,-0.19711733156740074,0,0,0,101325,100
211580000000,0,0,9.81,0,0,-0.1929147002363231,0,0,0,101325,100
211600000000,0,0,9.81,0,0,-0.1961515550147062,0,0,0,101325,100
211620000000,0,0,9.81,0,0,-0.19615151421294835,0,0,0,101325,100
211640000000,0,0,9.81,0,0,-0.19492800790564158,0,0,0,101325,100
211660000000,0,0,9.81,0,0,-0.19462949072356775,0,0,0,101325,100
211680000000,0,0,9.81,0,0,-0.19482075069375712,0,0,0,101325,100
211700000000,0,0,9.81,0,0,-0.1960665415609262,0,0,0,101325,100
211720000000,0,0,9.81,0,0,-0.192994339370001,0,0,0,101325,100
211740000000,0,0,9.81,0,0,-0.19527043350532472,0,0,0,101325,100
211760000000,0,0,9.81,0,0,-0.19546593290904368,0,0,0,101325,100
211780000000,0,0,9.81,0,0,-0.1945573323849789,0,0,0,101325,100
211800000000,0,0,9.81,0,0,-0.19439026338680065,0,0,0,101325,100
211820000000,0,0,9.81,0,0,-0.19416655303193037,0,0,0,101325,100
211840000000,0,0,9.81,0,0,-0.19512007053309305,0,0,0,101325,100
211860000000,0,0,9.81,0,0,-0.1961531312994026,0,0,0,101325,100
211880000000,0,0,9.81,0,0,-0.19488093589075625,0,0,0,101325,100
211900000000,0,0,9.81,0,0,-0.1951229666050611,0,0,0,101325,100
211920000000,0,0,9.81,0,0,-0.1944279911123232,0,0,0,101325,100
211940000000,0,0,9.81,0,0,-0.19409665915145813,0,0,0,101325,100
211960000000,0,0,9.81,0,0,-0.19513146685975535,0,0,0,101325,100
211980000000,0,0,9.81,0,0,-0.19531004228994495,0,0,0,101325,100
212000000000,0,0,9.81,0,0,-0.19453003093553975,0,0,0,101325,100
212020000000,0,0,9.81,0,0,-0.19572461139273245,0,0,0,101325,100
212040000000,0,0,9.81,0,0,-0.19501996925075915,0,0,0,101325,100
212060000000,0,0,9.81,0,0,-0.19467629640806716,0,0,0,101325,100
212080000000,0,0,9.81,0,0,-0.1941476239587692,0,0,0,101325,100
212100000000,0,0,9.81,0,0,-0.19523750962020348,0,0,0,101325,100
212120000000,0,0,9.81,0,0,-0.19430591992503524,0,0,0,101325,100
212140000000,0,0,9.81,0,0,-0.19538728950329903,0,0,0,101325,100
212160000000,0,0,9.81,0,0,-0.19517703975923525,0,0,0,101325,100
212180000000,0,0,9.81,0,0,-0.19476507393437836,0,0,0,101325,100
212200000000,0,0,9.81,0,0,-0.1936045535484979,0,0,0,101325,100
212220000000,0,0,9.81,0,0,-0.19633605651159577,0,0,0,101325,100
212240000000,0,0,9.81,0,0,-0.19552465378777342,0,0,0,101325,100
212260000000,0,0,9.81,0,0,-0.19535835745021407,0,0,0,101325,100
212280000000,0,0,9.81,0,0,-0.194938157391655,0,0,0,101325,100
212300000000,0,0,9.81,0,0,-0.19542649328123338,0,0,0,101325,100
212320000000,0,0,9.81,0,0,-0.19640750430952683,0,0,0,101325,100
212340000000,0,0,9.81,0,0,-0.19508865124506639,0,0,0,101325,100
212360000000,0,0,9.81,0,0,-0.19401878469967826,0,0,0,101325,100
212380000000,0,0,9.81,0,0,-0.19470792565761583,0,0,0,101325,100
212400000000,0,0,9.81,0,0,-0.19526182803414402,0,0,0,101325,100
212420000000,0,0,9.81,0,0,-0.19501328791701167,0,0,0,101325,100
212440000000,0,0,9.81,0,0,-0.19452852720251576,0,0,0,101325,100
212460000000,0,0,9.81,0,0,-0.19612567992558247,0,0,0,101325,100
212480000000,0,0,9.81,0,0,-0.19613915059541795,0,0,0,101325,100
212500000000,0,0,9.81,0,0,-0.19491215717335036,0,0,0,101325,100
212520000000,0,0,9.81,0,0,-0.19309008795003432,0,0,0,101325,100
212540000000,0,0,9.81,0,0,-0.1965653671073453,0,0,0,101325,100
212560000000,0,0,9.81,0,0,-0.19468330712449966,0,0,0,101325,100
212580000000,0,0,9.81,0,0,-0.19373079464528115,0,0,0,101325,100
212600000000,0,0,9.81,0,0,-0.19301103456794333,0,0,0,101325,100
212620000000,0,0,9.81,0,0,-0.1952088144682683,0,0,0,101325,100
212640000000,0,0,9.81,0,0,-0.19523285165380164,0,0,0,101325,100
212660000000,0,0,9.81,0,0,-0.19506744073641405,0,0,0,101325,100
212680000000,0,0,9.81,0,0,-0.19548710741643424,0,0,0,101325,100
212700000000,0,0,9.81,0,0,-0.19567448760509534,0,0,0,101325,100
212720000000,0,0,9.81,0,0,-0.19385917265617963,0,0,0,101325,100
212740000000,0,0,9.81,0,0,-0.19418033906082546,0,0,0,101325,100
212760000000,0,0,9.81,0,0,-0.19527043641612019,0,0,0,101325,100
212780000000,0,0,9.81,0,0,-0.19689408369355718,0,0,0,101325,100
212800000000,0,0,9.81,0,0,-0.19512740816813026,0,0,0,101325,100
212820000000,0,0,9.81,0,0,-0.19263362883211135,0,0,0,101325,100
212840000000,0,0,9.81,0,0,-0.19447302873321037,0,0,0,101325,100
212860000000,0,0,9.81,0,0,-0.19566307541772326,0,0,0,101325,100
212880000000,0,0,9.81,0,0,-0.1958937497869305,0,0,0,101325,100
212900000000,0,0,9.81,0,0,-0.1964813527547662,0,0,0,101325,100
212920000000,0,0,9.81,0,0,-0.19550034549383027,0,0,0,101325,100
212940000000,0,0,9.81,0,0,-0.19465682292817837,0,0,0,101325,100
212960000000,0,0,9.81,0,0,-0.19315252786829726,0,0,0,101325,100
212980000000,0,0,9.81,0,0,-0.19511478577834565,0,0,0,101325,100
213000000000,0,0,9.81,0,0,-0.19544491988682594,0,0,0,101325,100
213020000000,0,0,9.81,0,0,-0.19457697757416745,0,0,0,101325,100
213040000000,0,0,9.81,0,0,-0.1945351934906929,0,0,0,101325,100
213060000000,0,0,9.81,0,0,-0.19516684971432136,0,0,0,101325,100
213080000000,0,0,9.81,0,0,-0.19474827366631584,0,0,0,101325,100
213100000000,0,0,9.81,0,0,-0.19465898596563883,0,0,0,101325,100
213120000000,0,0,9.81,0,0,-0.19445110885505426,0,0,0,101325,100
213140000000,0,0,9.81,0,0,-0.1939164223609155,0,0,0,101325,100
213160000000,0,0,9.81,0,0,-0.1961252286584014,0,0,0,101325,100
213180000000,0,0,9.81,0,0,-0.19452152283300142,0,0,0,101325,100
213200000000,0,0,9.81,0,0,-0.19554186381652597,0,0,0,101325,100
213220000000,0,0,9.81,0,0,-0.19410350957208572,0,0,0,101325,100
213240000000,0,0,9.81,0,0,-0.1940751629396608,0,0,0,101325,100
213260000000,0,0,9.81,0,0,-0.19527948612435775,0,0,0,101325,100
213280000000,0,0,9.81,0,0,-0.19509531939984756,0,0,0,101325,100
213300000000,0,0,9.81,0,0,-0.19527923908162498,0,0,0,101325,100
213320000000,0,0,9.81,0,0,-0.1927049675959009,0,0,0,101325,100
213340000000,0,0,9.81,0,0,-0.19353571466073133,0,0,0,101325,100
213360000000,0,0,9.81,0,0,-0.19620512534957912,0,0,0,101325,100
213380000000,0,0,9.81,0,0,-0.19526693336515202,0,0,0,101325,100
213400000000,0,0,9.81,0,0,-0.19390845931620745,0,0,0,101325,100
213420000000,0,0,9.81,0,0,-0.1948542545047378,0,0,0,101325,100
213440000000,0,0,9.81,0,0,-0.19689751725689178,0,0,0,101325,100
213460000000,0,0,9.81,0,0,-0.195355128591561,0,0,0,101325,100
213480000000,0,0,9.81,0,0,-0.19517461119079732,0,0,0,101325,100
213500000000,0,0,9.81,0,0,-0.1941087656813395,0,0,0,101325,100
213520000000,0,0,9.81,0,0,-0.195559507240591,0,0,0,101325,100
213540000000,0,0,9.81,0,0,-0.19419384303783582,0,0,0,101325,100
213560000000,0,0,9.81,0,0,-0.1933342907256531,0,0,0,101325,100
213580000000,0,0,9.81,0,0,-0.1954350138729428,0,0,0,101325,100
213600000000,0,0,9.81,0,0,-0.1961073788880091,0,0,0,101325,100
213620000000,0,0,9.81,0,0,-0.1955780445566021,0,0,0,101325,100
213640000000,0,0,9.81,0,0,-0.1949070497819408,0,0,0,101325,100
213660000000,0,0,9.81,0,0,-0.1943245215973417,0,0,0,101325,100
213680000000,0,0,9.81,0,0,-0.19413847559292566,0,0,0,101325,100
213700000000,0,0,9.81,0,0,-0.19337557257768365,0,0,0,101325,100
213720000000,0,0,9.81,0,0,-0.19590929780503327,0,0,0,101325,100
213740000000,0,0,9.81,0,0,-0.19493305632056307,0,0,0,101325,100
213760000000,0,0,9.81,0,0,-0.19589463252157863,0,0,0,101325,100
213780000000,0,0,9.81,0,0,-0.19562050476197726,0,0,0,101325,100
213800000000,0,0,9.81,0,0,-0.193363682732095,0,0,0,101325,100
213820000000,0,0,9.81,0,0,-0.19317097035545971,0,0,0,101325,100
213840000000,0,0,9.81,0,0,-0.1957577889037189,0,0,0,101325,100
213860000000,0,0,9.81,0,0,-0.19577264773870875,0,0,0,101325,100
213880000000,0,0,9.81,0,0,-0.19429151442665124,0,0,0,101325,100
213900000000,0,0,9.81,0,0,-0.19499415061267636,0,0,0,101325,100
213920000000,0,0,9.81,0,0,-0.19562971752442268,0,0,0,101325,100
213940000000,0,0,9.81,0,0,-0.1958494538361924,0,0,0,101325,100
213960000000,0,0,9.81,0,0,-0.19424076327882525,0,0,0,101325,100
213980000000,0,0,9.81,0,0,-0.19540480816819122,0,0,0,101325,100
214000000000,0,0,9.81,0,0,-0.19635485637566985,0,0,0,101325,100
214020000000,0,0,9.81,0,0,-0.19435071675935442,0,0,0,101325,100
214040000000,0,0,9.81,0,0,-0.1951846780026005,0,0,0,101325,100
214060000000,0,0,9.81,0,0,-0.19503150486717502,0,0,0,101325,100
214080000000,0,0,9.81,0,0,-0.19541691317212725,0,0,0,101325,100
214100000000,0,0,9.81,0,0,-0.19333337330231032,0,0,0,101325,100
214120000000,0,0,9.81,0,0,-0.19394014055482292,0,0,0,101325,100
214140000000,0,0,9.81,0,0,-0.19476915671835346,0,0,0,101325,100
214160000000,0,0,9.81,0,0,-0.19372444515381593,0,0,0,101325,100
214180000000,0,0,9.81,0,0,-0.1958962046914112,0,0,0,101325,100
214200000000,0,0,9.81,0,0,-0.1959644924756262,0,0,0,101325,100
214220000000,0,0,9.81,0,0,-0.1967694782665768,0,0,0,101325,100
214240000000,0,0,9.81,0,0,-0.19463100269423256,0,0,0,101325,100
214260000000,0,0,9.81,0,0,-0.19398754054131542,0,0,0,101325,100
214280000000,0,0,9.81,0,0,-0.1956280922546998,0,0,0,101325,100
214300000000,0,0,9.81,0,0,-0.19473634406527707,0,0,0,101325,100
214320000000,0,0,9.81,0,0,-0.19438768885761046,0,0,0,101325,100
214340000000,0,0,9.81,0,0,-0.19389275976236095,0,0,0,101325,100
214360000000,0,0,9.81,0,0,-0.1939703968798168,0,0,0,101325,100
214380000000,0,0,9.81,0,0,-0.1953282489445461,0,0,0,101325,100
214400000000,0,0,9.81,0,0,-0.19456097398918545,0,0,0,101325,100
214420000000,0,0,9.81,0,0,-0.1954128848242281,0,0,0,101325,100
214440000000,0,0,9.81,0,0,-0.19522573269254023,0,0,0,101325,100
214460000000,0,0,9.81,0,0,-0.19446212198988855,0,0,0,101325,100
214480000000,0,0,9.81,0,0,-0.1943549637132199,0,0,0,101325,100
214500000000,0,0,9.81,0,0,-0.1942205554444737,0,0,0,101325,100
214520000000,0,0,9.81,0,0,-0.1961102877532152,0,0,0,101325,100
214540000000,0,0,9.81,0,0,-0.1944343220113527,0,0,0,101325,100
214560000000,0,0,9.81,0,0,-0.19451466041744345,0,0,0,101325,100
214580000000,0,0,9.81,0,0,-0.1954080544594505,0,0,0,101325,100
214600000000,0,0,9.81,0,0,-0.19582422974191518,0,0,0,101325,100
214620000000,0,0,9.81,0,0,-0.19614609463078606,0,0,0,101325,100
214640000000,0,0,9.81,0,0,-0.19519486291286536,0,0,0,101325,100
214660000000,0,0,9.81,0,0,-0.1958454219644115,0,0,0,101325,100
214680000000,0,0,9.81,0,0,-0.19460105742742,0,0,0,101325,100
214700000000,0,0,9.81,0,0,-0.19434567649910306,0,0,0,101325,100
214720000000,0,0,9.81,0,0,-0.19460540283924574,0,0,0,101325,100
214740000000,0,0,9.81,0,0,-0.19389647938739482,0,0,0,101325,100
214760000000,0,0,9.81,0,0,-0.19548444688368247,0,0,0,101325,100
214780000000,0,0,9.81,0,0,-0.19469774317227093,0,0,0,101325,100
214800000000,0,0,9.81,0,0,-0.19531703225520872,0,0,0,101325,100
214820000000,0,0,9.81,0,0,-0.19368495949259298,0,0,0,101325,100
214840000000,0,0,9.81,0,0,-0.19302749997049826,0,0,0,101325,100
214860000000,0,0,9.81,0,0,-0.1953060400380346,0,0,0,101325,100
214880000000,0,0,9.81,0,0,-0.19429508902467493,0,0,0,101325,100
214900000000,0,0,9.81,0,0,-0.19566458178627988,0,0,0,101325,100
214920000000,0,0,9.81,0,0,-0.19393608516240757,0,0,0,101325,100
214940000000,0,0,9.81,0,0,-0.19525469699496797,0,0,0,101325,100
214960000000,0,0,9.81,0,0,-0.19390425174479467,0,0,0,101325,100
214980000000,0,0,9.81,0,0,-0.1936189213009515,0,0,0,101325,100
215000000000,0,0,9.81,0,0,-0.19413427047175094,0,0,0,101325,100
215020000000,0,0,9.81,0,0,-0.19514071520203677,0,0,0,101325,100
215040000000,0,0,9.81,0,0,-0.1940926465001901,0,0,0,101325,100
215060000000,0,0,9.81,0,0,-0.19505911813367374,0,0,0,101325,100
215080000000,0,0,9.81,0,0,-0.19517439434184874,0,0,0,101325,100
215100000000,0,0,9.81,0,0,-0.19677338389702423,0,0,0,101325,100
215120000000,0,0,9.81,0,0,-0.1945100036496792,0,0,0,101325,100
215140000000,0,0,9.81,0,0,-0.19550732003351734,0,0,0,101325,100
215160000000,0,0,9.81,0,0,-0.19437036868968022,0,0,0,101325,100
215180000000,0,0,9.81,0,0,-0.19509781537956003,0,0,0,101325,100
215200000000,0,0,9.81,0,0,-0.1958665383558509,0,0,0,101325,100
215220000000,0,0,9.81,0,0,-0.19581396439616489,0,0,0,101325,100
215240000000,0,0,9.81,0,0,-0.19532679382902385,0,0,0,101325,100
215260000000,0,0,9.81,0,0,-0.19432287255770778,0,0,0,101325,100
215280000000,0,0,9.81,0,0,-0.19550406713201648,0,0,0,101325,100
215300000000,0,0,9.81,0,0,-0.19554648915564005,0,0,0,101325,100
215320000000,0,0,9.81,0,0,-0.1953202524511014,0,0,0,101325,100
215340000000,0,0,9.81,0,0,-0.195565203054272,0,0,0,101325,100
215360000000,0,0,9.81,0,0,-0.19518224569107404,0,0,0,101325,100
215380000000,0,0,9.81,0,0,-0.1937952852318138,0,0,0,101325,100
215400000000,0,0,9.81,0,0,-0.1951846789363181,0,0,0,101325,100
215420000000,0,0,9.81,0,0,-0.19603641269112135,0,0,0,101325,100
215440000000,0,0,9.81,0,0,-0.19517692345898113,0,0,0,101325,100
215460000000,0,0,9.81,0,0,-0.19489604394150872,0,0,0,101325,100
215480000000,0,0,9.81,0,0,-0.1969177378453104,0,0,0,101325,100
215500000000,0,0,9.81,0,0,-0.1964994572863789,0,0,0,101325,100
215520000000,0,0,9.81,0,0,-0.19494541411384259,0,0,0,101325,100
215540000000,0,0,9.81,0,0,-0.1941825731402731,0,0,0,101325,100
215560000000,0,0,9.81,0,0,-0.19668201487776824,0,0,0,101325,100
215580000000,0,0,9.81,0,0,-0.19543977595122933,0,0,0,101325,100
215600000000,0,0,9.81,0,0,-0.19593248400777888,0,0,0,101325,100
215620000000,0,0,9.81,0,0,-0.19465581640629198,0,0,0,101325,100
215640000000,0,0,9.81,0,0,-0.19469807195898078,0,0,0,101325,100
215660000000,0,0,9.81,0,0,-0.19611536485079245,0,0,0,101325,100
215680000000,0,0,9.81,0,0,-0.1971855338640537,0,0,0,101325,100
215700000000,0,0,9.81,0,0,-0.19550358365156778,0,0,0,101325,100
215720000000,0,0,9.81,0,0,-0.19439118732939,0,0,0,101325,100
215740000000,0,0,9.81,0,0,-0.19504749150671657,0,0,0,101325,100
215760000000,0,0,9.81,0,0,-0.19561315652682934,0,0,0,101325,100
215780000000,0,0,9.81,0,0,-0.19485224284558295,0,0,0,101325,100
215800000000,0,0,9.81,0,0,-0.19650341400923763,0,0,0,101325,100
215820000000,0,0,9.81,0,0,-0.19466413329088145,0,0,0,101325,100
215840000000,0,0,9.81,0,0,-0.1951650222697372,0,0,0,101325,100
215860000000,0,0,9.81,0,0,-0.19503175412046242,0,0,0,101325,100
215880000000,0,0,9.81,0,0,-0.19645857423137844,0,0,0,101325,100
215900000000,0,0,9.81,0,0,-0.19476245073502396,0,0,0,101325,100
215920000000,0,0,9.81,0,0,-0.1939877782733037,0,0,0,101325,100
215940000000,0,0,9.81,0,0,-0.1946979436066798,0,0,0,101325,100
215960000000,0,0,9.81,0,0,-0.19533446911472577,0,0,0,101325,100
215980000000,0,0,9.81,0,0,-0.19569150509668032,0,0,0,101325,100
216000000000,0,0,9.81,0,0,-0.19570139565961478,0,0,0,101325,100
216020000000,0,0,9.81,0,0,-0.19514048318000024,0,0,0,101325,100
216040000000,0,0,9.81,0,0,-0.19505329412493344,0,0,0,101325,100
216060000000,0,0,9.81,0,0,-0.19514216034480192,0,0,0,101325,100
216080000000,0,0,9.81,0,0,-0.19538972366613014,0,0,0,101325,100
216100000000,0,0,9.81,0,0,-0.1947234995423544,0,0,0,101325,100
216120000000,0,0,9.81,0,0,-0.19525948076713867,0,0,0,101325,100
216140000000,0,0,9.81,0,0,-0.1952880379333726,0,0,0,101325,100
216160000000,0,0,9.81,0,0,-0.19380807952000806,0,0,0,101325,100
216180000000,0,0,9.81,0,0,-0.194047006480289,0,0,0,101325,100
216200000000,0,0,9.81,0,0,-0.19367348047395816,0,0,0,101325,100
216220000000,0,0,9.81,0,0,-0.19405858802293247,0,0,0,101325,100
216240000000,0,0,9.81,0,0,-0.1952004481120273,0,0,0,101325,100
216260000000,0,0,9.81,0,0,-0.1945801151485102,0,0,0,101325,100
216280000000,0,0,9.81,0,0,-0.19444843633141792,0,0,0,101325,100
216300000000,0,0,9.81,0,0,-0.1952310606757862,0,0,0,101325,100
216320000000,0,0,9.81,0,0,-0.19677490537708164,0,0,0,101325,100
216340000000,0,0,9.81,0,0,-0.1943642391634839,0,0,0,101325,100
216360000000,0,0,9.81,0,0,-0.19425345425495352,0,0,0,101325,100
216380000000,0,0,9.81,0,0,-0.19332233355057524,0,0,0,101325,100
216400000000,0,0,9.81,0,0,-0.19446031895972532,0,0,0,101325,100
216420000000,0,0,9.81,0,0,-0.19462001409378246,0,0,0,101325,100
216440000000,0,0,9.81,0,0,-0.1950871815109871,0,0,0,101325,100
216460000000,0,0,9.81,0,0,-0.19426022426500106,0,0,0,101325,100
216480000000,0,0,9.81,0,0,-0.1952775806636905,0,0,0,101325,100
216500000000,0,0,9.81,0,0,-0.1942610890973196,0,0,0,101325,100
216520000000,0,0,9.81,0,0,-0.19383955409429776,0,0,0,101325,100
216540000000,0,0,9.81,0,0,-0.19359507517601177,0,0,0,101325,100
216560000000,0,0,9.81,0,0,-0.19455626090842243,0,0,0,101325,100
216580000000,0,0,9.81,0,0,-0.1956775148800195,0,0,0,101325,100
216600000000,0,0,9.81,0,0,-0.19457273369570452,0,0,0,101325,100
216620000000,0,0,9.81,0,0,-0.19367769862113843,0,0,0,101325,100
216640000000,0,0,9.81,0,0,-0.1933112315311687,0,0,0,101325,100
216660000000,0,0,9.81,0,0,-0.19459628569562978,0,0,0,101325,100
216680000000,0,0,9.81,0,0,-0.195538487222047,0,0,0,101325,100
216700000000,0,0,9.81,0,0,-0.19436399275032065,0,0,0,101325,100
216720000000,0,0,9.81,0,0,-0.19416349243069198,0,0,0,101325,100
216740000000,0,0,9.81,0,0,-0.19519923675102094,0,0,0,101325,100
216760000000,0,0,9.81,0,0,-0.19492774676083832,0,0,0,101325,100
216780000000,0,0,9.81,0,0,-0.19461411921294494,0,0,0,101325,100
216800000000,0,0,9.81,0,0,-0.19644306912408716,0,0,0,101325,100
216820000000,0,0,9.81,0,0,-0.1953801161284338,0,0,0,101325,100
216840000000,0,0,9.81,0,0,-0.19321431657519897,0,0,0,101325,100
216860000000,0,0,9.81,0,0,-0.1948467999731253,0,0,0,101325,100
216880000000,0,0,9.81,0,0,-0.19425492303088523,0,0,0,101325,100
216900000000,0,0,9.81,0,0,-0.19524466764417706,0,0,0,101325,100
216920000000,0,0,9.81,0,0,-0.19523912370919036,0,0,0,101325,100
216940000000,0,0,9.81,0,0,-0.1944001133846585,0,0,0,101325,100
216960000000,0,0,9.81,0,0,-0.19513816303310952,0,0,0,101325,100
216980000000,0,0,9.81,0,0,-0.1957677838816708,0,0,0,101325,100
217000000000,0,0,9.81,0,0,-0.19568995365924474,0,0,0,101325,100
217020000000,0,0,9.81,0,0,-0.19502019004806456,0,0,0,101325,100
217040000000,0,0,9.81,0,0,-0.19530815773085727,0,0,0,101325,100
217060000000,0,0,9.81,0,0,-0.19395254345555346,0,0,0,101325,100
217080000000,0,0,9.81,0,0,-0.19552753734741263,0,0,0,101325,100
217100000000,0,0,9.81,0,0,-0.19384360560803712,0,0,0,101325,100
217120000000,0,0,9.81,0,0,-0.1947593598150603,0,0,0,101325,100
217140000000,0,0,9.81,0,0,-0.19492346757847367,0,0,0,101325,100
217160000000,0,0,9.81,0,0,-0.195906875987149,0,0,0,101325,100
217180000000,0,0,9.81,0,0,-0.19566553201772147,0,0,0,101325,100
217200000000,0,0,9.81,0,0,-0.1950026432118335,0,0,0,101325,100
217220000000,0,0,9.81,0,0,-0.19560166575007512,0,0,0,101325,100
217240000000,0,0,9.81,0,0,-0.19506468974558458,0,0,0,101325,100
217260000000,0,0,9.81,0,0,-0.19520499134733393,0,0,0,101325,100
217280000000,0,0,9.81,0,0,-0.19408156961628845,0,0,0,101325,100
217300000000,0,0,9.81,0,0,-0.1945331776250464,0,0,0,101325,100
217320000000,0,0,9.81,0,0,-0.19569346725172682,0,0,0,101325,100
217340000000,0,0,9.81,0,0,-0.19525595698551362,0,0,0,101325,100
217360000000,0,0,9.81,0,0,-0.19428418403439343,0,0,0,101325,100
217380000000,0,0,9.81,0,0,-0.19472694679181554,0,0,0,101325,100
217400000000,0,0,9.81,0,0,-0.19502026011669704,0,0,0,101325,100
217420000000,0,0,9.81,0,0,-0.19432043305141372,0,0,0,101325,100
217440000000,0,0,9.81,0,0,-0.1936197731170389,0,0,0,101325,100
217460000000,0,0,9.81,0,0,-0.19560462813608845,0,0,0,101325,100
217480000000,0,0,9.81,0,0,-0.19486387041435088,0,0,0,101325,100
217500000000,0,0,9.81,0,0,-0.19398296707436566,0,0,0,101325,100
217520000000,0,0,9.81,0,0,-0.19392851683320936,0,0,0,101325,100
217540000000,0,0,9.81,0,0,-0.19633197915486503,0,0,0,101325,100
217560000000,0,0,9.81,0,0,-0.19521689299718992,0,0,0,101325,100
217580000000,0,0,9.81,0,0,-0.19560280893370438,0,0,0,101325,100
217600000000,0,0,9.81,0,0,-0.1950825691100638,0,0,0,101325,100
217620000000,0,0,9.81,0,0,-0.1954786269899617,0,0,0,101325,100
217640000000,0,0,9.81,0,0,-0.1947108370925483,0,0,0,101325,100
217660000000,0,0,9.81,0,0,-0.195708620997658,0,0,0,101325,100
217680000000,0,0,9.81,0,0,-0.19577971359818838,0,0,0,101325,100
217700000000,0,0,9.81,0,0,-0.19469578643284122,0,0,0,101325,100
217720000000,0,0,9.81,0,0,-0.19373795222576679,0,0,0,101325,100
217740000000,0,0,9.81,0,0,-0.1943554239789809,0,0,0,101325,100
217760000000,0,0,9.81,0,0,-0.19402715701748838,0,0,0,101325,100
217780000000,0,0,9.81,0,0,-0.19311185588780852,0,0,0,101325,100
217800000000,0,0,9.81,0,0,-0.19373070759350347,0,0,0,101325,100
217820000000,0,0,9.81,0,0,-0.1952634736436038,0,0,0,101325,100
217840000000,0,0,9.81,0,0,-0.19471551277564964,0,0,0,101325,100
217860000000,0,0,9.81,0,0,-0.19510984557259609,0,0,0,101325,100
217880000000,0,0,9.81,0,0,-0.1955636589856038,0,0,0,101325,100
217900000000,0,0,9.81,0,0,-0.19564477890456491,0,0,0,101325,100
217920000000,0,0,9.81,0,0,-0.1941643647890271,0,0,0,101325,100
217940000000,0,0,9.81,0,0,-0.1944679665079954,0,0,0,101325,100
217960000000,0,0,9.81,0,0,-0.19559290069895224,0,0,0,101325,100
217980000000,0,0,9.81,0,0,-0.1925914726895518,0,0,0,101325,100
218000000000,0,0,9.81,0,0,-0.1939224010226477,0,0,0,101325,100
218020000000,0,0,9.81,0,0,-0.1953293686458474,0,0,0,101325,100
218040000000,0,0,9.81,0,0,-0.19482532333949545,0,0,0,101325,100
218060000000,0,0,9.81,0,0,-0.19490031061375016,0,0,0,101325,100
218080000000,0,0,9.81,0,0,-0.19502607908283023,0,0,0,101325,100
218100000000,0,0,9.81,0,0,-0.19483450902937346,0,0,0,101325,100
218120000000,0,0,9.81,0,0,-0.19344711723931393,0,0,0,101325,100
218140000000,0,0,9.81,0,0,-0.19485288441007456,0,0,0,101325,100
218160000000,0,0,9.81,0,0,-0.19432793948996202,0,0,0,101325,100
218180000000,0,0,9.81,0,0,-0.19422912599031694,0,0,0,101325,100
218200000000,0,0,9.81,0,0,-0.19649158519443924,0,0,0,101325,100
218220000000,0,0,9.81,0,0,-0.1952417798037518,0,0,0,101325,100
218240000000,0,0,9.81,0,0,-0.19373126765510176,0,0,0,101325,100
218260000000,0,0,9.81,0,0,-0.19641193628349485,0,0,0,101325,100
218280000000,0,0,9.81,0,0,-0.19392541892958998,0,0,0,101325,100
218300000000,0,0,9.81,0,0,-0.19438801601636527,0,0,0,101325,100
218320000000,0,0,9.81,0,0,-0.1955601750018441,0,0,0,101325,100
218340000000,0,0,9.81,0,0,-0.19350468105153695,0,0,0,101325,100
218360000000,0,0,9.81,0,0,-0.19562607108523616,0,0,0,101325,100
218380000000,0,0,9.81,0,0,-0.19537959231726057,0,0,0,101325,100
218400000000,0,0,9.81,0,0,-0.19578211982004856,0,0,0,101325,100
218420000000,0,0,9.81,0,0,-0.19578883326116428,0,0,0,101325,100
218440000000,0,0,9.81,0,0,-0.19356310906705299,0,0,0,101325,100
218460000000,0,0,9.81,0,0,-0.19585353664566352,0,0,0,101325,100
218480000000,0,0,9.81,0,0,-0.195452810139422,0,0,0,101325,100
218500000000,0,0,9.81,0,0,-0.19416286980047348,0,0,0,101325,100
218520000000,0,0,9.81,0,0,-0.19635725306427027,0,0,0,101325,100
218540000000,0,0,9.81,0,0,-0.19449618738915098,0,0,0,101325,100
218560000000,0,0,9.81,0,0,-0.19560646853426747,0,0,0,101325,100
218580000000,0,0,9.81,0,0,-0.19322903260911975,0,0,0,101325,100
218600000000,0,0,9.81,0,0,-0.19443814149821778,0,0,0,101325,100
218620000000,0,0,9.81,0,0,-0.19658272513810363,0,0,0,101325,100
218640000000,0,0,9.81,0,0,-0.193660514436294,0,0,0,101325,100
218660000000,0,0,9.81,0,0,-0.19458248021165014,0,0,0,101325,100
218680000000,0,0,9.81,0,0,-0.19416166296823092,0,0,0,101325,100
218700000000,0,0,9.81,0,0,-0.19430655565912594,0,0,0,101325,100
218720000000,0,0,9.81,0,0,-0.19635712643814418,0,0,0,101325,100
218740000000,0,0,9.81,0,0,-0.1935542296790162,0,0,0,101325,100
218760000000,0,0,9.81,0,0,-0.1947534376492348,0,0,0,101325,100
218780000000,0,0,9.81,0,0,-0.19431063193758638,0,0,0,101325,100
218800000000,0,0,9.81,0,0,-0.19509611620850068,0,0,0,101325,100
218820000000,0,0,9.81,0,0,-0.19626893228593958,0,0,0,101325,100
218840000000,0,0,9.81,0,0,-0.19575378483412154,0,0,0,101325,100
218860000000,0,0,9.81,0,0,-0.1947255408951341,0,0,0,101325,100
218880000000,0,0,9.81,0,0,-0.1958043698678813,0,0,0,101325,100
218900000000,0,0,9.81,0,0,-0.1966255992021415,0,0,0,101325,100
218920000000,0,0,9.81,0,0,-0.19606643236516666,0,0,0,101325,100
218940000000,0,0,9.81,0,0,-0.1957650173129418,0,0,0,101325,100
218960000000,0,0,9.81,0,0,-0.1958035472951869,0,0,0,101325,100
218980000000,0,0,9.81,0,0,-0.19310936535283757,0,0,0,101325,100
219000000000,0,0,9.81,0,0,-0.19498104002354225,0,0,0,101325,100
219020000000,0,0,9.81,0,0,-0.19425543349822924,0,0,0,101325,100
219040000000,0,0,9.81,0,0,-0.1962483050102985,0,0,0,101325,100
219060000000,0,0,9.81,0,0,-0.19420096955866387,0,0,0,101325,100
219080000000,0,0,9.81,0,0,-0.19537189303368907,0,0,0,101325,100
219100000000,0,0,9.81,0,0,-0.19546590894858348,0,0,0,101325,100
219120000000,0,0,9.81,0,0,-0.1968560830853592,0,0,0,101325,100
219140000000,0,0,9.81,0,0,-0.1961147798551553,0,0,0,101325,100
219160000000,0,0,9.81,0,0,-0.1959044437079555,0,0,0,101325,100
219180000000,0,0,9.81,0,0,-0.19642547866622648,0,0,0,101325,100
219200000000,0,0,9.81,0,0,-0.1941244414800801,0,0,0,101325,100
219220000000,0,0,9.81,0,0,-0.19492203273863545,0,0,0,101325,100
219240000000,0,0,9.81,0,0,-0.19472773636484458,0,0,0,101325,100
219260000000,0,0,9.81,0,0,-0.19457120838803424,0,0,0,101325,100
219280000000,0,0,9.81,0,0,-0.19641613369583133,0,0,0,101325,100
219300000000,0,0,9.81,0,0,-0.1945153285470722,0,0,0,101325,100
219320000000,0,0,9.81,0,0,-0.19315384438797792,0,0,0,101325,100
219340000000,0,0,9.81,0,0,-0.19615018996645564,0,0,0,101325,100
219360000000,0,0,9.81,0,0,-0.1943967705578955,0,0,0,101325,100
219380000000,0,0,9.81,0,0,-0.1953224836734211,0,0,0,101325,100
219400000000,0,0,9.81,0,0,-0.19519837542953283,0,0,0,101325,100
219420000000,0,0,9.81,0,0,-0.19518325647484397,0,0,0,101325,100
219440000000,0,0,9.81,0,0,-0.19545648074857688,0,0,0,101325,100
219460000000,0,0,9.81,0,0,-0.1952303782777521,0,0,0,101325,100
219480000000,0,0,9.81,0,0,-0.1948795255844186,0,0,0,101325,100
219500000000,0,0,9.81,0,0,-0.19366060460952136,0,0,0,101325,100
219520000000,0,0,9.81,0,0,-0.19601029844950307,0,0,0,101325,100
219540000000,0,0,9.81,0,0,-0.19395008572746875,0,0,0,101325,100
219560000000,0,0,9.81,0,0,-0.19684544135360396,0,0,0,101325,100
219580000000,0,0,9.81,0,0,-0.19410289190324692,0,0,0,101325,100
219600000000,0,0,9.81,0,0,-0.1951491825943174,0,0,0,101325,100
219620000000,0,0,9.81,0,0,-0.19658094022265063,0,0,0,101325,100
219640000000,0,0,9.81,0,0,-0.1955660224779558,0,0,0,101325,100
219660000000,0,0,9.81,0,0,-0.19498689341115552,0,0,0,101325,100
219680000000,0,0,9.81,0,0,-0.1948627360179046,0,0,0,101325,100
219700000000,0,0,9.81,0,0,-0.19571745542205293,0,0,0,101325,100
219720000000,0,0,9.81,0,0,-0.19504171691648012,0,0,0,101325,100
219740000000,0,0,9.81,0,0,-0.19542895038114713,0,0,0,101325,100
219760000000,0,0,9.81,0,0,-0.1946803912899547,0,0,0,101325,100
219780000000,0,0,9.81,0,0,-0.19538354752015383,0,0,0,101325,100
219800000000,0,0,9.81,0,0,-0.1942706338089639,0,0,0,101325,100
219820000000,0,0,9.81,0,0,-0.19394670761967964,0,0,0,101325,100
219840000000,0,0,9.81,0,0,-0.1953358198537807,0,0,0,101325,100
219860000000,0,0,9.81,0,0,-0.1939944562717066,0,0,0,101325,100
219880000000,0,0,9.81,0,0,-0.19485415653567015,0,0,0,101325,100
219900000000,0,0,9.81,0,0,-0.1939400950241173,0,0,0,101325,100
219920000000,0,0,9.81,0,0,-0.19530241515732652,0,0,0,101325,100
219940000000,0,0,9.81,0,0,-0.19535405377080375,0,0,0,101325,100
219960000000,0,0,9.81,0,0,-0.19631876259491468,0,0,0,101325,100
219980000000,0,0,9.81,0,0,-0.19472773018457745,0,0,0,101325,100
220000000000,0,0,9.81,0,0,-0.19549892004264796,0,0,0,101325,100
220020000000,0,0,9.81,0,0,-0.19546853213835116,0,0,0,101325,100
220040000000,0,0,9.81,0,0,-0.19502145770435433,0,0,0,101325,100
220060000000,0,0,9.81,0,0,-0.1945702009663529,0,0,0,101325,100
220080000000,0,0,9.81,0,0,-0.1943752408546918,0,0,0,101325,100
220100000000,0,0,9.81,0,0,-0.19412844826357026,0,0,0,101325,100
220120000000,0,0,9.81,0,0,-0.1935486161703564,0,0,0,101325,100
220140000000,0,0,9.81,0,0,-0.19518414304496112,0,0,0,101325,100
220160000000,0,0,9.81,0,0,-0.1951675322774734,0,0,0,101325,100
220180000000,0,0,9.81,0,0,-0.19444892221748145,0,0,0,101325,100
220200000000,0,0,9.81,0,0,-0.19317490342764967,0,0,0,101325,100
220220000000,0,0,9.81,0,0,-0.1961395016828159,0,0,0,101325,100
220240000000,0,0,9.81,0,0,-0.1949945598796444,0,0,0,101325,100
220260000000,0,0,9.81,0,0,-0.19445198117493467,0,0,0,101325,100
220280000000,0,0,9.81,0,0,-0.19488273230827893,0,0,0,101325,100
220300000000,0,0,9.81,0,0,-0.1934266527875815,0,0,0,101325,100
220320000000,0,0,9.81,0,0,-0.19372661957181256,0,0,0,101325,100
220340000000,0,0,9.81,0,0,-0.1947902735015431,0,0,0,101325,100
220360000000,0,0,9.81,0,0,-0.19565535352663233,0,0,0,101325,100
220380000000,0,0,9.81,0,0,-0.19455387922868864,0,0,0,101325,100
220400000000,0,0,9.81,0,0,-0.19563769201589176,0,0,0,101325,100
220420000000,0,0,9.81,0,0,-0.19568854096845326,0,0,0,101325,100
220440000000,0,0,9.81,0,0,-0.1941366228696337,0,0,0,101325,100
220460000000,0,0,9.81,0,0,-0.19529151827834357,0,0,0,101325,100
220480000000,0,0,9.81,0,0,-0.19436607304558662,0,0,0,101325,100
220500000000,0,0,9.81,0,0,-0.1944580722458285,0,0,0,101325,100
220520000000,0,0,9.81,0,0,-0.19554824178768326,0,0,0,101325,100
220540000000,0,0,9.81,0,0,-0.19617776811035884,0,0,0,101325,100
220560000000,0,0,9.81,0,0,-0.19628197054643926,0,0,0,101325,100
220580000000,0,0,9.81,0,0,-0.19560234452967884,0,0,0,101325,100
220600000000,0,0,9.81,0,0,-0.19469388775021187,0,0,0,101325,100
220620000000,0,0,9.81,0,0,-0.19564923575763032,0,0,0,101325,100
220640000000,0,0,9.81,0,0,-0.1927245339872663,0,0,0,101325,100
220660000000,0,0,9.81,0,0,-0.19338900414441015,0,0,0,101325,100
220680000000,0,0,9.81,0,0,-0.1951057847040617,0,0,0,101325,100
220700000000,0,0,9.81,0,0,-0.1963470009086839,0,0,0,101325,100
220720000000,0,0,9.81,0,0,-0.19551384031543087,0,0,0,101325,100
220740000000,0,0,9.81,0,0,-0.19527356914314034,0,0,0,101325,100
220760000000,0,0,9.81,0,0,-0.19541946230439583,0,0,0,101325,100
220780000000,0,0,9.81,0,0,-0.19397448551100852,0,0,0,101325,100
220800000000,0,0,9.81,0,0,-0.19483095714989804,0,0,0,101325,100
220820000000,0,0,9.81,0,0,-0.1945508629750682,0,0,0,101325,100
220840000000,0,0,9.81,0,0,-0.19608434216031592,0,0,0,101325,100
220860000000,0,0,9.81,0,0,-0.19363413870580687,0,0,0,101325,100
220880000000,0,0,9.81,0,0,-0.19323513863820085,0,0,0,101325,100
220900000000,0,0,9.81,0,0,-0.195425433982476,0,0,0,101325,100
220920000000,0,0,9.81,0,0,-0.1946596719369461,0,0,0,101325,100
220940000000,0,0,9.81,0,0,-0.19412871128124626,0,0,0,101325,100
220960000000,0,0,9.81,0,0,-0.19567683497466878,0,0,0,101325,100
220980000000,0,0,9.81,0,0,-0.1939792005327347,0,0,0,101325,100
221000000000,0,0,9.81,0,0,-0.1944544796329952,0,0,0,101325,100
221020000000,0,0,9.81,0,0,-0.19508899124639936,0,0,0,101325,100
221040000000,0,0,9.81,0,0,-0.1929607494103095,0,0,0,101325,100
221060000000,0,0,9.81,0,0,-0.1944496329856921,0,0,0,101325,100
221080000000,0,0,9.81,0,0,-0.19291161100969959,0,0,0,101325,100
221100000000,0,0,9.81,0,0,-0.19570662431645006,0,0,0,101325,100
221120000000,0,0,9.81,0,0,-0.19388252033788364,0,0,0,101325,100
221140000000,0,0,9.81,0,0,-0.19452803191647922,0,0,0,101325,100
221160000000,0,0,9.81,0,0,-0.19505969891488448,0,0,0,101325,100
221180000000,0,0,9.81,0,0,-0.19457596173821093,0,0,0,101325,100
221200000000,0,0,9.81,0,0,-0.19406720512436912,0,0,0,101325,100
221220000000,0,0,9.81,0,0,-0.1946936668865856,0,0,0,101325,100
221240000000,0,0,9.81,0,0,-0.19618440907127666,0,0,0,101325,100
221260000000,0,0,9.81,0,0,-0.1947215228756432,0,0,0,101325,100
221280000000,0,0,9.81,0,0,-0.19454842624195628,0,0,0,101325,100
221300000000,0,0,9.81,0,0,-0.1944763493309712,0,0,0,101325,100
221320000000,0,0,9.81,0,0,-0.19570410754364975,0,0,0,101325,100
221340000000,0,0,9.81,0,0,-0.19526541599792688,0,0,0,101325,100
221360000000,0,0,9.81,0,0,-0.19455768804840884,0,0,0,101325,100
221380000000,0,0,9.81,0,0,-0.1945506141258423,0,0,0,101325,100
221400000000,0,0,9.81,0,0,-0.1943710044501775,0,0,0,101325,100
221420000000,0,0,9.81,0,0,-0.19437495150071174,0,0,0,101325,100
221440000000,0,0,9.81,0,0,-0.19496293969657183,0,0,0,101325,100
221460000000,0,0,9.81,0,0,-0.19556753242898517,0,0,0,101325,100
221480000000,0,0,9.81,0,0,-0.1951379552239125,0,0,0,101325,100
221500000000,0,0,9.81,0,0,-0.1941583938780539,0,0,0,101325,100
221520000000,0,0,9.81,0,0,-0.19523767589258828,0,0,0,101325,100
221540000000,0,0,9.81,0,0,-0.19479469902946184,0,0,0,101325,100
221560000000,0,0,9.81,0,0,-0.19395361105558812,0,0,0,101325,100
221580000000,0,0,9.81,0,0,-0.19474075951296596,0,0,0,101325,100
221600000000,0,0,9.81,0,0,-0.19492714038555653,0,0,0,101325,100
221620000000,0,0,9.81,0,0,-0.1937091368401056,0,0,0,101325,100
221640000000,0,0,9.81,0,0,-0.19659008657608312,0,0,0,101325,100
221660000000,0,0,9.81,0,0,-0.19653490345171512,0,0,0,101325,100
221680000000,0,0,9.81,0,0,-0.19448506639956592,0,0,0,101325,100
221700000000,0,0,9.81,0,0,-0.1955588759654374,0,0,0,101325,100
221720000000,0,0,9.81,0,0,-0.1949332286545527,0,0,0,101325,100
221740000000,0,0,9.81,0,0,-0.19538235942499527,0,0,0,101325,100
221760000000,0,0,9.81,0,0,-0.19581789880435171,0,0,0,101325,100
221780000000,0,0,9.81,0,0,-0.1950879727595011,0,0,0,101325,100
221800000000,0,0,9.81,0,0,-0.19270506397020948,0,0,0,101325,100
221820000000,0,0,9.81,0,0,-0.19536178420727843,0,0,0,101325,100
221840000000,0,0,9.81,0,0,-0.19275486524299235,0,0,0,101325,100
221860000000,0,0,9.81,0,0,-0.1944645429765987,0,0,0,101325,100
221880000000,0,0,9.81,0,0,-0.1948781859328583,0,0,0,101325,100
221900000000,0,0,9.81,0,0,-0.19549712204996608,0,0,0,101325,100
221920000000,0,0,9.81,0,0,-0.19517176477151857,0,0,0,101325,100
221940000000,0,0,9.81,0,0,-0.19545519909993986,0,0,0,101325,100
221960000000,0,0,9.81,0,0,-0.19523348062663023,0,0,0,101325,100
221980000000,0,0,9.81,0,0,-0.19378993062343428,0,0,0,101325,100
222000000000,0,0,9.81,0,0,-0.19532212791827108,0,0,0,101325,100
222020000000,0,0,9.81,0,0,-0.19462090477576324,0,0,0,101325,100
222040000000,0,0,9.81,0,0,-0.1933080183191796,0,0,0,101325,100
222060000000,0,0,9.81,0,0,-0.19287881515543678,0,0,0,101325,100
222080000000,0,0,9.81,0,0,-0.1940515218164787,0,0,0,101325,100
222100000000,0,0,9.81,0,0,-0.19468443266973331,0,0,0,101325,100
222120000000,0,0,9.81,0,0,-0.19560646982621932,0,0,0,101325,100
222140000000,0,0,9.81,0,0,-0.19546738497062321,0,0,0,101325,100
222160000000,0,0,9.81,0,0,-0.19521430605390536,0,0,0,101325,100
222180000000,0,0,9.81,0,0,-0.19644326430143122,0,0,0,101325,100
222200000000,0,0,9.81,0,0,-0.19555027599537128,0,0,0,101325,100
222220000000,0,0,9.81,0,0,-0.19539529721587293,0,0,0,101325,100
222240000000,0,0,9.81,0,0,-0.19623196763078743,0,0,0,101325,100
222260000000,0,0,9.81,0,0,-0.1942835584118003,0,0,0,101325,100
222280000000,0,0,9.81,0,0,-0.19390923989370842,0,0,0,101325,100
222300000000,0,0,9.81,0,0,-0.19477750621019377,0,0,0,101325,100
222320000000,0,0,9.81,0,0,-0.19584240989913335,0,0,0,101325,100
222340000000,0,0,9.81,0,0,-0.19581956836048423,0,0,0,101325,100
222360000000,0,0,9.81,0,0,-0.19350749081214508,0,0,0,101325,100
222380000000,0,0,9.81,0,0,-0.1949884113141831,0,0,0,101325,100
222400000000,0,0,9.81,0,0,-0.19436878198036317,0,0,0,101325,100
222420000000,0,0,9.81,0,0,-0.1954671516765556,0,0,0,101325,100
222440000000,0,0,9.81,0,0,-0.1943936101594457,0,0,0,101325,100
222460000000,0,0,9.81,0,0,-0.19454162463184427,0,0,0,101325,100
222480000000,0,0,9.81,0,0,-0.19405534738121713,0,0,0,101325,100
222500000000,0,0,9.81,0,0,-0.19446061932369307,0,0,0,101325,100
222520000000,0,0,9.81,0,0,-0.1962670178482578,0,0,0,101325,100
222540000000,0,0,9.81,0,0,-0.19590501053970785,0,0,0,101325,100
222560000000,0,0,9.81,0,0,-0.19534251690972718,0,0,0,101325,100
222580000000,0,0,9.81,0,0,-0.19377850561151283,0,0,0,101325,100
222600000000,0,0,9.81,0,0,-0.196097693480475,0,0,0,101325,100
222620000000,0,0,9.81,0,0,-0.19731107395314298,0,0,0,101325,100
222640000000,0,0,9.81,0,0,-0.19337640703195957,0,0,0,101325,100
222660000000,0,0,9.81,0,0,-0.19552531107640042,0,0,0,101325,100
222680000000,0,0,9.81,0,0,-0.19599080453127793,0,0,0,101325,100
222700000000,0,0,9.81,0,0,-0.1950705018198228,0,0,0,101325,100
222720000000,0,0,9.81,0,0,-0.19540915268030284,0,0,0,101325,100
222740000000,0,0,9.81,0,0,-0.19590615772125014,0,0,0,101325,100
222760000000,0,0,9.81,0,0,-0.19499708934651722,0,0,0,101325,100
222780000000,0,0,9.81,0,0,-0.19476734013550537,0,0,0,101325,100
222800000000,0,0,9.81,0,0,-0.19587251607128028,0,0,0,101325,100
222820000000,0,0,9.81,0,0,-0.19492607387811978,0,0,0,101325,100
222840000000,0,0,9.81,0,0,-0.19545788752067159,0,0,0,101325,100
222860000000,0,0,9.81,0,0,-0.19471773257612127,0,0,0,101325,100
222880000000,0,0,9.81,0,0,-0.19484225804449046,0,0,0,101325,100
222900000000,0,0,9.81,0,0,-0.19423271616120938,0,0,0,101325,100
222920000000,0,0,9.81,0,0,-0.19508363639949367,0,0,0,101325,100
222940000000,0,0,9.81,0,0,-0.19421894800601286,0,0,0,101325,100
222960000000,0,0,9.81,0,0,-0.193795288809914,0,0,0,101325,100
222980000000,0,0,9.81,0,0,-0.1945596232411982,0,0,0,101325,100
223000000000,0,0,9.81,0,0,-0.19421967554830877,0,0,0,101325,100
223020000000,0,0,9.81,0,0,-0.1943091396989728,0,0,0,101325,100
223040000000,0,0,9.81,0,0,-0.1947359597953932,0,0,0,101325,100
223060000000,0,0,9.81,0,0,-0.1934763071297746,0,0,0,101325,100
223080000000,0,0,9.81,0,0,-0.1945614595530945,0,0,0,101325,100
223100000000,0,0,9.81,0,0,-0.1961735758767339,0,0,0,101325,100
223120000000,0,0,9.81,0,0,-0.19443809261189046,0,0,0,101325,100
223140000000,0,0,9.81,0,0,-0.1972301590166804,0,0,0,101325,100
223160000000,0,0,9.81,0,0,-0.19420157923339545,0,0,0,101325,100
223180000000,0,0,9.81,0,0,-0.19667894565231978,0,0,0,101325,100
223200000000,0,0,9.81,0,0,-0.19630323639486658,0,0,0,101325,100
223220000000,0,0,9.81,0,0,-0.19464067008073613,0,0,0,101325,100
223240000000,0,0,9.81,0,0,-0.19465925025353564,0,0,0,101325,100
223260000000,0,0,9.81,0,0,-0.19482372136156953,0,0,0,101325,100
223280000000,0,0,9.81,0,0,-0.19388990286691454,0,0,0,101325,100
223300000000,0,0,9.81,0,0,-0.19507631887199234,0,0,0,101325,100
223320000000,0,0,9.81,0,0,-0.1966552791308645,0,0,0,101325,100
223340000000,0,0,9.81,0,0,-0.19506386828575653,0,0,0,101325,100
223360000000,0,0,9.81,0,0,-0.19510445347111308,0,0,0,101325,100
223380000000,0,0,9.81,0,0,-0.1949411388059462,0,0,0,101325,100
223400000000,0,0,9.81,0,0,-0.19535494492697408,0,0,0,101325,100
223420000000,0,0,9.81,0,0,-0.1945306585264723,0,0,0,101325,100
223440000000,0,0,9.81,0,0,-0.19485198040679919,0,0,0,101325,100
223460000000,0,0,9.81,0,0,-0.1942910408949966,0,0,0,101325,100
223480000000,0,0,9.81,0,0,-0.1938714873522634,0,0,0,101325,100
223500000000,0,0,9.81,0,0,-0.19566730737212082,0,0,0,101325,100
223520000000,0,0,9.81,0,0,-0.19446850341402186,0,0,0,101325,100
223540000000,0,0,9.81,0,0,-0.19376846946022297,0,0,0,101325,100
223560000000,0,0,9.81,0,0,-0.1952929596857983,0,0,0,101325,100
223580000000,0,0,9.81,0,0,-0.1953127846284017,0,0,0,101325,100
223600000000,0,0,9.81,0,0,-0.1955742497828657,0,0,0,101325,100
223620000000,0,0,9.81,0,0,-0.19486868836287416,0,0,0,101325,100
223640000000,0,0,9.81,0,0,-0.19574749685645665,0,0,0,101325,100
223660000000,0,0,9.81,0,0,-0.19671842374957474,0,0,0,101325,100
223680000000,0,0,9.81,0,0,-0.19372916379510596,0,0,0,101325,100
223700000000,0,0,9.81,0,0,-0.19400453685780167,0,0,0,101325,100
223720000000,0,0,9.81,0,0,-0.19479556971038792,0,0,0,101325,100
223740000000,0,0,9.81,0,0,-0.19455145254514938,0,0,0,101325,100
223760000000,0,0,9.81,0,0,-0.19491337316913016,0,0,0,101325,100
223780000000,0,0,9.81,0,0,-0.19511372688130965,0,0,0,101325,100
223800000000,0,0,9.81,0,0,-0.19476310229944477,0,0,0,101325,100
223820000000,0,0,9.81,0,0,-0.19633930797945442,0,0,0,101325,100
223840000000,0,0,9.81,0,0,-0.1958470154870175,0,0,0,101325,100
223860000000,0,0,9.81,0,0,-0.19441663129162345,0,0,0,101325,100
223880000000,0,0,9.81,0,0,-0.19447773566948176,0,0,0,101325,100
223900000000,0,0,9.81,0,0,-0.19548199121358248,0,0,0,101325,100
223920000000,0,0,9.81,0,0,-0.1957520422580009,0,0,0,101325,100
223940000000,0,0,9.81,0,0,-0.19511870656361613,0,0,0,101325,100
223960000000,0,0,9.81,0,0,-0.19465274991709278,0,0,0,101325,100
223980000000,0,0,9.81,0,0,-0.19465534309859764,0,0,0,101325,100
224000000000,0,0,9.81,0,0,-0.19549448163953106,0,0,0,101325,100
224020000000,0,0,9.81,0,0,-0.19595572874395556,0,0,0,101325,100
224040000000,0,0,9.81,0,0,-0.194104140512982,0,0,0,101325,100
224060000000,0,0,9.81,0,0,-0.1952484268096774,0,0,0,101325,100
224080000000,0,0,9.81,0,0,-0.1934620505721613,0,0,0,101325,100
224100000000,0,0,9.81,0,0,-0.19457874639073333,0,0,0,101325,100
224120000000,0,0,9.81,0,0,-0.1951309431936691,0,0,0,101325,100
224140000000,0,0,9.81,0,0,-0.19414000871540818,0,0,0,101325,100
224160000000,0,0,9.81,0,0,-0.19615563440751246,0,0,0,101325,100
224180000000,0,0,9.81,0,0,-0.19533345647687858,0,0,0,101325,100
224200000000,0,0,9.81,0,0,-0.19360758841800704,0,0,0,101325,100
224220000000,0,0,9.81,0,0,-0.196110279409043,0,0,0,101325,100
224240000000,0,0,9.81,0,0,-0.1964155219292653,0,0,0,101325,100
224260000000,0,0,9.81,0,0,-0.19506815243479456,0,0,0,101325,100
224280000000,0,0,9.81,0,0,-0.19386355704894118,0,0,0,101325,100
224300000000,0,0,9.81,0,0,-0.19363776096046084,0,0,0,101325,100
224320000000,0,0,9.81,0,0,-0.1947062735387065,0,0,0,101325,100
224340000000,0,0,9.81,0,0,-0.19597293318432846,0,0,0,101325,100
224360000000,0,0,9.81,0,0,-0.1941909404526118,0,0,0,101325,100
224380000000,0,0,9.81,0,0,-0.1965366643742455,0,0,0,101325,100
224400000000,0,0,9.81,0,0,-0.1947343220969116,0,0,0,101325,100
224420000000,0,0,9.81,0,0,-0.19544797146609055,0,0,0,101325,100
224440000000,0,0,9.81,0,0,-0.1936973440864554,0,0,0,101325,100
224460000000,0,0,9.81,0,0,-0.19515569017387988,0,0,0,101325,100
224480000000,0,0,9.81,0,0,-0.1947298525792346,0,0,0,101325,100
224500000000,0,0,9.81,0,0,-0.19309779132945956,0,0,0,101325,100
224520000000,0,0,9.81,0,0,-0.19455856516760084,0,0,0,101325,100
224540000000,0,0,9.81,0,0,-0.19579020383463802,0,0,0,101325,100
224560000000,0,0,9.81,0,0,-0.1946765616038976,0,0,0,101325,100
224580000000,0,0,9.81,0,0,-0.19407657946600293,0,0,0,101325,100
224600000000,0,0,9.81,0,0,-0.1946835200143914,0,0,0,101325,100
224620000000,0,0,9.81,0,0,-0.19540697036462457,0,0,0,101325,100
224640000000,0,0,9.81,0,0,-0.19641018382082276,0,0,0,101325,100
224660000000,0,0,9.81,0,0,-0.1934113195641075,0,0,0,101325,100
224680000000,0,0,9.81,0,0,-0.19430192867032525,0,0,0,101325,100
224700000000,0,0,9.81,0,0,-0.19467611756597644,0,0,0,101325,100
224720000000,0,0,9.81,0,0,-0.19494547692113942,0,0,0,101325,100
224740000000,0,0,9.81,0,0,-0.19483084090002262,0,0,0,101325,100
224760000000,0,0,9.81,0,0,-0.1942335519829108,0,0,0,101325,100
224780000000,0,0,9.81,0,0,-0.19495604270038946,0,0,0,101325,100
224800000000,0,0,9.81,0,0,-0.19394072781879015,0,0,0,101325,100
224820000000,0,0,9.81,0,0,-0.19603887504248313,0,0,0,101325,100
224840000000,0,0,9.81,0,0,-0.195974265136067,0,0,0,101325,100
224860000000,0,0,9.81,0,0,-0.19356601889747752,0,0,0,101325,100
224880000000,0,0,9.81,0,0,-0.1961335402790113,0,0,0,101325,100
224900000000,0,0,9.81,0,0,-0.1940546762972391,0,0,0,101325,100
224920000000,0,0,9.81,0,0,-0.19520257627712795,0,0,0,101325,100
224940000000,0,0,9.81,0,0,-0.19465411292404558,0,0,0,101325,100
224960000000,0,0,9.81,0,0,-0.19512152934280613,0,0,0,101325,100
224980000000,0,0,9.81,0,0,-0.19462070866270723,0,0,0,101325,100
225000000000,0,0,9.81,0,0,-0.19495852441965258,0,0,0,101325,100
225020000000,0,0,9.81,0,0,-0.19646576180030423,0,0,0,101325,100
225040000000,0,0,9.81,0,0,-0.19807973066840842,0,0,0,101325,100
225060000000,0,0,9.81,0,0,-0.19440422880270108,0,0,0,101325,100
225080000000,0,0,9.81,0,0,-0.19482656529022674,0,0,0,101325,100
225100000000,0,0,9.81,0,0,-0.19488344688446174,0,0,0,101325,100
225120000000,0,0,9.81,0,0,-0.19470942048284803,0,0,0,101325,100
225140000000,0,0,9.81,0,0,-0.19536678056417012,0,0,0,101325,100
225160000000,0,0,9.81,0,0,-0.19522606141743867,0,0,0,101325,100
225180000000,0,0,9.81,0,0,-0.19524939804548735,0,0,0,101325,100
225200000000,0,0,9.81,0,0,-0.1948543731068087,0,0,0,101325,100
225220000000,0,0,9.81,0,0,-0.19549084888794652,0,0,0,101325,100
225240000000,0,0,9.81,0,0,-0.19530750560981602,0,0,0,101325,100
225260000000,0,0,9.81,0,0,-0.1932593028785728,0,0,0,101325,100
225280000000,0,0,9.81,0,0,-0.1946489822873318,0,0,0,101325,100
225300000000,0,0,9.81,0,0,-0.19408077302665078,0,0,0,101325,100
225320000000,0,0,9.81,0,0,-0.1942673336504855,0,0,0,101325,100
225340000000,0,0,9.81,0,0,-0.1948106183987675,0,0,0,101325,100
225360000000,0,0,9.81,0,0,-0.19408655239491426,0,0,0,101325,100
225380000000,0,0,9.81,0,0,-0.19543092946150775,0,0,0,101325,100
225400000000,0,0,9.81,0,0,-0.1937240942371235,0,0,0,101325,100
225420000000,0,0,9.81,0,0,-0.19450374746711174,0,0,0,101325,100
225440000000,0,0,9.81,0,0,-0.19519631723487368,0,0,0,101325,100
225460000000,0,0,9.81,0,0,-0.19529324252111302,0,0,0,101325,100
225480000000,0,0,9.81,0,0,-0.195612603790951,0,0,0,101325,100
225500000000,0,0,9.81,0,0,-0.1958846926962683,0,0,0,101325,100
225520000000,0,0,9.81,0,0,-0.1958016907151838,0,0,0,101325,100
225540000000,0,0,9.81,0,0,-0.19433016773635187,0,0,0,101325,100
225560000000,0,0,9.81,0,0,-0.19655603609449768,0,0,0,101325,100
225580000000,0,0,9.81,0,0,-0.19574301720596005,0,0,0,101325,100
225600000000,0,0,9.81,0,0,-0.19445675844692342,0,0,0,101325,100
225620000000,0,0,9.81,0,0,-0.19609302832727435,0,0,0,101325,100
225640000000,0,0,9.81,0,0,-0.19407897144575362,0,0,0,101325,100
225660000000,0,0,9.81,0,0,-0.19438653973898656,0,0,0,101325,100
225680000000,0,0,9.81,0,0,-0.19515327959083947,0,0,0,101325,100
225700000000,0,0,9.81,0,0,-0.19343872184338218,0,0,0,101325,100
225720000000,0,0,9.81,0,0,-0.19444178882910426,0,0,0,101325,100
225740000000,0,0,9.81,0,0,-0.19569882373772535,0,0,0,101325,100
225760000000,0,0,9.81,0,0,-0.1949327324253205,0,0,0,101325,100
225780000000,0,0,9.81,0,0,-0.1946416873006046,0,0,0,101325,100
225800000000,0,0,9.81,0,0,-0.19592703533453196,0,0,0,101325,100
225820000000,0,0,9.81,0,0,-0.1963566997846626,0,0,0,101325,100
225840000000,0,0,9.81,0,0,-0.19401320857646387,0,0,0,101325,100
225860000000,0,0,9.81,0,0,-0.19484539672691895,0,0,0,101325,100
225880000000,0,0,9.81,0,0,-0.19373123306881798,0,0,0,101325,100
225900000000,0,0,9.81,0,0,-0.19474600904221623,0,0,0,101325,100
225920000000,0,0,9.81,0,0,-0.1946505476131939,0,0,0,101325,100
225940000000,0,0,9.81,0,0,-0.19441555011110173,0,0,0,101325,100
225960000000,0,0,9.81,0,0,-0.19545672077794965,0,0,0,101325,100
225980000000,0,0,9.81,0,0,-0.19533458072835205,0,0,0,101325,100
226000000000,0,0,9.81,0,0,-0.19512946864811048,0,0,0,101325,100
226020000000,0,0,9.81,0,0,-0.19533334017941462,0,0,0,101325,100
226040000000,0,0,9.81,0,0,-0.19496098168203102,0,0,0,101325,100
226060000000,0,0,9.81,0,0,-0.19361021761943495,0,0,0,101325,100
226080000000,0,0,9.81,0,0,-0.19538949098522876,0,0,0,101325,100
226100000000,0,0,9.81,0,0,-0.19379998090602893,0,0,0,101325,100
226120000000,0,0,9.81,0,0,-0.19457122457802692,0,0,0,101325,100
226140000000,0,0,9.81,0,0,-0.1956357370143153,0,0,0,101325,100
226160000000,0,0,9.81,0,0,-0.1953082917837271,0,0,0,101325,100
226180000000,0,0,9.81,0,0,-0.19411958058813233,0,0,0,101325,100
226200000000,0,0,9.81,0,0,-0.19568123100338852,0,0,0,101325,100
226220000000,0,0,9.81,0,0,-0.19545614204567174,0,0,0,101325,100
226240000000,0,0,9.81,0,0,-0.1963582387786574,0,0,0,101325,100
226260000000,0,0,9.81,0,0,-0.1968656861369776,0,0,0,101325,100
226280000000,0,0,9.81,0,0,-0.1953349470629101,0,0,0,101325,100
226300000000,0,0,9.81,0,0,-0.19427497188705153,0,0,0,101325,100
226320000000,0,0,9.81,0,0,-0.19410136006170658,0,0,0,101325,100
226340000000,0,0,9.81,0,0,-0.19538194604841702,0,0,0,101325,100
226360000000,0,0,9.81,0,0,-0.19427963619702587,0,0,0,101325,100
226380000000,0,0,9.81,0,0,-0.19399518436172553,0,0,0,101325,100
226400000000,0,0,9.81,0,0,-0.19482341262014016,0,0,0,101325,100
226420000000,0,0,9.81,0,0,-0.19524142058707886,0,0,0,101325,100
226440000000,0,0,9.81,0,0,-0.19511915227611948,0,0,0,101325,100
226460000000,0,0,9.81,0,0,-0.19551994951208043,0,0,0,101325,100
226480000000,0,0,9.81,0,0,-0.19563167928136016,0,0,0,101325,100
226500000000,0,0,9.81,0,0,-0.19563410172391854,0,0,0,101325,100
226520000000,0,0,9.81,0,0,-0.1940852274551566,0,0,0,101325,100
226540000000,0,0,9.81,0,0,-0.19452076829807521,0,0,0,101325,100
226560000000,0,0,9.81,0,0,-0.19683471134672714,0,0,0,101325,100
226580000000,0,0,9.81,0,0,-0.19468577250636204,0,0,0,101325,100
226600000000,0,0,9.81,0,0,-0.1955091651929578,0,0,0,101325,100
226620000000,0,0,9.81,0,0,-0.19611665448168192,0,0,0,101325,100
226640000000,0,0,9.81,0,0,-0.1957045052644227,0,0,0,101325,100
226660000000,0,0,9.81,0,0,-0.19514413501471062,0,0,0,101325,100
226680000000,0,0,9.81,0,0,-0.19310835774680304,0,0,0,101325,100
226700000000,0,0,9.81,0,0,-0.19448029239978692,0,0,0,101325,100
226720000000,0,0,9.81,0,0,-0.19637296828555093,0,0,0,101325,100
226740000000,0,0,9.81,0,0,-0.19492649980861712,0,0,0,101325,100
226760000000,0,0,9.81,0,0,-0.19503701689925723,0,0,0,101325,100
226780000000,0,0,9.81,0,0,-0.19420977308975382,0,0,0,101325,100
226800000000,0,0,9.81,0,0,-0.19397105277478413,0,0,0,101325,100
226820000000,0,0,9.81,0,0,-0.19434886681984567,0,0,0,101325,100
226840000000,0,0,9.81,0,0,-0.19485583335449877,0,0,0,101325,100
226860000000,0,0,9.81,0,0,-0.1943241744164814,0,0,0,101325,100
226880000000,0,0,9.81,0,0,-0.19467467834352312,0,0,0,101325,100
226900000000,0,0,9.81,0,0,-0.19578132011825705,0,0,0,101325,100
226920000000,0,0,9.81,0,0,-0.19580728311568282,0,0,0,101325,100
226940000000,0,0,9.81,0,0,-0.1961030211057373,0,0,0,101325,100
226960000000,0,0,9.81,0,0,-0.1953802970047373,0,0,0,101325,100
226980000000,0,0,9.81,0,0,-0.1963534319284905,0,0,0,101325,100
227000000000,0,0,9.81,0,0,-0.19580019591979,0,0,0,101325,100
227020000000,0,0,9.81,0,0,-0.19385650065355708,0,0,0,101325,100
227040000000,0,0,9.81,0,0,-0.19428638974378876,0,0,0,101325,100
227060000000,0,0,9.81,0,0,-0.19573700550898107,0,0,0,101325,100
227080000000,0,0,9.81,0,0,-0.1962347079638889,0,0,0,101325,100
227100000000,0,0,9.81,0,0,-0.19357030653824986,0,0,0,101325,100
227120000000,0,0,9.81,0,0,-0.1931779875261952,0,0,0,101325,100
227140000000,0,0,9.81,0,0,-0.194079520303484,0,0,0,101325,100
227160000000,0,0,9.81,0,0,-0.19530820043909625,0,0,0,101325,100
227180000000,0,0,9.81,0,0,-0.1957126568353053,0,0,0,101325,100
227200000000,0,0,9.81,0,0,-0.19459726706152966,0,0,0,101325,100
227220000000,0,0,9.81,0,0,-0.1956786357435139,0,0,0,101325,100
227240000000,0,0,9.81,0,0,-0.19477962089465742,0,0,0,101325,100
227260000000,0,0,9.81,0,0,-0.19390238459080913,0,0,0,101325,100
227280000000,0,0,9.81,0,0,-0.1954706592053589,0,0,0,101325,100
227300000000,0,0,9.81,0,0,-0.19664033730384528,0,0,0,101325,100
227320000000,0,0,9.81,0,0,-0.19569797994283203,0,0,0,101325,100
227340000000,0,0,9.81,0,0,-0.1942423107751634,0,0,0,101325,100
227360000000,0,0,9.81,0,0,-0.19398316141209665,0,0,0,101325,100
227380000000,0,0,9.81,0,0,-0.19500006333557138,0,0,0,101325,100
227400000000,0,0,9.81,0,0,-0.19502294059035816,0,0,0,101325,100
227420000000,0,0,9.81,0,0,-0.1946056735671163,0,0,0,101325,100
227440000000,0,0,9.81,0,0,-0.19392498476453532,0,0,0,101325,100
227460000000,0,0,9.81,0,0,-0.1943085604689135,0,0,0,101325,100
227480000000,0,0,9.81,0,0,-0.194200340434786,0,0,0,101325,100
227500000000,0,0,9.81,0,0,-0.19448248756972095,0,0,0,101325,100
227520000000,0,0,9.81,0,0,-0.19511457133240792,0,0,0,101325,100
227540000000,0,0,9.81,0,0,-0.1948032433670655,0,0,0,101325,100
227560000000,0,0,9.81,0,0,-0.1942069975380774,0,0,0,101325,100
227580000000,0,0,9.81,0,0,-0.19479780021459514,0,0,0,101325,100
227600000000,0,0,9.81,0,0,-0.19487529369514814,0,0,0,101325,100
227620000000,0,0,9.81,0,0,-0.19563884276469032,0,0,0,101325,100
227640000000,0,0,9.81,0,0,-0.19413082690496766,0,0,0,101325,100
227660000000,0,0,9.81,0,0,-0.19377949424014287,0,0,0,101325,100
227680000000,0,0,9.81,0,0,-0.1932569541036779,0,0,0,101325,100
227700000000,0,0,9.81,0,0,-0.1957486663131135,0,0,0,101325,100
227720000000,0,0,9.81,0,0,-0.19533174679459597,0,0,0,101325,100
227740000000,0,0,9.81,0,0,-0.1940259436291629,0,0,0,101325,100
227760000000,0,0,9.81,0,0,-0.19695066851629983,0,0,0,101325,100
227780000000,0,0,9.81,0,0,-0.19657164632269222,0,0,0,101325,100
227800000000,0,0,9.81,0,0,-0.1929128073420253,0,0,0,101325,100
227820000000,0,0,9.81,0,0,-0.19565112902486115,0,0,0,101325,100
227840000000,0,0,9.81,0,0,-0.19456892006627602,0,0,0,101325,100
227860000000,0,0,9.81,0,0,-0.19540581608915977,0,0,0,101325,100
227880000000,0,0,9.81,0,0,-0.1953187482211476,0,0,0,101325,100
227900000000,0,0,9.81,0,0,-0.19339216834064887,0,0,0,101325,100
227920000000,0,0,9.81,0,0,-0.1954868440685481,0,0,0,101325,100
227940000000,0,0,9.81,0,0,-0.19505575661000785,0,0,0,101325,100
227960000000,0,0,9.81,0,0,-0.19515111697125342,0,0,0,101325,100
227980000000,0,0,9.81,0,0,-0.1948583929843769,0,0,0,101325,100
228000000000,0,0,9.81,0,0,-0.19586171800328372,0,0,0,101325,100
228020000000,0,0,9.81,0,0,-0.1956563367278128,0,0,0,101325,100
228040000000,0,0,9.81,0,0,-0.19536677684877218,0,0,0,101325,100
228060000000,0,0,9.81,0,0,-0.19660086448510136,0,0,0,101325,100
228080000000,0,0,9.81,0,0,-0.19437715083057036,0,0,0,101325,100
228100000000,0,0,9.81,0,0,-0.19536920463156493,0,0,0,101325,100
228120000000,0,0,9.81,0,0,-0.19515396737138546,0,0,0,101325,100
228140000000,0,0,9.81,0,0,-0.1945234916013476,0,0,0,101325,100
228160000000,0,0,9.81,0,0,-0.19584081796208078,0,0,0,101325,100
228180000000,0,0,9.81,0,0,-0.1952313583309687,0,0,0,101325,100
228200000000,0,0,9.81,0,0,-0.19529966646334668,0,0,0,101325,100
228220000000,0,0,9.81,0,0,-0.19367455559870786,0,0,0,101325,100
228240000000,0,0,9.81,0,0,-0.194664452437982,0,0,0,101325,100
228260000000,0,0,9.81,0,0,-0.1941810154566496,0,0,0,101325,100
228280000000,0,0,9.81,0,0,-0.19551572794990935,0,0,0,101325,100
228300000000,0,0,9.81,0,0,-0.1945650809546638,0,0,0,101325,100
228320000000,0,0,9.81,0,0,-0.1969244599231869,0,0,0,101325,100
228340000000,0,0,9.81,0,0,-0.1937349390263453,0,0,0,101325,100
228360000000,0,0,9.81,0,0,-0.19374490932489188,0,0,0,101325,100
228380000000,0,0,9.81,0,0,-0.19443350040039487,0,0,0,101325,100
228400000000,0,0,9.81,0,0,-0.19474109973268958,0,0,0,101325,100
228420000000,0,0,9.81,0,0,-0.19606634167853224,0,0,0,101325,100
228440000000,0,0,9.81,0,0,-0.19308474348334706,0,0,0,101325,100
228460000000,0,0,9.81,0,0,-0.195587414458843,0,0,0,101325,100
228480000000,0,0,9.81,0,0,-0.1940469124126038,0,0,0,101325,100
228500000000,0,0,9.81,0,0,-0.19258246669772447,0,0,0,101325,100
228520000000,0,0,9.81,0,0,-0.19395459528829004,0,0,0,101325,100
228540000000,0,0,9.81,0,0,-0.1944827545666781,0,0,0,101325,100
228560000000,0,0,9.81,0,0,-0.19596148360494575,0,0,0,101325,100
228580000000,0,0,9.81,0,0,-0.19345984877788605,0,0,0,101325,100
228600000000,0,0,9.81,0,0,-0.19548719642151463,0,0,0,101325,100
228620000000,0,0,9.81,0,0,-0.19566325451412614,0,0,0,101325,100
228640000000,0,0,9.81,0,0,-0.19530358468401457,0,0,0,101325,100
228660000000,0,0,9.81,0,0,-0.19389826630771545,0,0,0,101325,100
228680000000,0,0,9.81,0,0,-0.19568803550877018,0,0,0,101325,100
228700000000,0,0,9.81,0,0,-0.19488329316573855,0,0,0,101325,100
228720000000,0,0,9.81,0,0,-0.19583728599287573,0,0,0,101325,100
228740000000,0,0,9.81,0,0,-0.19465224500061104,0,0,0,101325,100
228760000000,0,0,9.81,0,0,-0.1951070356971516,0,0,0,101325,100
228780000000,0,0,9.81,0,0,-0.1945877172612686,0,0,0,101325,100
228800000000,0,0,9.81,0,0,-0.19505333535008054,0,0,0,101325,100
228820000000,0,0,9.81,0,0,-0.19341549504419467,0,0,0,101325,100
228840000000,0,0,9.81,0,0,-0.19387161315386287,0,0,0,101325,100
228860000000,0,0,9.81,0,0,-0.19538996064206726,0,0,0,101325,100
228880000000,0,0,9.81,0,0,-0.19545768029319194,0,0,0,101325,100
228900000000,0,0,9.81,0,0,-0.19425240087361723,0,0,0,101325,100
228920000000,0,0,9.81,0,0,-0.19452050694465745,0,0,0,101325,100
228940000000,0,0,9.81,0,0,-0.19554652081438353,0,0,0,101325,100
228960000000,0,0,9.81,0,0,-0.19482697897968387,0,0,0,101325,100
228980000000,0,0,9.81,0,0,-0.1941558452299687,0,0,0,101325,100
229000000000,0,0,9.81,0,0,-0.19429930932274195,0,0,0,101325,100
229020000000,0,0,9.81,0,0,-0.19605188459228823,0,0,0,101325,100
229040000000,0,0,9.81,0,0,-0.1946616048340878,0,0,0,101325,100
229060000000,0,0,9.81,0,0,-0.1956949032925503,0,0,0,101325,100
229080000000,0,0,9.81,0,0,-0.19403650865690816,0,0,0,101325,100
229100000000,0,0,9.81,0,0,-0.19497822141817286,0,0,0,101325,100
229120000000,0,0,9.81,0,0,-0.19504821258075203,0,0,0,101325,100
229140000000,0,0,9.81,0,0,-0.19630899469282545,0,0,0,101325,100
229160000000,0,0,9.81,0,0,-0.19319030734952028,0,0,0,101325,100
229180000000,0,0,9.81,0,0,-0.1935678045730863,0,0,0,101325,100
229200000000,0,0,9.81,0,0,-0.19310325672775075,0,0,0,101325,100
229220000000,0,0,9.81,0,0,-0.1945851804308534,0,0,0,101325,100
229240000000,0,0,9.81,0,0,-0.19464725987133824,0,0,0,101325,100
229260000000,0,0,9.81,0,0,-0.1957516244397983,0,0,0,101325,100
229280000000,0,0,9.81,0,0,-0.19565869338316702,0,0,0,101325,100
229300000000,0,0,9.81,0,0,-0.19401824487984706,0,0,0,101325,100
229320000000,0,0,9.81,0,0,-0.1945991716835036,0,0,0,101325,100
229340000000,0,0,9.81,0,0,-0.19480531955339073,0,0,0,101325,100
229360000000,0,0,9.81,0,0,-0.1956445582182324,0,0,0,101325,100
229380000000,0,0,9.81,0,0,-0.19476788115637392,0,0,0,101325,100
229400000000,0,0,9.81,0,0,-0.19425651493225252,0,0,0,101325,100
229420000000,0,0,9.81,0,0,-0.19620305938828467,0,0,0,101325,100
229440000000,0,0,9.81,0,0,-0.19728057982345693,0,0,0,101325,100
229460000000,0,0,9.81,0,0,-0.19548316840257965,0,0,0,101325,100
229480000000,0,0,9.81,0,0,-0.1938291101169138,0,0,0,101325,100
229500000000,0,0,9.81,0,0,-0.1967111668409474,0,0,0,101325,100
229520000000,0,0,9.81,0,0,-0.19711266395647917,0,0,0,101325,100
229540000000,0,0,9.81,0,0,-0.19475268862345793,0,0,0,101325,100
229560000000,0,0,9.81,0,0,-0.19538285074027556,0,0,0,101325,100
229580000000,0,0,9.81,0,0,-0.19406387814860349,0,0,0,101325,100
229600000000,0,0,9.81,0,0,-0.1955857952946469,0,0,0,101325,100
229620000000,0,0,9.81,0,0,-0.19400558976228902,0,0,0,101325,100
229640000000,0,0,9.81,0,0,-0.19452933570269723,0,0,0,101325,100
229660000000,0,0,9.81,0,0,-0.1947099187128532,0,0,0,101325,100
229680000000,0,0,9.81,0,0,-0.19444463489344774,0,0,0,101325,100
229700000000,0,0,9.81,0,0,-0.19356138326646846,0,0,0,101325,100
229720000000,0,0,9.81,0,0,-0.19609855282222186,0,0,0,101325,100
229740000000,0,0,9.81,0,0,-0.19596891586691503,0,0,0,101325,100
229760000000,0,0,9.81,0,0,-0.19431460634483028,0,0,0,101325,100
229780000000,0,0,9.81,0,0,-0.19551172817893675,0,0,0,101325,100
229800000000,0,0,9.81,0,0,-0.1953113750109766,0,0,0,101325,100
229820000000,0,0,9.81,0,0,-0.19610849458404606,0,0,0,101325,100
229840000000,0,0,9.81,0,0,-0.19441265483092376,0,0,0,101325,100
229860000000,0,0,9.81,0,0,-0.19442312788532548,0,0,0,101325,100
229880000000,0,0,9.81,0,0,-0.1969982211965486,0,0,0,101325,100
229900000000,0,0,9.81,0,0,-0.1933026144217161,0,0,0,101325,100
229920000000,0,0,9.81,0,0,-0.19484628708027177,0,0,0,101325,100
229940000000,0,0,9.81,0,0,-0.19584282990171423,0,0,0,101325,100
229960000000,0,0,9.81,0,0,-0.19486423564454772,0,0,0,101325,100
229980000000,0,0,9.81,0,0,-0.1950420406442207,0,0,0,101325,100
230000000000,0,0,9.81,0,0,-0.1945123345059324,0,0,0,101325,100
230020000000,0,0,9.81,0,0,-0.1943094166132966,0,0,0,101325,100
230040000000,0,0,9.81,0,0,-0.19435091193195303,0,0,0,101325,100
230060000000,0,0,9.81,0,0,-0.1956532140589136,0,0,0,101325,100
230080000000,0,0,9.81,0,0,-0.19701618113534047,0,0,0,101325,100
230100000000,0,0,9.81,0,0,-0.19437149701463252,0,0,0,101325,100
230120000000,0,0,9.81,0,0,-0.1964027589569969,0,0,0,101325,100
230140000000,0,0,9.81,0,0,-0.19568816782193263,0,0,0,101325,100
230160000000,0,0,9.81,0,0,-0.19501519053819744,0,0,0,101325,100
230180000000,0,0,9.81,0,0,-0.19596544664274906,0,0,0,101325,100
230200000000,0,0,9.81,0,0,-0.1951282320910256,0,0,0,101325,100
230220000000,0,0,9.81,0,0,-0.1948043622542436,0,0,0,101325,100
230240000000,0,0,9.81,0,0,-0.19528149635598605,0,0,0,101325,100
230260000000,0,0,9.81,0,0,-0.1970904816370376,0,0,0,101325,100
230280000000,0,0,9.81,0,0,-0.19486657084530273,0,0,0,101325,100
230300000000,0,0,9.81,0,0,-0.19597943624052003,0,0,0,101325,100
230320000000,0,0,9.81,0,0,-0.1949408365310714,0,0,0,101325,100
230340000000,0,0,9.81,0,0,-0.19534173480886433,0,0,0,101325,100
230360000000,0,0,9.81,0,0,-0.19220561737974476,0,0,0,101325,100
230380000000,0,0,9.81,0,0,-0.19495156786284015,0,0,0,101325,100
230400000000,0,0,9.81,0,0,-0.19557433763393928,0,0,0,101325,100
230420000000,0,0,9.81,0,0,-0.19570103450553086,0,0,0,101325,100
230440000000,0,0,9.81,0,0,-0.1938462596151004,0,0,0,101325,100
230460000000,0,0,9.81,0,0,-0.1955291488076102,0,0,0,101325,100
230480000000,0,0,9.81,0,0,-0.19533616157559194,0,0,0,101325,100
230500000000,0,0,9.81,0,0,-0.19369377775018504,0,0,0,101325,100
230520000000,0,0,9.81,0,0,-0.19515229614620838,0,0,0,101325,100
230540000000,0,0,9.81,0,0,-0.19570138496632367,0,0,0,101325,100
230560000000,0,0,9.81,0,0,-0.19483287288877021,0,0,0,101325,100
230580000000,0,0,9.81,0,0,-0.194768313939232,0,0,0,101325,100
230600000000,0,0,9.81,0,0,-0.19476686834527626,0,0,0,101325,100
230620000000,0,0,9.81,0,0,-0.19585275503268845,0,0,0,101325,100
230640000000,0,0,9.81,0,0,-0.19485649960799303,0,0,0,101325,100
230660000000,0,0,9.81,0,0,-0.19555009936058157,0,0,0,101325,100
230680000000,0,0,9.81,0,0,-0.19541375768087915,0,0,0,101325,100
230700000000,0,0,9.81,0,0,-0.19609534225956685,0,0,0,101325,100
230720000000,0,0,9.81,0,0,-0.19614156743647423,0,0,0,101325,100
230740000000,0,0,9.81,0,0,-0.1937427237337557,0,0,0,101325,100
230760000000,0,0,9.81,0,0,-0.19397312605680406,0,0,0,101325,100
230780000000,0,0,9.81,0,0,-0.19494578322536277,0,0,0,101325,100
230800000000,0,0,9.81,0,0,-0.1957429704559115,0,0,0,101325,100
230820000000,0,0,9.81,0,0,-0.19524763827066824,0,0,0,101325,100
230840000000,0,0,9.81,0,0,-0.1943855304458785,0,0,0,101325,100
230860000000,0,0,9.81,0,0,-0.19420777225375782,0,0,0,101325,100
230880000000,0,0,9.81,0,0,-0.1951465294735153,0,0,0,101325,100
230900000000,0,0,9.81,0,0,-0.19354918255401046,0,0,0,101325,100
230920000000,0,0,9.81,0,0,-0.19519565651074136,0,0,0,101325,100
230940000000,0,0,9.81,0,0,-0.19600771210211515,0,0,0,101325,100
230960000000,0,0,9.81,0,0,-0.19624527060554475,0,0,0,101325,100
230980000000,0,0,9.81,0,0,-0.19539609615073225,0,0,0,101325,100
231000000000,0,0,9.81,0,0,-0.1952871375747848,0,0,0,101325,100
231020000000,0,0,9.81,0,0,-0.1942471219213583,0,0,0,101325,100
231040000000,0,0,9.81,0,0,-0.19598036836466035,0,0,0,101325,100
231060000000,0,0,9.81,0,0,-0.19505978063953575,0,0,0,101325,100
231080000000,0,0,9.81,0,0,-0.19640756972226528,0,0,0,101325,100
231100000000,0,0,9.81,0,0,-0.19485780155823643,0,0,0,101325,100
231120000000,0,0,9.81,0,0,-0.19463239122182846,0,0,0,101325,100
231140000000,0,0,9.81,0,0,-0.19373601476322933,0,0,0,101325,100
231160000000,0,0,9.81,0,0,-0.1949457430556925,0,0,0,101325,100
231180000000,0,0,9.81,0,0,-0.19440233976081758,0,0,0,101325,100
231200000000,0,0,9.81,0,0,-0.19390647115510812,0,0,0,101325,100
231220000000,0,0,9.81,0,0,-0.19502300901399733,0,0,0,101325,100
231240000000,0,0,9.81,0,0,-0.19441611364136574,0,0,0,101325,100
231260000000,0,0,9.81,0,0,-0.1952730066497846,0,0,0,101325,100
231280000000,0,0,9.81,0,0,-0.19370787716993274,0,0,0,101325,100
231300000000,0,0,9.81,0,0,-0.19606136362450946,0,0,0,101325,100
231320000000,0,0,9.81,0,0,-0.19352791726764254,0,0,0,101325,100
231340000000,0,0,9.81,0,0,-0.19559354523628716,0,0,0,101325,100
231360000000,0,0,9.81,0,0,-0.19574011649253298,0,0,0,101325,100
231380000000,0,0,9.81,0,0,-0.19313143126409593,0,0,0,101325,100
231400000000,0,0,9.81,0,0,-0.1952270858043231,0,0,0,101325,100
231420000000,0,0,9.81,0,0,-0.19535224825962122,0,0,0,101325,100
231440000000,0,0,9.81,0,0,-0.19497901335403695,0,0,0,101325,100
231460000000,0,0,9.81,0,0,-0.195913373255138,0,0,0,101325,100
231480000000,0,0,9.81,0,0,-0.19351753956772708,0,0,0,101325,100
231500000000,0,0,9.81,0,0,-0.19595831563945346,0,0,0,101325,100
231520000000,0,0,9.81,0,0,-0.19547369592586614,0,0,0,101325,100
231540000000,0,0,9.81,0,0,-0.19435880576223005,0,0,0,101325,100
231560000000,0,0,9.81,0,0,-0.1936997407170729,0,0,0,101325,100
231580000000,0,0,9.81,0,0,-0.19495289190029053,0,0,0,101325,100
231600000000,0,0,9.81,0,0,-0.19396336191232827,0,0,0,101325,100
231620000000,0,0,9.81,0,0,-0.19439107638664735,0,0,0,101325,100
231640000000,0,0,9.81,0,0,-0.19653091780242854,0,0,0,101325,100
231660000000,0,0,9.81,0,0,-0.19582857994113398,0,0,0,101325,100
231680000000,0,0,9.81,0,0,-0.19525040207058117,0,0,0,101325,100
231700000000,0,0,9.81,0,0,-0.19504782119886965,0,0,0,101325,100
231720000000,0,0,9.81,0,0,-0.19560112158946896,0,0,0,101325,100
231740000000,0,0,9.81,0,0,-0.1940986606116255,0,0,0,101325,100
231760000000,0,0,9.81,0,0,-0.19426338366625115,0,0,0,101325,100
231780000000,0,0,9.81,0,0,-0.19456116158544878,0,0,0,101325,100
231800000000,0,0,9.81,0,0,-0.19338617529619975,0,0,0,101325,100
231820000000,0,0,9.81,0,0,-0.19517799950014644,0,0,0,101325,100
231840000000,0,0,9.81,0,0,-0.19542055729413282,0,0,0,101325,100
231860000000,0,0,9.81,0,0,-0.19486883905151978,0,0,0,101325,100
231880000000,0,0,9.81,0,0,-0.1966264115300317,0,0,0,101325,100
231900000000,0,0,9.81,0,0,-0.1963146984192557,0,0,0,101325,100
231920000000,0,0,9.81,0,0,-0.1955179976240698,0,0,0,101325,100
231940000000,0,0,9.81,0,0,-0.19443820203565723,0,0,0,101325,100
231960000000,0,0,9.81,0,0,-0.19262153050812023,0,0,0,101325,100
231980000000,0,0,9.81,0,0,-0.19519116356605545,0,0,0,101325,100
232000000000,0,0,9.81,0,0,-0.19468852933529038,0,0,0,101325,100
232020000000,0,0,9.81,0,0,-0.19411548859682215,0,0,0,101325,100
232040000000,0,0,9.81,0,0,-0.19454246805673756,0,0,0,101325,100
232060000000,0,0,9.81,0,0,-0.19505480460969887,0,0,0,101325,100
232080000000,0,0,9.81,0,0,-0.19473815835994263,0,0,0,101325,100
232100000000,0,0,9.81,0,0,-0.19405708169775515,0,0,0,101325,100
232120000000,0,0,9.81,0,0,-0.19492951322007807,0,0,0,101325,100
232140000000,0,0,9.81,0,0,-0.19468237066678465,0,0,0,101325,100
232160000000,0,0,9.81,0,0,-0.19388931406776855,0,0,0,101325,100
232180000000,0,0,9.81,0,0,-0.1951164698227455,0,0,0,101325,100
232200000000,0,0,9.81,0,0,-0.19410979352816263,0,0,0,101325,100
232220000000,0,0,9.81,0,0,-0.1957836650479658,0,0,0,101325,100
232240000000,0,0,9.81,0,0,-0.194527210085928,0,0,0,101325,100
232260000000,0,0,9.81,0,0,-0.1950991123873763,0,0,0,101325,100
232280000000,0,0,9.81,0,0,-0.19392467079071982,0,0,0,101325,100
232300000000,0,0,9.81,0,0,-0.19465791820961315,0,0,0,101325,100
232320000000,0,0,9.81,0,0,-0.19389570032513428,0,0,0,101325,100
232340000000,0,0,9.81,0,0,-0.1932634011488704,0,0,0,101325,100
232360000000,0,0,9.81,0,0,-0.19472041550134123,0,0,0,101325,100
232380000000,0,0,9.81,0,0,-0.1939645911902647,0,0,0,101325,100
232400000000,0,0,9.81,0,0,-0.1950286048129257,0,0,0,101325,100
232420000000,0,0,9.81,0,0,-0.19589531672674157,0,0,0,101325,100
232440000000,0,0,9.81,0,0,-0.1936942158266649,0,0,0,101325,100
232460000000,0,0,9.81,0,0,-0.19413290157544888,0,0,0,101325,100
232480000000,0,0,9.81,0,0,-0.1945805068635288,0,0,0,101325,100
232500000000,0,0,9.81,0,0,-0.19583669693210368,0,0,0,101325,100
232520000000,0,0,9.81,0,0,-0.19430412773464875,0,0,0,101325,100
232540000000,0,0,9.81,0,0,-0.19651598496597047,0,0,0,101325,100
232560000000,0,0,9.81,0,0,-0.19490667899032008,0,0,0,101325,100
232580000000,0,0,9.81,0,0,-0.1947426435245656,0,0,0,101325,100
232600000000,0,0,9.81,0,0,-0.19539239855287271,0,0,0,101325,100
232620000000,0,0,9.81,0,0,-0.1937675295797749,0,0,0,101325,100
232640000000,0,0,9.81,0,0,-0.19544547718256855,0,0,0,101325,100
232660000000,0,0,9.81,0,0,-0.19468361370151668,0,0,0,101325,100
232680000000,0,0,9.81,0,0,-0.19522313585582238,0,0,0,101325,100
232700000000,0,0,9.81,0,0,-0.19436404641294955,0,0,0,101325,100
232720000000,0,0,9.81,0,0,-0.19510193699999984,0,0,0,101325,100
232740000000,0,0,9.81,0,0,-0.19457339379119573,0,0,0,101325,100
232760000000,0,0,9.81,0,0,-0.19345560353296537,0,0,0,101325,100
232780000000,0,0,9.81,0,0,-0.195769530949305,0,0,0,101325,100
232800000000,0,0,9.81,0,0,-0.19558639733181662,0,0,0,101325,100
232820000000,0,0,9.81,0,0,-0.19436966665267033,0,0,0,101325,100
232840000000,0,0,9.81,0,0,-0.19440893769430537,0,0,0,101325,100
232860000000,0,0,9.81,0,0,-0.19531476173775036,0,0,0,101325,100
232880000000,0,0,9.81,0,0,-0.195582929079988,0,0,0,101325,100
232900000000,0,0,9.81,0,0,-0.19529554530296797,0,0,0,101325,100
232920000000,0,0,9.81,0,0,-0.19521602266322105,0,0,0,101325,100
232940000000,0,0,9.81,0,0,-0.1956502382720246,0,0,0,101325,100
232960000000,0,0,9.81,0,0,-0.19452551249618075,0,0,0,101325,100
232980000000,0,0,9.81,0,0,-0.19451770939841423,0,0,0,101325,100
233000000000,0,0,9.81,0,0,-0.19273422039201046,0,0,0,101325,100
233020000000,0,0,9.81,0,0,-0.1948044201921685,0,0,0,101325,100
233040000000,0,0,9.81,0,0,-0.1969905490361864,0,0,0,101325,100
233060000000,0,0,9.81,0,0,-0.1950030277790793,0,0,0,101325,100
233080000000,0,0,9.81,0,0,-0.1953096585386902,0,0,0,101325,100
233100000000,0,0,9.81,0,0,-0.19609292173865403,0,0,0,101325,100
233120000000,0,0,9.81,0,0,-0.19538672879417956,0,0,0,101325,100
233140000000,0,0,9.81,0,0,-0.19323404044186387,0,0,0,101325,100
233160000000,0,0,9.81,0,0,-0.19370120301546817,0,0,0,101325,100
233180000000,0,0,9.81,0,0,-0.1963403637551591,0,0,0,101325,100
233200000000,0,0,9.81,0,0,-0.19337909272603615,0,0,0,101325,100
233220000000,0,0,9.81,0,0,0.44302176028035845,0,0,0,101325,100
233240000000,0,0,9.81,0,0,0.44353020685487565,0,0,0,101325,100
233260000000,0,0,9.81,0,0,0.4441303356252237,0,0,0,101325,100
233280000000,0,0,9.81,0,0,0.4427098721464605,0,0,0,101325,100
233300000000,0,0,9.81,0,0,0.44437064838954676,0,0,0,101325,100
233320000000,0,0,9.81,0,0,0.4447324340858895,0,0,0,101325,100
233340000000,0,0,9.81,0,0,0.4431250584910721,0,0,0,101325,100
233360000000,0,0,9.81,0,0,0.44270589406413124,0,0,0,101325,100
233380000000,0,0,9.81,0,0,0.443680321940108,0,0,0,101325,100
233400000000,0,0,9.81,0,0,0.4432906339876301,0,0,0,101325,100
233420000000,0,0,9.81,0,0,0.4422376388825521,0,0,0,101325,100
233440000000,0,0,9.81,0,0,0.4441896164608037,0,0,0,101325,100
233460000000,0,0,9.81,0,0,0.444170914095901,0,0,0,101325,100
233480000000,0,0,9.81,0,0,0.4440098028728569,0,0,0,101325,100
233500000000,0,0,9.81,0,0,0.4439328312780403,0,0,0,101325,100
233520000000,0,0,9.81,0,0,0.4416466122333782,0,0,0,101325,100
233540000000,0,0,9.81,0,0,0.44351205719786846,0,0,0,101325,100
233560000000,0,0,9.81,0,0,0.4449928200788986,0,0,0,101325,100
233580000000,0,0,9.81,0,0,0.4431890097266274,0,0,0,101325,100
233600000000,0,0,9.81,0,0,0.44493493067482454,0,0,0,101325,100
233620000000,0,0,9.81,0,0,0.4446681373809325,0,0,0,101325,100
233640000000,0,0,9.81,0,0,0.44244502797492513,0,0,0,101325,100
233660000000,0,0,9.81,0,0,0.4440373499484698,0,0,0,101325,100
233680000000,0,0,9.81,0,0,0.4433966745134369,0,0,0,101325,100
233700000000,0,0,9.81,0,0,0.4430339132736665,0,0,0,101325,100
233720000000,0,0,9.81,0,0,0.44408430709830155,0,0,0,101325,100
233740000000,0,0,9.81,0,0,0.44508900179542843,0,0,0,101325,100
233760000000,0,0,9.81,0,0,0.445058202756338,0,0,0,101325,100
233780000000,0,0,9.81,0,0,0.44496523029997,0,0,0,101325,100
233800000000,0,0,9.81,0,0,0.44386415254997647,0,0,0,101325,100
233820000000,0,0,9.81,0,0,0.44345529920590154,0,0,0,101325,100
233840000000,0,0,9.81,0,0,0.4432038396604708,0,0,0,101325,100
233860000000,0,0,9.81,0,0,0.4424239928887424,0,0,0,101325,100
233880000000,0,0,9.81,0,0,0.4441736235387492,0,0,0,101325,100
233900000000,0,0,9.81,0,0,0.4434073135774872,0,0,0,101325,100
233920000000,0,0,9.81,0,0,0.44401735423726396,0,0,0,101325,100
233940000000,0,0,9.81,0,0,0.44149010214626255,0,0,0,101325,100
233960000000,0,0,9.81,0,0,0.4430027749019916,0,0,0,101325,100
233980000000,0,0,9.81,0,0,0.44311094612449226,0,0,0,101325,100
234000000000,0,0,9.81,0,0,0.4432327097389399,0,0,0,101325,100
234020000000,0,0,9.81,0,0,0.443174095685919,0,0,0,101325,100
234040000000,0,0,9.81,0,0,0.44336433218041527,0,0,0,101325,100
234060000000,0,0,9.81,0,0,0.4445941461386709,0,0,0,101325,100
234080000000,0,0,9.81,0,0,0.44231060697420393,0,0,0,101325,100
234100000000,0,0,9.81,0,0,0.44308312441892417,0,0,0,101325,100
234120000000,0,0,9.81,0,0,0.4428805689031732,0,0,0,101325,100
234140000000,0,0,9.81,0,0,0.44352913144786577,0,0,0,101325,100
234160000000,0,0,9.81,0,0,0.4411908106516716,0,0,0,101325,100
234180000000,0,0,9.81,0,0,0.44448313631415254,0,0,0,101325,100
234200000000,0,0,9.81,0,0,0.4442256453671453,0,0,0,101325,100
234220000000,0,0,9.81,0,0,0.4435894389148805,0,0,0,101325,100
234240000000,0,0,9.81,0,0,0.44373557275556047,0,0,0,101325,100
234260000000,0,0,9.81,0,0,0.4444650476979103,0,0,0,101325,100
234280000000,0,0,9.81,0,0,0.4446628852633978,0,0,0,101325,100
234300000000,0,0,9.81,0,0,0.4430015306078621,0,0,0,101325,100
234320000000,0,0,9.81,0,0,0.44283881935662694,0,0,0,101325,100
234340000000,0,0,9.81,0,0,0.4444824931212722,0,0,0,101325,100
234360000000,0,0,9.81,0,0,0.4428746567345644,0,0,0,101325,100
234380000000,0,0,9.81,0,0,0.44239312592820895,0,0,0,101325,100
234400000000,0,0,9.81,0,0,0.4427902903517,0,0,0,101325,100
234420000000,0,0,9.81,0,0,0.4432111880064289,0,0,0,101325,100
234440000000,0,0,9.81,0,0,0.44521841816439967,0,0,0,101325,100
234460000000,0,0,9.81,0,0,0.4432306248185791,0,0,0,101325,100
234480000000,0,0,9.81,0,0,0.44432008941771617,0,0,0,101325,100
234500000000,0,0,9.81,0,0,0.4438002910250745,0,0,0,101325,100
234520000000,0,0,9.81,0,0,0.44377464831806673,0,0,0,101325,100
234540000000,0,0,9.81,0,0,0.44362084653564676,0,0,0,101325,100
234560000000,0,0,9.81,0,0,0.44390140521734694,0,0,0,101325,100
234580000000,0,0,9.81,0,0,0.44469939760501775,0,0,0,101325,100
234600000000,0,0,9.81,0,0,0.44424806733912414,0,0,0,101325,100
234620000000,0,0,9.81,0,0,0.44347633324726454,0,0,0,101325,100
234640000000,0,0,9.81,0,0,0.4430813918790842,0,0,0,101325,100
234660000000,0,0,9.81,0,0,0.4438276399770887,0,0,0,101325,100
234680000000,0,0,9.81,0,0,0.4433461789735161,0,0,0,101325,100
234700000000,0,0,9.81,0,0,0.44338361602949156,0,0,0,101325,100
234720000000,0,0,9.81,0,0,0.443853102696712,0,0,0,101325,100
234740000000,0,0,9.81,0,0,0.4437086906116825,0,0,0,101325,100
234760000000,0,0,9.81,0,0,0.44391124557006,0,0,0,101325,100
234780000000,0,0,9.81,0,0,0.4438648298249381,0,0,0,101325,100
234800000000,0,0,9.81,0,0,0.44333441098050436,0,0,0,101325,100
234820000000,0,0,9.81,0,0,0.4451603664552436,0,0,0,101325,100
234840000000,0,0,9.81,0,0,0.44442549342101645,0,0,0,101325,100
234860000000,0,0,9.81,0,0,0.4442473959980533,0,0,0,101325,100
234880000000,0,0,9.81,0,0,0.44426139586240715,0,0,0,101325,100
234900000000,0,0,9.81,0,0,0.4419745198377617,0,0,0,101325,100
234920000000,0,0,9.81,0,0,0.44342176318512255,0,0,0,101325,100
234940000000,0,0,9.81,0,0,0.44412474180803274,0,0,0,101325,100
234960000000,0,0,9.81,0,0,0.44617239314183105,0,0,0,101325,100
234980000000,0,0,9.81,0,0,0.4426988713830075,0,0,0,101325,100
235000000000,0,0,9.81,0,0,0.4425135593542212,0,0,0,101325,100
235020000000,0,0,9.81,0,0,0.4441188037047211,0,0,0,101325,100
235040000000,0,0,9.81,0,0,0.44538690715327245,0,0,0,101325,100
235060000000,0,0,9.81,0,0,0.4444515732465137,0,0,0,101325,100
235080000000,0,0,9.81,0,0,0.4443766986051627,0,0,0,101325,100
235100000000,0,0,9.81,0,0,0.44374070932735166,0,0,0,101325,100
235120000000,0,0,9.81,0,0,0.4435363929018923,0,0,0,101325,100
235140000000,0,0,9.81,0,0,0.44360298613442106,0,0,0,101325,100
235160000000,0,0,9.81,0,0,0.4435022743289159,0,0,0,101325,100
235180000000,0,0,9.81,0,0,0.44303522781145077,0,0,0,101325,100
235200000000,0,0,9.81,0,0,0.443681315923442,0,0,0,101325,100
235220000000,0,0,9.81,0,0,0.4417969132528457,0,0,0,101325,100
235240000000,0,0,9.81,0,0,0.4427082400586821,0,0,0,101325,100
235260000000,0,0,9.81,0,0,0.4434619232310542,0,0,0,101325,100
235280000000,0,0,9.81,0,0,0.44240422767489074,0,0,0,101325,100
235300000000,0,0,9.81,0,0,0.44315414369650025,0,0,0,101325,100
235320000000,0,0,9.81,0,0,0.4448882603955705,0,0,0,101325,100
235340000000,0,0,9.81,0,0,0.4430276792333853,0,0,0,101325,100
235360000000,0,0,9.81,0,0,0.44363298739999457,0,0,0,101325,100
235380000000,0,0,9.81,0,0,0.4433469182394182,0,0,0,101325,100
235400000000,0,0,9.81,0,0,0.4439787831741864,0,0,0,101325,100
235420000000,0,0,9.81,0,0,0.44289892960515725,0,0,0,101325,100
235440000000,0,0,9.81,0,0,0.44350953753307437,0,0,0,101325,100
235460000000,0,0,9.81,0,0,0.4419137385491437,0,0,0,101325,100
235480000000,0,0,9.81,0,0,0.4444724722185645,0,0,0,101325,100
235500000000,0,0,9.81,0,0,0.44360749593164883,0,0,0,101325,100
235520000000,0,0,9.81,0,0,0.4451571680377756,0,0,0,101325,100
235540000000,0,0,9.81,0,0,0.44235137047241346,0,0,0,101325,100
235560000000,0,0,9.81,0,0,0.44417262844156835,0,0,0,101325,100
235580000000,0,0,9.81,0,0,0.4427606536649331,0,0,0,101325,100
235600000000,0,0,9.81,0,0,0.44340610090229193,0,0,0,101325,100
235620000000,0,0,9.81,0,0,0.44205220760888353,0,0,0,101325,100
235640000000,0,0,9.81,0,0,0.44424276297542536,0,0,0,101325,100
235660000000,0,0,9.81,0,0,0.44535891147684636,0,0,0,101325,100
235680000000,0,0,9.81,0,0,0.4449166854030726,0,0,0,101325,100
235700000000,0,0,9.81,0,0,0.4431762938406975,0,0,0,101325,100
235720000000,0,0,9.81,0,0,0.4443572289412641,0,0,0,101325,100
235740000000,0,0,9.81,0,0,0.4428669425441319,0,0,0,101325,100
235760000000,0,0,9.81,0,0,0.44343345263416545,0,0,0,101325,100
235780000000,0,0,9.81,0,0,0.4429939572217663,0,0,0,101325,100
235800000000,0,0,9.81,0,0,0.4447121960083031,0,0,0,101325,100
235820000000,0,0,9.81,0,0,0.44264450962678425,0,0,0,101325,100
235840000000,0,0,9.81,0,0,0.4431981278817525,0,0,0,101325,100
235860000000,0,0,9.81,0,0,0.44344749133881206,0,0,0,101325,100
235880000000,0,0,9.81,0,0,0.4435684650796958,0,0,0,101325,100
235900000000,0,0,9.81,0,0,0.44282610875438855,0,0,0,101325,100
235920000000,0,0,9.81,0,0,0.44398729381623697,0,0,0,101325,100
235940000000,0,0,9.81,0,0,0.44493229116672794,0,0,0,101325,100
235960000000,0,0,9.81,0,0,0.4448082505078932,0,0,0,101325,100
235980000000,0,0,9.81,0,0,0.44546614495757936,0,0,0,101325,100
236000000000,0,0,9.81,0,0,0.4420008088902683,0,0,0,101325,100
236020000000,0,0,9.81,0,0,0.4445099634979228,0,0,0,101325,100
236040000000,0,0,9.81,0,0,0.4436091965286344,0,0,0,101325,100
236060000000,0,0,9.81,0,0,0.44357804175505905,0,0,0,101325,100
236080000000,0,0,9.81,0,0,0.4428791140489233,0,0,0,101325,100
236100000000,0,0,9.81,0,0,0.44272218136094066,0,0,0,101325,100
236120000000,0,0,9.81,0,0,0.4451272914857133,0,0,0,101325,100
236140000000,0,0,9.81,0,0,0.44419216673778966,0,0,0,101325,100
236160000000,0,0,9.81,0,0,0.44281752519589923,0,0,0,101325,100
236180000000,0,0,9.81,0,0,0.4421761262562157,0,0,0,101325,100
236200000000,0,0,9.81,0,0,0.4426379249661208,0,0,0,101325,100
236220000000,0,0,9.81,0,0,0.4430978307626376,0,0,0,101325,100
236240000000,0,0,9.81,0,0,0.4433296822257954,0,0,0,101325,100
236260000000,0,0,9.81,0,0,0.44225227236473386,0,0,0,101325,100
236280000000,0,0,9.81,0,0,0.4416502078067133,0,0,0,101325,100
236300000000,0,0,9.81,0,0,0.44289359906987735,0,0,0,101325,100
236320000000,0,0,9.81,0,0,0.4437916186183103,0,0,0,101325,100
236340000000,0,0,9.81,0,0,0.44394752071726906,0,0,0,101325,100
236360000000,0,0,9.81,0,0,0.441766310482443,0,0,0,101325,100
236380000000,0,0,9.81,0,0,0.44309510852758893,0,0,0,101325,100
236400000000,0,0,9.81,0,0,0.4420949090896004,0,0,0,101325,100
236420000000,0,0,9.81,0,0,0.4448987319174595,0,0,0,101325,100
236440000000,0,0,9.81,0,0,0.4441897227658404,0,0,0,101325,100
236460000000,0,0,9.81,0,0,0.4454675699755178,0,0,0,101325,100
236480000000,0,0,9.81,0,0,0.44407467876902595,0,0,0,101325,100
236500000000,0,0,9.81,0,0,0.44473594236114117,0,0,0,101325,100
236520000000,0,0,9.81,0,0,0.4411064064629183,0,0,0,101325,100
236540000000,0,0,9.81,0,0,0.44421749912806097,0,0,0,101325,100
236560000000,0,0,9.81,0,0,0.4437113408158619,0,0,0,101325,100
236580000000,0,0,9.81,0,0,0.44340025126981447,0,0,0,101325,100
236600000000,0,0,9.81,0,0,0.4425858205378577,0,0,0,101325,100
236620000000,0,0,9.81,0,0,0.4434446392196008,0,0,0,101325,100
236640000000,0,0,9.81,0,0,0.44390938617700876,0,0,0,101325,100
236660000000,0,0,9.81,0,0,0.4438383880091803,0,0,0,101325,100
236680000000,0,0,9.81,0,0,0.44306283840503125,0,0,0,101325,100
236700000000,0,0,9.81,0,0,0.4438161588022615,0,0,0,101325,100
236720000000,0,0,9.81,0,0,0.44453064004684,0,0,0,101325,100
236740000000,0,0,9.81,0,0,0.443101917252517,0,0,0,101325,100
236760000000,0,0,9.81,0,0,0.44365699922302254,0,0,0,101325,100
236780000000,0,0,9.81,0,0,0.4449368182181553,0,0,0,101325,100
236800000000,0,0,9.81,0,0,0.4424451868420989,0,0,0,101325,100
236820000000,0,0,9.81,0,0,0.44413286326600315,0,0,0,101325,100
236840000000,0,0,9.81,0,0,0.44359788787600957,0,0,0,101325,100
236860000000,0,0,9.81,0,0,0.4428251473443017,0,0,0,101325,100
236880000000,0,0,9.81,0,0,0.44326165477757157,0,0,0,101325,100
236900000000,0,0,9.81,0,0,0.44393464610757194,0,0,0,101325,100
236920000000,0,0,9.81,0,0,0.44358587812264455,0,0,0,101325,100
236940000000,0,0,9.81,0,0,0.44285128020672554,0,0,0,101325,100
236960000000,0,0,9.81,0,0,0.4436732209115917,0,0,0,101325,100
236980000000,0,0,9.81,0,0,0.4452426168995695,0,0,0,101325,100
237000000000,0,0,9.81,0,0,0.4428821382205611,0,0,0,101325,100
237020000000,0,0,9.81,0,0,0.4445676861245922,0,0,0,101325,100
237040000000,0,0,9.81,0,0,0.44373966757229943,0,0,0,101325,100
237060000000,0,0,9.81,0,0,0.4433585578248606,0,0,0,101325,100
237080000000,0,0,9.81,0,0,0.443609672381672,0,0,0,101325,100
237100000000,0,0,9.81,0,0,0.44293836384757884,0,0,0,101325,100
237120000000,0,0,9.81,0,0,0.4449538776901185,0,0,0,101325,100
237140000000,0,0,9.81,0,0,0.4448409048864095,0,0,0,101325,100
237160000000,0,0,9.81,0,0,0.44252639211546124,0,0,0,101325,100
237180000000,0,0,9.81,0,0,0.4434641363540126,0,0,0,101325,100
237200000000,0,0,9.81,0,0,0.44386600978274077,0,0,0,101325,100
237220000000,0,0,9.81,0,0,0.44361152552533795,0,0,0,101325,100
237240000000,0,0,9.81,0,0,0.4434732964329948,0,0,0,101325,100
237260000000,0,0,9.81,0,0,0.4449291351357759,0,0,0,101325,100
237280000000,0,0,9.81,0,0,0.4450604627113807,0,0,0,101325,100
237300000000,0,0,9.81,0,0,0.4425298146102732,0,0,0,101325,100
237320000000,0,0,9.81,0,0,0.44229997720700753,0,0,0,101325,100
237340000000,0,0,9.81,0,0,0.44182187493512154,0,0,0,101325,100
237360000000,0,0,9.81,0,0,0.4431472728548023,0,0,0,101325,100
237380000000,0,0,9.81,0,0,0.44387181635853373,0,0,0,101325,100
237400000000,0,0,9.81,0,0,0.44483155976575944,0,0,0,101325,100
237420000000,0,0,9.81,0,0,0.44279576665698966,0,0,0,101325,100
237440000000,0,0,9.81,0,0,0.442076962628292,0,0,0,101325,100
237460000000,0,0,9.81,0,0,0.4448964012797962,0,0,0,101325,100
237480000000,0,0,9.81,0,0,0.4453689060961417,0,0,0,101325,100
237500000000,0,0,9.81,0,0,0.44311964643791263,0,0,0,101325,100
237520000000,0,0,9.81,0,0,0.44441492522959003,0,0,0,101325,100
237540000000,0,0,9.81,0,0,0.4438757106036317,0,0,0,101325,100
237560000000,0,0,9.81,0,0,0.4428823107758211,0,0,0,101325,100
237580000000,0,0,9.81,0,0,0.44278597703121936,0,0,0,101325,100
237600000000,0,0,9.81,0,0,0.44364321672046086,0,0,0,101325,100
237620000000,0,0,9.81,0,0,0.44429352798163035,0,0,0,101325,100
237640000000,0,0,9.81,0,0,0.44429701202061694,0,0,0,101325,100
237660000000,0,0,9.81,0,0,0.4424559488835199,0,0,0,101325,100
237680000000,0,0,9.81,0,0,0.4445096570147499,0,0,0,101325,100
237700000000,0,0,9.81,0,0,0.44400505457463285,0,0,0,101325,100
237720000000,0,0,9.81,0,0,0.44255064556138657,0,0,0,101325,100
237740000000,0,0,9.81,0,0,0.442793202398386,0,0,0,101325,100
237760000000,0,0,9.81,0,0,0.4428536142062656,0,0,0,101325,100
237780000000,0,0,9.81,0,0,0.4443018250726526,0,0,0,101325,100
237800000000,0,0,9.81,0,0,0.4436761968417545,0,0,0,101325,100
237820000000,0,0,9.81,0,0,0.44246769289462445,0,0,0,101325,100
237840000000,0,0,9.81,0,0,0.4433782899749946,0,0,0,101325,100
237860000000,0,0,9.81,0,0,0.4439195987147634,0,0,0,101325,100
237880000000,0,0,9.81,0,0,0.44311514435271615,0,0,0,101325,100
237900000000,0,0,9.81,0,0,0.4439656099327291,0,0,0,101325,100
237920000000,0,0,9.81,0,0,0.4439623140210879,0,0,0,101325,100
237940000000,0,0,9.81,0,0,0.44447872893602564,0,0,0,101325,100
237960000000,0,0,9.81,0,0,0.4440162565697957,0,0,0,101325,100
237980000000,0,0,9.81,0,0,0.44445456552530255,0,0,0,101325,100
238000000000,0,0,9.81,0,0,0.44363521877022194,0,0,0,101325,100
238020000000,0,0,9.81,0,0,0.44289530166352636,0,0,0,101325,100
238040000000,0,0,9.81,0,0,0.4439625771957047,0,0,0,101325,100
238060000000,0,0,9.81,0,0,0.4444034145579613,0,0,0,101325,100
238080000000,0,0,9.81,0,0,0.4436829936915637,0,0,0,101325,100
238100000000,0,0,9.81,0,0,0.4436857811370174,0,0,0,101325,100
238120000000,0,0,9.81,0,0,0.44488455307898983,0,0,0,101325,100
238140000000,0,0,9.81,0,0,0.44405355847365197,0,0,0,101325,100
238160000000,0,0,9.81,0,0,0.4436372232311575,0,0,0,101325,100
238180000000,0,0,9.81,0,0,0.4427216292645025,0,0,0,101325,100
238200000000,0,0,9.81,0,0,0.443671209397222,0,0,0,101325,100
238220000000,0,0,9.81,0,0,0.4432512461843267,0,0,0,101325,100
238240000000,0,0,9.81,0,0,0.4443902884395533,0,0,0,101325,100
238260000000,0,0,9.81,0,0,0.4431516754809228,0,0,0,101325,100
238280000000,0,0,9.81,0,0,0.44309712577800664,0,0,0,101325,100
238300000000,0,0,9.81,0,0,0.4420703614663606,0,0,0,101325,100
238320000000,0,0,9.81,0,0,0.4435220125461731,0,0,0,101325,100
238340000000,0,0,9.81,0,0,0.44369613723649964,0,0,0,101325,100
238360000000,0,0,9.81,0,0,0.4433782079170408,0,0,0,101325,100
238380000000,0,0,9.81,0,0,0.4433669596615926,0,0,0,101325,100
238400000000,0,0,9.81,0,0,0.4430639497809006,0,0,0,101325,100
238420000000,0,0,9.81,0,0,0.4432582018687321,0,0,0,101325,100
238440000000,0,0,9.81,0,0,0.44305578658713834,0,0,0,101325,100
238460000000,0,0,9.81,0,0,0.44318845123446954,0,0,0,101325,100
238480000000,0,0,9.81,0,0,0.4437883935388223,0,0,0,101325,100
238500000000,0,0,9.81,0,0,0.44606890579853936,0,0,0,101325,100
238520000000,0,0,9.81,0,0,0.4423792488123964,0,0,0,101325,100
238540000000,0,0,9.81,0,0,0.44355406195871033,0,0,0,101325,100
238560000000,0,0,9.81,0,0,0.4429315387434973,0,0,0,101325,100
238580000000,0,0,9.81,0,0,0.4423666701228259,0,0,0,101325,100
238600000000,0,0,9.81,0,0,0.4431352688250866,0,0,0,101325,100
238620000000,0,0,9.81,0,0,0.44437352867528435,0,0,0,101325,100
238640000000,0,0,9.81,0,0,0.4432086851122498,0,0,0,101325,100
238660000000,0,0,9.81,0,0,0.44347982577341527,0,0,0,101325,100
238680000000,0,0,9.81,0,0,0.4428959492004244,0,0,0,101325,100
238700000000,0,0,9.81,0,0,0.4453949937000668,0,0,0,101325,100
238720000000,0,0,9.81,0,0,0.44479826100670405,0,0,0,101325,100
238740000000,0,0,9.81,0,0,0.44506246032059094,0,0,0,101325,100
238760000000,0,0,9.81,0,0,0.44306773336844446,0,0,0,101325,100
238780000000,0,0,9.81,0,0,0.44257860299248514,0,0,0,101325,100
238800000000,0,0,9.81,0,0,0.4425527105089991,0,0,0,101325,100
238820000000,0,0,9.81,0,0,0.4440228256049143,0,0,0,101325,100
238840000000,0,0,9.81,0,0,0.44233374985409835,0,0,0,101325,100
238860000000,0,0,9.81,0,0,0.4438369132704291,0,0,0,101325,100
238880000000,0,0,9.81,0,0,0.4444298423693023,0,0,0,101325,100
238900000000,0,0,9.81,0,0,0.4441482361601017,0,0,0,101325,100
238920000000,0,0,9.81,0,0,0.44403286555718546,0,0,0,101325,100
238940000000,0,0,9.81,0,0,0.4440723007130115,0,0,0,101325,100
238960000000,0,0,9.81,0,0,0.44225193610831937,0,0,0,101325,100
238980000000,0,0,9.81,0,0,0.4446779640388129,0,0,0,101325,100
239000000000,0,0,9.81,0,0,0.4436845906253237,0,0,0,101325,100
239020000000,0,0,9.81,0,0,0.4441665237835239,0,0,0,101325,100
239040000000,0,0,9.81,0,0,0.443365187653872,0,0,0,101325,100
239060000000,0,0,9.81,0,0,0.44475804131063634,0,0,0,101325,100
239080000000,0,0,9.81,0,0,0.4443072402434878,0,0,0,101325,100
239100000000,0,0,9.81,0,0,0.4421426464888958,0,0,0,101325,100
239120000000,0,0,9.81,0,0,0.4435092596903804,0,0,0,101325,100
239140000000,0,0,9.81,0,0,0.4441986077608671,0,0,0,101325,100
239160000000,0,0,9.81,0,0,0.4444482187369027,0,0,0,101325,100
239180000000,0,0,9.81,0,0,0.44216107848968694,0,0,0,101325,100
239200000000,0,0,9.81,0,0,0.4450804751185702,0,0,0,101325,100
239220000000,0,0,9.81,0,0,0.44396917261817875,0,0,0,101325,100
239240000000,0,0,9.81,0,0,0.4433522158561567,0,0,0,101325,100
239260000000,0,0,9.81,0,0,0.44284363885585776,0,0,0,101325,100
239280000000,0,0,9.81,0,0,0.4438819653219441,0,0,0,101325,100
239300000000,0,0,9.81,0,0,0.44373298156848673,0,0,0,101325,100
239320000000,0,0,9.81,0,0,0.4435038427861747,0,0,0,101325,100
239340000000,0,0,9.81,0,0,0.44407911626797214,0,0,0,101325,100
239360000000,0,0,9.81,0,0,0.44291348920529894,0,0,0,101325,100
239380000000,0,0,9.81,0,0,0.44321386489250003,0,0,0,101325,100
239400000000,0,0,9.81,0,0,0.4438299501035585,0,0,0,101325,100
239420000000,0,0,9.81,0,0,0.4450125585303712,0,0,0,101325,100
239440000000,0,0,9.81,0,0,0.44422978232371507,0,0,0,101325,100
239460000000,0,0,9.81,0,0,0.44241763904880044,0,0,0,101325,100
239480000000,0,0,9.81,0,0,0.4444232993629465,0,0,0,101325,100
239500000000,0,0,9.81,0,0,0.4433555881011093,0,0,0,101325,100
239520000000,0,0,9.81,0,0,0.4431151593323963,0,0,0,101325,100
239540000000,0,0,9.81,0,0,0.44366744727566676,0,0,0,101325,100
239560000000,0,0,9.81,0,0,0.44453920506545463,0,0,0,101325,100
239580000000,0,0,9.81,0,0,0.4436787490667484,0,0,0,101325,100
239600000000,0,0,9.81,0,0,0.44343350679966087,0,0,0,101325,100
239620000000,0,0,9.81,0,0,0.44316008921592825,0,0,0,101325,100
239640000000,0,0,9.81,0,0,0.4416927157117666,0,0,0,101325,100
239660000000,0,0,9.81,0,0,0.4449191133678714,0,0,0,101325,100
239680000000,0,0,9.81,0,0,0.442981089018288,0,0,0,101325,100
239700000000,0,0,9.81,0,0,0.44394391638461567,0,0,0,101325,100
239720000000,0,0,9.81,0,0,0.44170006839641135,0,0,0,101325,100
239740000000,0,0,9.81,0,0,0.44430562078230346,0,0,0,101325,100
239760000000,0,0,9.81,0,0,0.4447042869683637,0,0,0,101325,100
239780000000,0,0,9.81,0,0,0.4446420635818219,0,0,0,101325,100
239800000000,0,0,9.81,0,0,0.44368548004562586,0,0,0,101325,100
239820000000,0,0,9.81,0,0,0.44378041191779044,0,0,0,101325,100
239840000000,0,0,9.81,0,0,0.4432920968769628,0,0,0,101325,100
239860000000,0,0,9.81,0,0,0.4451373439892563,0,0,0,101325,100
239880000000,0,0,9.81,0,0,0.44456855399179274,0,0,0,101325,100
239900000000,0,0,9.81,0,0,0.44203483595399784,0,0,0,101325,100
239920000000,0,0,9.81,0,0,0.44249215780800033,0,0,0,101325,100
239940000000,0,0,9.81,0,0,0.44235121712019915,0,0,0,101325,100
239960000000,0,0,9.81,0,0,0.44346998557283673,0,0,0,101325,100
239980000000,0,0,9.81,0,0,0.4445908833641374,0,0,0,101325,100
240000000000,0,0,9.81,0,0,0.4434855639299392,0,0,0,101325,100
240020000000,0,0,9.81,0,0,0.4434267058212721,0,0,0,101325,100
240040000000,0,0,9.81,0,0,0.44450968359810566,0,0,0,101325,100
240060000000,0,0,9.81,0,0,0.44355175784813944,0,0,0,101325,100
240080000000,0,0,9.81,0,0,0.44334078609933714,0,0,0,101325,100
240100000000,0,0,9.81,0,0,0.44393496464750204,0,0,0,101325,100
240120000000,0,0,9.81,0,0,0.44361467833295604,0,0,0,101325,100
240140000000,0,0,9.81,0,0,0.4427410847432569,0,0,0,101325,100
240160000000,0,0,9.81,0,0,0.4425343080946774,0,0,0,101325,100
240180000000,0,0,9.81,0,0,0.44399767977413285,0,0,0,101325,100
240200000000,0,0,9.81,0,0,0.44374267675197954,0,0,0,101325,100
240220000000,0,0,9.81,0,0,0.44357414597500405,0,0,0,101325,100
240240000000,0,0,9.81,0,0,0.442505348080904,0,0,0,101325,100
240260000000,0,0,9.81,0,0,0.44434890361459556,0,0,0,101325,100
240280000000,0,0,9.81,0,0,0.4442166707126599,0,0,0,101325,100
240300000000,0,0,9.81,0,0,0.44260248167709104,0,0,0,101325,100
240320000000,0,0,9.81,0,0,0.4417406291352463,0,0,0,101325,100
240340000000,0,0,9.81,0,0,0.44318049877472404,0,0,0,101325,100
240360000000,0,0,9.81,0,0,0.4450868949693407,0,0,0,101325,100
240380000000,0,0,9.81,0,0,0.4434871110222745,0,0,0,101325,100
240400000000,0,0,9.81,0,0,0.44427349274613104,0,0,0,101325,100
240420000000,0,0,9.81,0,0,0.4427115989141265,0,0,0,101325,100
240440000000,0,0,9.81,0,0,0.44250485572466697,0,0,0,101325,100
240460000000,0,0,9.81,0,0,0.4436776608543252,0,0,0,101325,100
240480000000,0,0,9.81,0,0,0.4440767092259565,0,0,0,101325,100
240500000000,0,0,9.81,0,0,0.44248579214664086,0,0,0,101325,100
240520000000,0,0,9.81,0,0,0.44290423471335444,0,0,0,101325,100
240540000000,0,0,9.81,0,0,0.4443616337674728,0,0,0,101325,100
240560000000,0,0,9.81,0,0,0.442526492723805,0,0,0,101325,100
240580000000,0,0,9.81,0,0,0.44388922984848134,0,0,0,101325,100
240600000000,0,0,9.81,0,0,0.4443452142986395,0,0,0,101325,100
240620000000,0,0,9.81,0,0,0.4441238042214975,0,0,0,101325,100
240640000000,0,0,9.81,0,0,0.4436783932665435,0,0,0,101325,100
240660000000,0,0,9.81,0,0,0.44304890457481816,0,0,0,101325,100
240680000000,0,0,9.81,0,0,0.44330792665755037,0,0,0,101325,100
240700000000,0,0,9.81,0,0,0.44489987982516005,0,0,0,101325,100
240720000000,0,0,9.81,0,0,0.4436252889540577,0,0,0,101325,100
240740000000,0,0,9.81,0,0,0.4440243946437176,0,0,0,101325,100
240760000000,0,0,9.81,0,0,0.4426588277912895,0,0,0,101325,100
240780000000,0,0,9.81,0,0,0.44242568237669005,0,0,0,101325,100
240800000000,0,0,9.81,0,0,0.4437941588371678,0,0,0,101325,100
240820000000,0,0,9.81,0,0,0.44273142989104075,0,0,0,101325,100
240840000000,0,0,9.81,0,0,0.4439343048400732,0,0,0,101325,100
240860000000,0,0,9.81,0,0,0.4426702535844385,0,0,0,101325,100
240880000000,0,0,9.81,0,0,0.4434471353502833,0,0,0,101325,100
240900000000,0,0,9.81,0,0,0.4435265900259735,0,0,0,101325,100
240920000000,0,0,9.81,0,0,0.44192971784361307,0,0,0,101325,100
240940000000,0,0,9.81,0,0,0.44436894244712644,0,0,0,101325,100
240960000000,0,0,9.81,0,0,0.44245587265221203,0,0,0,101325,100
240980000000,0,0,9.81,0,0,0.44318594509806253,0,0,0,101325,100
241000000000,0,0,9.81,0,0,0.4441247759782008,0,0,0,101325,100
241020000000,0,0,9.81,0,0,0.44389825516717163,0,0,0,101325,100
241040000000,0,0,9.81,0,0,0.44408123908207503,0,0,0,101325,100
241060000000,0,0,9.81,0,0,0.4446853608116967,0,0,0,101325,100
241080000000,0,0,9.81,0,0,0.4441045596870429,0,0,0,101325,100
241100000000,0,0,9.81,0,0,0.4428879720031426,0,0,0,101325,100
241120000000,0,0,9.81,0,0,0.4431727118604175,0,0,0,101325,100
241140000000,0,0,9.81,0,0,0.44315398844185494,0,0,0,101325,100
241160000000,0,0,9.81,0,0,0.4436554033419936,0,0,0,101325,100
241180000000,0,0,9.81,0,0,0.44356878227054913,0,0,0,101325,100
241200000000,0,0,9.81,0,0,0.4427133727064761,0,0,0,101325,100
241220000000,0,0,9.81,0,0,0.4442491119933118,0,0,0,101325,100
241240000000,0,0,9.81,0,0,0.4440066871985498,0,0,0,101325,100
241260000000,0,0,9.81,0,0,0.44286872878472583,0,0,0,101325,100
241280000000,0,0,9.81,0,0,0.4417033751299029,0,0,0,101325,100
241300000000,0,0,9.81,0,0,0.4444764389880752,0,0,0,101325,100
241320000000,0,0,9.81,0,0,0.44460591595497245,0,0,0,101325,100
241340000000,0,0,9.81,0,0,0.4441251668090304,0,0,0,101325,100
241360000000,0,0,9.81,0,0,0.44376929547667066,0,0,0,101325,100
241380000000,0,0,9.81,0,0,0.44375273372298013,0,0,0,101325,100
241400000000,0,0,9.81,0,0,0.44375418246411974,0,0,0,101325,100
241420000000,0,0,9.81,0,0,0.44447946043146636,0,0,0,101325,100
241440000000,0,0,9.81,0,0,0.44418704169432754,0,0,0,101325,100
241460000000,0,0,9.81,0,0,0.4450873276121746,0,0,0,101325,100
241480000000,0,0,9.81,0,0,0.443145612662512,0,0,0,101325,100
241500000000,0,0,9.81,0,0,0.4441114912082699,0,0,0,101325,100
241520000000,0,0,9.81,0,0,0.44169467886966635,0,0,0,101325,100
241540000000,0,0,9.81,0,0,0.4452698959720052,0,0,0,101325,100
241560000000,0,0,9.81,0,0,0.4450112319403362,0,0,0,101325,100
241580000000,0,0,9.81,0,0,0.4427841122221553,0,0,0,101325,100
241600000000,0,0,9.81,0,0,0.44359755292278724,0,0,0,101325,100
241620000000,0,0,9.81,0,0,0.44354133491781905,0,0,0,101325,100
241640000000,0,0,9.81,0,0,0.44310585926871743,0,0,0,101325,100
241660000000,0,0,9.81,0,0,0.443985957283682,0,0,0,101325,100
241680000000,0,0,9.81,0,0,0.44290654964787307,0,0,0,101325,100
241700000000,0,0,9.81,0,0,0.44376891733654744,0,0,0,101325,100
241720000000,0,0,9.81,0,0,0.44361173902454376,0,0,0,101325,100
241740000000,0,0,9.81,0,0,0.4425825528934258,0,0,0,101325,100
241760000000,0,0,9.81,0,0,0.44455908519312526,0,0,0,101325,100
241780000000,0,0,9.81,0,0,0.4446444390081708,0,0,0,101325,100
241800000000,0,0,9.81,0,0,0.4438415886766297,0,0,0,101325,100
241820000000,0,0,9.81,0,0,0.4438369141269045,0,0,0,101325,100
241840000000,0,0,9.81,0,0,0.4435343157404815,0,0,0,101325,100
241860000000,0,0,9.81,0,0,0.44278036177923674,0,0,0,101325,100
241880000000,0,0,9.81,0,0,0.445027799552636,0,0,0,101325,100
241900000000,0,0,9.81,0,0,0.44478044771217345,0,0,0,101325,100
241920000000,0,0,9.81,0,0,0.44286609628483925,0,0,0,101325,100
241940000000,0,0,9.81,0,0,0.4435153874740604,0,0,0,101325,100
241960000000,0,0,9.81,0,0,0.44345666069586337,0,0,0,101325,100
241980000000,0,0,9.81,0,0,0.4425781777141663,0,0,0,101325,100
242000000000,0,0,9.81,0,0,0.44488772622507244,0,0,0,101325,100
242020000000,0,0,9.81,0,0,0.4440527282959401,0,0,0,101325,100
242040000000,0,0,9.81,0,0,0.4434073627161727,0,0,0,101325,100
242060000000,0,0,9.81,0,0,0.44278127531810785,0,0,0,101325,100
242080000000,0,0,9.81,0,0,0.4427712241421649,0,0,0,101325,100
242100000000,0,0,9.81,0,0,0.4424411153755424,0,0,0,101325,100
242120000000,0,0,9.81,0,0,0.44479164445499486,0,0,0,101325,100
242140000000,0,0,9.81,0,0,0.4440731305387499,0,0,0,101325,100
242160000000,0,0,9.81,0,0,0.4433673015750226,0,0,0,101325,100
242180000000,0,0,9.81,0,0,0.4421669174360338,0,0,0,101325,100
242200000000,0,0,9.81,0,0,0.4444027338678969,0,0,0,101325,100
242220000000,0,0,9.81,0,0,0.44311160094709096,0,0,0,101325,100
242240000000,0,0,9.81,0,0,0.44314982411983195,0,0,0,101325,100
242260000000,0,0,9.81,0,0,0.4449376372134969,0,0,0,101325,100
242280000000,0,0,9.81,0,0,0.4422258711881984,0,0,0,101325,100
242300000000,0,0,9.81,0,0,0.4455743950325308,0,0,0,101325,100
242320000000,0,0,9.81,0,0,0.44341451307834545,0,0,0,101325,100
242340000000,0,0,9.81,0,0,0.44299981746120715,0,0,0,101325,100
242360000000,0,0,9.81,0,0,0.44290274465945134,0,0,0,101325,100
242380000000,0,0,9.81,0,0,0.44234668019704887,0,0,0,101325,100
242400000000,0,0,9.81,0,0,0.4432693971010794,0,0,0,101325,100
242420000000,0,0,9.81,0,0,0.44327364497936866,0,0,0,101325,100
242440000000,0,0,9.81,0,0,0.44352787544135625,0,0,0,101325,100
242460000000,0,0,9.81,0,0,0.4437868883267448,0,0,0,101325,100
242480000000,0,0,9.81,0,0,0.44458672365982593,0,0,0,101325,100
242500000000,0,0,9.81,0,0,0.44338978303777243,0,0,0,101325,100
242520000000,0,0,9.81,0,0,0.4452028175901241,0,0,0,101325,100
242540000000,0,0,9.81,0,0,0.4434795149119589,0,0,0,101325,100
242560000000,0,0,9.81,0,0,0.4441803879189273,0,0,0,101325,100
242580000000,0,0,9.81,0,0,0.4433126451461073,0,0,0,101325,100
242600000000,0,0,9.81,0,0,0.44286866048948204,0,0,0,101325,100
242620000000,0,0,9.81,0,0,0.4443444278387458,0,0,0,101325,100
242640000000,0,0,9.81,0,0,0.44401300893511253,0,0,0,101325,100
242660000000,0,0,9.81,0,0,0.4433686041706884,0,0,0,101325,100
242680000000,0,0,9.81,0,0,0.44241142599190186,0,0,0,101325,100
242700000000,0,0,9.81,0,0,0.444794237372667,0,0,0,101325,100
242720000000,0,0,9.81,0,0,0.44555731893751155,0,0,0,101325,100
242740000000,0,0,9.81,0,0,0.4425682152314594,0,0,0,101325,100
242760000000,0,0,9.81,0,0,0.44320343352161956,0,0,0,101325,100
242780000000,0,0,9.81,0,0,0.4440445135113794,0,0,0,101325,100
242800000000,0,0,9.81,0,0,0.44313781394826784,0,0,0,101325,100
242820000000,0,0,9.81,0,0,0.4444719804022579,0,0,0,101325,100
242840000000,0,0,9.81,0,0,0.4440387757731804,0,0,0,101325,100
242860000000,0,0,9.81,0,0,0.4431246163660689,0,0,0,101325,100
242880000000,0,0,9.81,0,0,0.4443931279838043,0,0,0,101325,100
242900000000,0,0,9.81,0,0,0.44383948725870065,0,0,0,101325,100
242920000000,0,0,9.81,0,0,0.44269323839530333,0,0,0,101325,100
242940000000,0,0,9.81,0,0,0.4424656147915242,0,0,0,101325,100
242960000000,0,0,9.81,0,0,0.44351625967554403,0,0,0,101325,100
242980000000,0,0,9.81,0,0,0.44398140706167133,0,0,0,101325,100
243000000000,0,0,9.81,0,0,0.44435105074089837,0,0,0,101325,100
243020000000,0,0,9.81,0,0,0.443147494354703,0,0,0,101325,100
243040000000,0,0,9.81,0,0,0.4432784815001759,0,0,0,101325,100
243060000000,0,0,9.81,0,0,0.44312995874840716,0,0,0,101325,100
243080000000,0,0,9.81,0,0,0.44233203908579444,0,0,0,101325,100
243100000000,0,0,9.81,0,0,0.4430514799857723,0,0,0,101325,100
243120000000,0,0,9.81,0,0,0.4443296815843113,0,0,0,101325,100
243140000000,0,0,9.81,0,0,0.4425044149671667,0,0,0,101325,100
243160000000,0,0,9.81,0,0,0.4435547083294788,0,0,0,101325,100
243180000000,0,0,9.81,0,0,0.4443288064161844,0,0,0,101325,100
243200000000,0,0,9.81,0,0,0.4448574203458519,0,0,0,101325,100
243220000000,0,0,9.81,0,0,0.4429961004372036,0,0,0,101325,100
243240000000,0,0,9.81,0,0,0.4442588742021873,0,0,0,101325,100
243260000000,0,0,9.81,0,0,0.44399282140222956,0,0,0,101325,100
243280000000,0,0,9.81,0,0,0.44328644038158393,0,0,0,101325,100
243300000000,0,0,9.81,0,0,0.4443135338374637,0,0,0,101325,100
243320000000,0,0,9.81,0,0,0.4440429110108221,0,0,0,101325,100
243340000000,0,0,9.81,0,0,0.44273824856219657,0,0,0,101325,100
243360000000,0,0,9.81,0,0,0.4439544394978744,0,0,0,101325,100
243380000000,0,0,9.81,0,0,0.4427204005569503,0,0,0,101325,100
243400000000,0,0,9.81,0,0,0.44275561437019983,0,0,0,101325,100
243420000000,0,0,9.81,0,0,0.44322311242653606,0,0,0,101325,100
243440000000,0,0,9.81,0,0,0.44381040385888665,0,0,0,101325,100
243460000000,0,0,9.81,0,0,0.4443110346407294,0,0,0,101325,100
243480000000,0,0,9.81,0,0,0.4430125277474839,0,0,0,101325,100
243500000000,0,0,9.81,0,0,0.4438504697134573,0,0,0,101325,100
243520000000,0,0,9.81,0,0,0.44397749360393995,0,0,0,101325,100
243540000000,0,0,9.81,0,0,0.44444657253354747,0,0,0,101325,100
243560000000,0,0,9.81,0,0,0.44288317163983937,0,0,0,101325,100
243580000000,0,0,9.81,0,0,0.44463383149954433,0,0,0,101325,100
243600000000,0,0,9.81,0,0,0.44242598554842666,0,0,0,101325,100
243620000000,0,0,9.81,0,0,0.44433302945212044,0,0,0,101325,100
243640000000,0,0,9.81,0,0,0.4428426900507376,0,0,0,101325,100
243660000000,0,0,9.81,0,0,0.44353005297063747,0,0,0,101325,100
243680000000,0,0,9.81,0,0,0.4442321523295305,0,0,0,101325,100
243700000000,0,0,9.81,0,0,0.44459103089256413,0,0,0,101325,100
243720000000,0,0,9.81,0,0,0.44348952574460376,0,0,0,101325,100
243740000000,0,0,9.81,0,0,0.4439803527716755,0,0,0,101325,100
243760000000,0,0,9.81,0,0,0.4451301189340004,0,0,0,101325,100
243780000000,0,0,9.81,0,0,0.4426159489033461,0,0,0,101325,100
243800000000,0,0,9.81,0,0,0.44390473150443627,0,0,0,101325,100
243820000000,0,0,9.81,0,0,0.4433644867231195,0,0,0,101325,100
243840000000,0,0,9.81,0,0,0.44479722136984234,0,0,0,101325,100
243860000000,0,0,9.81,0,0,0.4433620450445413,0,0,0,101325,100
243880000000,0,0,9.81,0,0,0.4438905799833551,0,0,0,101325,100
243900000000,0,0,9.81,0,0,0.4442460843223984,0,0,0,101325,100
243920000000,0,0,9.81,0,0,0.4447430936101783,0,0,0,101325,100
243940000000,0,0,9.81,0,0,0.44484551357624286,0,0,0,101325,100
243960000000,0,0,9.81,0,0,0.4436110176793103,0,0,0,101325,100
243980000000,0,0,9.81,0,0,0.44243617659162887,0,0,0,101325,100
244000000000,0,0,9.81,0,0,0.4430753163734713,0,0,0,101325,100
244020000000,0,0,9.81,0,0,0.442687803625917,0,0,0,101325,100
244040000000,0,0,9.81,0,0,0.4451432700020652,0,0,0,101325,100
244060000000,0,0,9.81,0,0,0.44196317534065255,0,0,0,101325,100
244080000000,0,0,9.81,0,0,0.44431230404188377,0,0,0,101325,100
244100000000,0,0,9.81,0,0,0.44321430830627845,0,0,0,101325,100
244120000000,0,0,9.81,0,0,0.4436482346684399,0,0,0,101325,100
244140000000,0,0,9.81,0,0,0.44374740601955376,0,0,0,101325,100
244160000000,0,0,9.81,0,0,0.4428468080748953,0,0,0,101325,100
244180000000,0,0,9.81,0,0,0.44405751213211864,0,0,0,101325,100
244200000000,0,0,9.81,0,0,0.44280462807753124,0,0,0,101325,100
244220000000,0,0,9.81,0,0,0.44246780095107285,0,0,0,101325,100
244240000000,0,0,9.81,0,0,0.4424925452987256,0,0,0,101325,100
244260000000,0,0,9.81,0,0,0.4428292785052535,0,0,0,101325,100
244280000000,0,0,9.81,0,0,0.44320568125683474,0,0,0,101325,100
244300000000,0,0,9.81,0,0,0.44275243313742224,0,0,0,101325,100
244320000000,0,0,9.81,0,0,0.4442356884726244,0,0,0,101325,100
244340000000,0,0,9.81,0,0,0.4445837750615909,0,0,0,101325,100
244360000000,0,0,9.81,0,0,0.4443023025585267,0,0,0,101325,100
244380000000,0,0,9.81,0,0,0.4450659671053488,0,0,0,101325,100
244400000000,0,0,9.81,0,0,0.4437488234977152,0,0,0,101325,100
244420000000,0,0,9.81,0,0,0.44324663559787963,0,0,0,101325,100
244440000000,0,0,9.81,0,0,0.44525608891558,0,0,0,101325,100
244460000000,0,0,9.81,0,0,0.4457379202503402,0,0,0,101325,100
244480000000,0,0,9.81,0,0,0.44362947655545026,0,0,0,101325,100
244500000000,0,0,9.81,0,0,0.44412446930262195,0,0,0,101325,100
244520000000,0,0,9.81,0,0,0.4443739261957043,0,0,0,101325,100
244540000000,0,0,9.81,0,0,0.4424509708954656,0,0,0,101325,100
244560000000,0,0,9.81,0,0,0.44406748777489685,0,0,0,101325,100
244580000000,0,0,9.81,0,0,0.4444002707981753,0,0,0,101325,100
244600000000,0,0,9.81,0,0,0.44254636863152474,0,0,0,101325,100
244620000000,0,0,9.81,0,0,0.443621448282929,0,0,0,101325,100
244640000000,0,0,9.81,0,0,0.4436694856010443,0,0,0,101325,100
244660000000,0,0,9.81,0,0,0.44391136958854416,0,0,0,101325,100
244680000000,0,0,9.81,0,0,0.4435984757845801,0,0,0,101325,100
244700000000,0,0,9.81,0,0,0.44401125858911433,0,0,0,101325,100
244720000000,0,0,9.81,0,0,0.44381215991696765,0,0,0,101325,100
244740000000,0,0,9.81,0,0,0.44501596126550663,0,0,0,101325,100
244760000000,0,0,9.81,0,0,0.4431890301801642,0,0,0,101325,100
244780000000,0,0,9.81,0,0,0.44316511867437236,0,0,0,101325,100
244800000000,0,0,9.81,0,0,0.44213923142646416,0,0,0,101325,100
244820000000,0,0,9.81,0,0,0.44403446276130804,0,0,0,101325,100
244840000000,0,0,9.81,0,0,0.44474848262832317,0,0,0,101325,100
244860000000,0,0,9.81,0,0,0.44424419430621137,0,0,0,101325,100
244880000000,0,0,9.81,0,0,0.44360160450623926,0,0,0,101325,100
244900000000,0,0,9.81,0,0,0.44399999515862776,0,0,0,101325,100
244920000000,0,0,9.81,0,0,0.44255228203298635,0,0,0,101325,100
244940000000,0,0,9.81,0,0,0.44353122057678374,0,0,0,101325,100
244960000000,0,0,9.81,0,0,0.4436004328952378,0,0,0,101325,100
244980000000,0,0,9.81,0,0,0.4437011807625717,0,0,0,101325,100
245000000000,0,0,9.81,0,0,0.44414452533856225,0,0,0,101325,100
245020000000,0,0,9.81,0,0,0.4438555148406591,0,0,0,101325,100
245040000000,0,0,9.81,0,0,0.4433201082915414,0,0,0,101325,100
245060000000,0,0,9.81,0,0,0.4424738467953779,0,0,0,101325,100
245080000000,0,0,9.81,0,0,0.4445287608741813,0,0,0,101325,100
245100000000,0,0,9.81,0,0,0.44381844261690934,0,0,0,101325,100
245120000000,0,0,9.81,0,0,0.44391893382448067,0,0,0,101325,100
245140000000,0,0,9.81,0,0,0.4430646105093331,0,0,0,101325,100
245160000000,0,0,9.81,0,0,0.444321822934022,0,0,0,101325,100
245180000000,0,0,9.81,0,0,0.4436028907676765,0,0,0,101325,100
245200000000,0,0,9.81,0,0,0.44397251578867886,0,0,0,101325,100
245220000000,0,0,9.81,0,0,0.44254168433643437,0,0,0,101325,100
245240000000,0,0,9.81,0,0,0.44409687718061297,0,0,0,101325,100
245260000000,0,0,9.81,0,0,-0.4229436065440298,0,0,0,101325,100
245280000000,0,0,9.81,0,0,-0.4229837710910006,0,0,0,101325,100
245300000000,0,0,9.81,0,0,-0.42349447580191824,0,0,0,101325,100
245320000000,0,0,9.81,0,0,-0.42301418945499203,0,0,0,101325,100
245340000000,0,0,9.81,0,0,-0.42063063082712343,0,0,0,101325,100
245360000000,0,0,9.81,0,0,-0.42269108078066175,0,0,0,101325,100
245380000000,0,0,9.81,0,0,-0.42363659141862037,0,0,0,101325,100
245400000000,0,0,9.81,0,0,-0.42242784704418546,0,0,0,101325,100
245420000000,0,0,9.81,0,0,-0.42197666216617985,0,0,0,101325,100
245440000000,0,0,9.81,0,0,-0.42249662987984155,0,0,0,101325,100
245460000000,0,0,9.81,0,0,-0.4222291526534843,0,0,0,101325,100
245480000000,0,0,9.81,0,0,-0.4237221277167694,0,0,0,101325,100
245500000000,0,0,9.81,0,0,-0.4220100500329057,0,0,0,101325,100
245520000000,0,0,9.81,0,0,-0.42311899721126445,0,0,0,101325,100
245540000000,0,0,9.81,0,0,-0.42128362975815703,0,0,0,101325,100
245560000000,0,0,9.81,0,0,-0.42408752280486095,0,0,0,101325,100
245580000000,0,0,9.81,0,0,-0.4241585330940713,0,0,0,101325,100
245600000000,0,0,9.81,0,0,-0.42199319790557976,0,0,0,101325,100
245620000000,0,0,9.81,0,0,-0.4227700420702236,0,0,0,101325,100
245640000000,0,0,9.81,0,0,-0.42366507491642025,0,0,0,101325,100
245660000000,0,0,9.81,0,0,-0.42186606365427654,0,0,0,101325,100
245680000000,0,0,9.81,0,0,-0.42326239055356174,0,0,0,101325,100
245700000000,0,0,9.81,0,0,-0.4226907257736385,0,0,0,101325,100
245720000000,0,0,9.81,0,0,-0.42386911537750677,0,0,0,101325,100
245740000000,0,0,9.81,0,0,-0.4226934579084726,0,0,0,101325,100
245760000000,0,0,9.81,0,0,-0.42287617260860694,0,0,0,101325,100
245780000000,0,0,9.81,0,0,-0.42274686232313097,0,0,0,101325,100
245800000000,0,0,9.81,0,0,-0.42259609091100947,0,0,0,101325,100
245820000000,0,0,9.81,0,0,-0.4223418016151255,0,0,0,101325,100
245840000000,0,0,9.81,0,0,-0.42416198399974947,0,0,0,101325,100
245860000000,0,0,9.81,0,0,-0.4210356464869714,0,0,0,101325,100
245880000000,0,0,9.81,0,0,-0.4222145655028547,0,0,0,101325,100
245900000000,0,0,9.81,0,0,-0.42218662203863694,0,0,0,101325,100
245920000000,0,0,9.81,0,0,-0.4229973089979298,0,0,0,101325,100
245940000000,0,0,9.81,0,0,-0.42299370727782976,0,0,0,101325,100
245960000000,0,0,9.81,0,0,-0.4240132527014415,0,0,0,101325,100
245980000000,0,0,9.81,0,0,-0.42339866272740156,0,0,0,101325,100
246000000000,0,0,9.81,0,0,-0.42208589062487767,0,0,0,101325,100
246020000000,0,0,9.81,0,0,-0.42225939165452664,0,0,0,101325,100
246040000000,0,0,9.81,0,0,-0.4212136819334717,0,0,0,101325,100
246060000000,0,0,9.81,0,0,-0.4221724554946724,0,0,0,101325,100
246080000000,0,0,9.81,0,0,-0.42260029147824085,0,0,0,101325,100
246100000000,0,0,9.81,0,0,-0.4224394292113509,0,0,0,101325,100
246120000000,0,0,9.81,0,0,-0.423423325049509,0,0,0,101325,100
246140000000,0,0,9.81,0,0,-0.42232669371730114,0,0,0,101325,100
246160000000,0,0,9.81,0,0,-0.4233765412059282,0,0,0,101325,100
246180000000,0,0,9.81,0,0,-0.42181474875405756,0,0,0,101325,100
246200000000,0,0,9.81,0,0,-0.42340281046123956,0,0,0,101325,100
246220000000,0,0,9.81,0,0,-0.42162299754775523,0,0,0,101325,100
246240000000,0,0,9.81,0,0,-0.42224079832032607,0,0,0,101325,100
246260000000,0,0,9.81,0,0,-0.4242052806967551,0,0,0,101325,100
246280000000,0,0,9.81,0,0,-0.42328852526646915,0,0,0,101325,100
246300000000,0,0,9.81,0,0,-0.4222868848642591,0,0,0,101325,100
246320000000,0,0,9.81,0,0,-0.4227023319886724,0,0,0,101325,100
246340000000,0,0,9.81,0,0,-0.4221889056726525,0,0,0,101325,100
246360000000,0,0,9.81,0,0,-0.4218107050678447,0,0,0,101325,100
246380000000,0,0,9.81,0,0,-0.42172188101505903,0,0,0,101325,100
246400000000,0,0,9.81,0,0,-0.4223868476669376,0,0,0,101325,100
246420000000,0,0,9.81,0,0,-0.4230697939949345,0,0,0,101325,100
246440000000,0,0,9.81,0,0,-0.4228025198312892,0,0,0,101325,100
246460000000,0,0,9.81,0,0,-0.42161961774582685,0,0,0,101325,100
246480000000,0,0,9.81,0,0,-0.42223137557401524,0,0,0,101325,100
246500000000,0,0,9.81,0,0,-0.4220451511850065,0,0,0,101325,100
246520000000,0,0,9.81,0,0,-0.42483332921561207,0,0,0,101325,100
246540000000,0,0,9.81,0,0,-0.4236266915279699,0,0,0,101325,100
246560000000,0,0,9.81,0,0,-0.42262019980758114,0,0,0,101325,100
246580000000,0,0,9.81,0,0,-0.4231487297975789,0,0,0,101325,100
246600000000,0,0,9.81,0,0,-0.42391838077866856,0,0,0,101325,100
246620000000,0,0,9.81,0,0,-0.4231450989788528,0,0,0,101325,100
246640000000,0,0,9.81,0,0,-0.42271379156630945,0,0,0,101325,100
246660000000,0,0,9.81,0,0,-0.42189742861867235,0,0,0,101325,100
246680000000,0,0,9.81,0,0,-0.42275162915591397,0,0,0,101325,100
246700000000,0,0,9.81,0,0,-0.4225295496113644,0,0,0,101325,100
246720000000,0,0,9.81,0,0,-0.4218117118104197,0,0,0,101325,100
246740000000,0,0,9.81,0,0,-0.42370394252735794,0,0,0,101325,100
246760000000,0,0,9.81,0,0,-0.4217983377809028,0,0,0,101325,100
246780000000,0,0,9.81,0,0,-0.42181513185828684,0,0,0,101325,100
246800000000,0,0,9.81,0,0,-0.42176529345744496,0,0,0,101325,100
246820000000,0,0,9.81,0,0,-0.42310419827817647,0,0,0,101325,100
246840000000,0,0,9.81,0,0,-0.42277463970553336,0,0,0,101325,100
246860000000,0,0,9.81,0,0,-0.42315861569013197,0,0,0,101325,100
246880000000,0,0,9.81,0,0,-0.42131875912125166,0,0,0,101325,100
246900000000,0,0,9.81,0,0,-0.4231140478511429,0,0,0,101325,100
246920000000,0,0,9.81,0,0,-0.42241710240840247,0,0,0,101325,100
246940000000,0,0,9.81,0,0,-0.42092138281531616,0,0,0,101325,100
246960000000,0,0,9.81,0,0,-0.4228436726355151,0,0,0,101325,100
246980000000,0,0,9.81,0,0,-0.4215094402282505,0,0,0,101325,100
247000000000,0,0,9.81,0,0,-0.42148721855416554,0,0,0,101325,100
247020000000,0,0,9.81,0,0,-0.42263167973422616,0,0,0,101325,100
247040000000,0,0,9.81,0,0,-0.4224219145646096,0,0,0,101325,100
247060000000,0,0,9.81,0,0,-0.42325031774592803,0,0,0,101325,100
247080000000,0,0,9.81,0,0,-0.4239435285244585,0,0,0,101325,100
247100000000,0,0,9.81,0,0,-0.4232169873247543,0,0,0,101325,100
247120000000,0,0,9.81,0,0,-0.421420564244014,0,0,0,101325,100
247140000000,0,0,9.81,0,0,-0.42136270333700104,0,0,0,101325,100
247160000000,0,0,9.81,0,0,-0.4235556224236943,0,0,0,101325,100
247180000000,0,0,9.81,0,0,-0.4223828202216493,0,0,0,101325,100
247200000000,0,0,9.81,0,0,-0.42367405964323884,0,0,0,101325,100
247220000000,0,0,9.81,0,0,-0.4236594945453547,0,0,0,101325,100
247240000000,0,0,9.81,0,0,-0.42365528842486533,0,0,0,101325,100
247260000000,0,0,9.81,0,0,-0.42316235796180257,0,0,0,101325,100
247280000000,0,0,9.81,0,0,-0.4232430544553158,0,0,0,101325,100
247300000000,0,0,9.81,0,0,-0.42269644519830724,0,0,0,101325,100
247320000000,0,0,9.81,0,0,-0.422147378904973,0,0,0,101325,100
247340000000,0,0,9.81,0,0,-0.42344511784668326,0,0,0,101325,100
247360000000,0,0,9.81,0,0,-0.42224317383267385,0,0,0,101325,100
247380000000,0,0,9.81,0,0,-0.4235117562488338,0,0,0,101325,100
247400000000,0,0,9.81,0,0,-0.4215804903226629,0,0,0,101325,100
247420000000,0,0,9.81,0,0,-0.42316727802884124,0,0,0,101325,100
247440000000,0,0,9.81,0,0,-0.42183492428529157,0,0,0,101325,100
247460000000,0,0,9.81,0,0,-0.4219925880813576,0,0,0,101325,100
247480000000,0,0,9.81,0,0,-0.42354320021477654,0,0,0,101325,100
247500000000,0,0,9.81,0,0,-0.42330204109388675,0,0,0,101325,100
247520000000,0,0,9.81,0,0,-0.4218989095705649,0,0,0,101325,100
247540000000,0,0,9.81,0,0,-0.4211501855458595,0,0,0,101325,100
247560000000,0,0,9.81,0,0,-0.4233586334974853,0,0,0,101325,100
247580000000,0,0,9.81,0,0,-0.42151516707267733,0,0,0,101325,100
247600000000,0,0,9.81,0,0,-0.42437143715298437,0,0,0,101325,100
247620000000,0,0,9.81,0,0,-0.4227712666542302,0,0,0,101325,100
247640000000,0,0,9.81,0,0,-0.42197583785470444,0,0,0,101325,100
247660000000,0,0,9.81,0,0,-0.42186273559328447,0,0,0,101325,100
247680000000,0,0,9.81,0,0,-0.4213893307379254,0,0,0,101325,100
247700000000,0,0,9.81,0,0,-0.42387980970634526,0,0,0,101325,100
247720000000,0,0,9.81,0,0,-0.4231963317728498,0,0,0,101325,100
247740000000,0,0,9.81,0,0,-0.42075105006455593,0,0,0,101325,100
247760000000,0,0,9.81,0,0,-0.42358193717948384,0,0,0,101325,100
247780000000,0,0,9.81,0,0,-0.4229804191072538,0,0,0,101325,100
247800000000,0,0,9.81,0,0,-0.4245205784381034,0,0,0,101325,100
247820000000,0,0,9.81,0,0,-0.4209524818693931,0,0,0,101325,100
247840000000,0,0,9.81,0,0,-0.42189849148854575,0,0,0,101325,100
247860000000,0,0,9.81,0,0,-0.424154428676908,0,0,0,101325,100
247880000000,0,0,9.81,0,0,-0.4228221334023493,0,0,0,101325,100
247900000000,0,0,9.81,0,0,-0.422309790944639,0,0,0,101325,100
247920000000,0,0,9.81,0,0,-0.42279990300652304,0,0,0,101325,100
247940000000,0,0,9.81,0,0,-0.42242486861677997,0,0,0,101325,100
247960000000,0,0,9.81,0,0,-0.4222056845768858,0,0,0,101325,100
247980000000,0,0,9.81,0,0,-0.4223169584341634,0,0,0,101325,100
248000000000,0,0,9.81,0,0,-0.4243687438658,0,0,0,101325,100
248020000000,0,0,9.81,0,0,-0.42421037708429776,0,0,0,101325,100
248040000000,0,0,9.81,0,0,-0.42380371411348466,0,0,0,101325,100
248060000000,0,0,9.81,0,0,-0.4211797425158683,0,0,0,101325,100
248080000000,0,0,9.81,0,0,-0.4227261368861157,0,0,0,101325,100
248100000000,0,0,9.81,0,0,-0.4227193159128471,0,0,0,101325,100
248120000000,0,0,9.81,0,0,-0.4217296171035391,0,0,0,101325,100
248140000000,0,0,9.81,0,0,-0.42228668601897706,0,0,0,101325,100
248160000000,0,0,9.81,0,0,-0.42351981466370986,0,0,0,101325,100
248180000000,0,0,9.81,0,0,-0.4217941333078407,0,0,0,101325,100
248200000000,0,0,9.81,0,0,-0.4234226738496332,0,0,0,101325,100
248220000000,0,0,9.81,0,0,-0.42047707827759595,0,0,0,101325,100
248240000000,0,0,9.81,0,0,-0.42287005493728885,0,0,0,101325,100
248260000000,0,0,9.81,0,0,-0.42088747488977296,0,0,0,101325,100
248280000000,0,0,9.81,0,0,-0.42184603458563336,0,0,0,101325,100
248300000000,0,0,9.81,0,0,-0.4218224989149116,0,0,0,101325,100
248320000000,0,0,9.81,0,0,-0.4237582365703355,0,0,0,101325,100
248340000000,0,0,9.81,0,0,-0.4215711607559963,0,0,0,101325,100
248360000000,0,0,9.81,0,0,-0.4229840906282447,0,0,0,101325,100
248380000000,0,0,9.81,0,0,-0.4214428222966054,0,0,0,101325,100
248400000000,0,0,9.81,0,0,-0.421539901194637,0,0,0,101325,100
248420000000,0,0,9.81,0,0,-0.42351568874811024,0,0,0,101325,100
248440000000,0,0,9.81,0,0,-0.42233208659081384,0,0,0,101325,100
248460000000,0,0,9.81,0,0,-0.42115476575313804,0,0,0,101325,100
248480000000,0,0,9.81,0,0,-0.42246111658165025,0,0,0,101325,100
248500000000,0,0,9.81,0,0,-0.42325512722751285,0,0,0,101325,100
248520000000,0,0,9.81,0,0,-0.42136639976340196,0,0,0,101325,100
248540000000,0,0,9.81,0,0,-0.42212226375709394,0,0,0,101325,100
248560000000,0,0,9.81,0,0,-0.4236956214193101,0,0,0,101325,100
248580000000,0,0,9.81,0,0,-0.4219635734290713,0,0,0,101325,100
248600000000,0,0,9.81,0,0,-0.4224385883190655,0,0,0,101325,100
248620000000,0,0,9.81,0,0,-0.4233672173960495,0,0,0,101325,100
248640000000,0,0,9.81,0,0,-0.42289735457663774,0,0,0,101325,100
248660000000,0,0,9.81,0,0,-0.42243897563902677,0,0,0,101325,100
248680000000,0,0,9.81,0,0,-0.42276070069425675,0,0,0,101325,100
248700000000,0,0,9.81,0,0,-0.42279020054081407,0,0,0,101325,100
248720000000,0,0,9.81,0,0,-0.4217371957072144,0,0,0,101325,100
248740000000,0,0,9.81,0,0,-0.4224475737251761,0,0,0,101325,100
248760000000,0,0,9.81,0,0,-0.4222818608405874,0,0,0,101325,100
248780000000,0,0,9.81,0,0,-0.4231639014302613,0,0,0,101325,100
248800000000,0,0,9.81,0,0,-0.42214737994236073,0,0,0,101325,100
248820000000,0,0,9.81,0,0,-0.4216728727217685,0,0,0,101325,100
248840000000,0,0,9.81,0,0,-0.42259721537686,0,0,0,101325,100
248860000000,0,0,9.81,0,0,-0.42386827920308434,0,0,0,101325,100
248880000000,0,0,9.81,0,0,-0.42256466645946633,0,0,0,101325,100
248900000000,0,0,9.81,0,0,-0.42400572792932395,0,0,0,101325,100
248920000000,0,0,9.81,0,0,-0.4222576568756876,0,0,0,101325,100
248940000000,0,0,9.81,0,0,-0.42297560762238184,0,0,0,101325,100
248960000000,0,0,9.81,0,0,-0.42270516625523086,0,0,0,101325,100
248980000000,0,0,9.81,0,0,-0.4207464584073783,0,0,0,101325,100
249000000000,0,0,9.81,0,0,-0.42409557061530484,0,0,0,101325,100
249020000000,0,0,9.81,0,0,-0.4229573722243763,0,0,0,101325,100
249040000000,0,0,9.81,0,0,-0.4231283504682348,0,0,0,101325,100
249060000000,0,0,9.81,0,0,-0.4213783884705034,0,0,0,101325,100
249080000000,0,0,9.81,0,0,-0.42105652676456073,0,0,0,101325,100
249100000000,0,0,9.81,0,0,-0.422298524455203,0,0,0,101325,100
249120000000,0,0,9.81,0,0,-0.42432921859447725,0,0,0,101325,100
249140000000,0,0,9.81,0,0,-0.42407610759288716,0,0,0,101325,100
249160000000,0,0,9.81,0,0,-0.4231705375422973,0,0,0,101325,100
249180000000,0,0,9.81,0,0,-0.4224647610751997,0,0,0,101325,100
249200000000,0,0,9.81,0,0,-0.4218256527765441,0,0,0,101325,100
249220000000,0,0,9.81,0,0,-0.42291788040923545,0,0,0,101325,100
249240000000,0,0,9.81,0,0,-0.4224550112950232,0,0,0,101325,100
249260000000,0,0,9.81,0,0,-0.4222230090397332,0,0,0,101325,100
249280000000,0,0,9.81,0,0,-0.42238843920969915,0,0,0,101325,100
249300000000,0,0,9.81,0,0,-0.42311792257873637,0,0,0,101325,100
249320000000,0,0,9.81,0,0,-0.4212040262492228,0,0,0,101325,100
249340000000,0,0,9.81,0,0,-0.42296666279054324,0,0,0,101325,100
249360000000,0,0,9.81,0,0,-0.42422289634801313,0,0,0,101325,100
249380000000,0,0,9.81,0,0,-0.42316449987733,0,0,0,101325,100
249400000000,0,0,9.81,0,0,-0.4213193789472435,0,0,0,101325,100
249420000000,0,0,9.81,0,0,-0.4217848120376241,0,0,0,101325,100
249440000000,0,0,9.81,0,0,-0.4231230315822548,0,0,0,101325,100
249460000000,0,0,9.81,0,0,-0.421747562977389,0,0,0,101325,100
249480000000,0,0,9.81,0,0,-0.4229816257299037,0,0,0,101325,100
249500000000,0,0,9.81,0,0,-0.42174093169625065,0,0,0,101325,100
249520000000,0,0,9.81,0,0,-0.4226767957848541,0,0,0,101325,100
249540000000,0,0,9.81,0,0,-0.4234843179266989,0,0,0,101325,100
249560000000,0,0,9.81,0,0,-0.4221854675119834,0,0,0,101325,100
249580000000,0,0,9.81,0,0,-0.4221829992091234,0,0,0,101325,100
249600000000,0,0,9.81,0,0,-0.4220594927986432,0,0,0,101325,100
249620000000,0,0,9.81,0,0,-0.4233801194812612,0,0,0,101325,100
249640000000,0,0,9.81,0,0,-0.42323335930142386,0,0,0,101325,100
249660000000,0,0,9.81,0,0,-0.42081889353224206,0,0,0,101325,100
249680000000,0,0,9.81,0,0,-0.4220491029872421,0,0,0,101325,100
249700000000,0,0,9.81,0,0,-0.42351969077630935,0,0,0,101325,100
249720000000,0,0,9.81,0,0,-0.4227836160532011,0,0,0,101325,100
249740000000,0,0,9.81,0,0,-0.42217754569989996,0,0,0,101325,100
249760000000,0,0,9.81,0,0,-0.4209975808182539,0,0,0,101325,100
249780000000,0,0,9.81,0,0,-0.42223257123562374,0,0,0,101325,100
249800000000,0,0,9.81,0,0,-0.42313985816844324,0,0,0,101325,100
249820000000,0,0,9.81,0,0,-0.4218230915083867,0,0,0,101325,100
249840000000,0,0,9.81,0,0,-0.4220560595105981,0,0,0,101325,100
249860000000,0,0,9.81,0,0,-0.4225193890696984,0,0,0,101325,100
249880000000,0,0,9.81,0,0,-0.4228320916158274,0,0,0,101325,100
249900000000,0,0,9.81,0,0,-0.423451822227382,0,0,0,101325,100
249920000000,0,0,9.81,0,0,-0.4209878078167934,0,0,0,101325,100
249940000000,0,0,9.81,0,0,-0.4220902627899081,0,0,0,101325,100
249960000000,0,0,9.81,0,0,-0.4215653657235518,0,0,0,101325,100
249980000000,0,0,9.81,0,0,-0.42183084167266166,0,0,0,101325,100
250000000000,0,0,9.81,0,0,-0.4226220499654093,0,0,0,101325,100
250020000000,0,0,9.81,0,0,-0.42306171991442615,0,0,0,101325,100
250040000000,0,0,9.81,0,0,-0.42432416431181574,0,0,0,101325,100
250060000000,0,0,9.81,0,0,-0.42132369700581823,0,0,0,101325,100
250080000000,0,0,9.81,0,0,-0.42195504859553,0,0,0,101325,100
250100000000,0,0,9.81,0,0,-0.4226998635244355,0,0,0,101325,100
250120000000,0,0,9.81,0,0,-0.4216088044657924,0,0,0,101325,100
250140000000,0,0,9.81,0,0,-0.4226467216258036,0,0,0,101325,100
250160000000,0,0,9.81,0,0,-0.42293913619864,0,0,0,101325,100
250180000000,0,0,9.81,0,0,-0.42286119217629686,0,0,0,101325,100
250200000000,0,0,9.81,0,0,-0.4229756002987476,0,0,0,101325,100
250220000000,0,0,9.81,0,0,-0.4218806973871338,0,0,0,101325,100
250240000000,0,0,9.81,0,0,-0.422549890796727,0,0,0,101325,100
250260000000,0,0,9.81,0,0,-0.4216732515012956,0,0,0,101325,100
250280000000,0,0,9.81,0,0,-0.42207349746261263,0,0,0,101325,100
250300000000,0,0,9.81,0,0,-0.4227245216083902,0,0,0,101325,100
250320000000,0,0,9.81,0,0,-0.4220516302647087,0,0,0,101325,100
250340000000,0,0,9.81,0,0,-0.42201637567582817,0,0,0,101325,100
250360000000,0,0,9.81,0,0,-0.4220951100985066,0,0,0,101325,100
250380000000,0,0,9.81,0,0,-0.4209748531090924,0,0,0,101325,100
250400000000,0,0,9.81,0,0,-0.42246668462407655,0,0,0,101325,100
250420000000,0,0,9.81,0,0,-0.4229792256436058,0,0,0,101325,100
250440000000,0,0,9.81,0,0,-0.4222710273936063,0,0,0,101325,100
250460000000,0,0,9.81,0,0,-0.42151654938827066,0,0,0,101325,100
250480000000,0,0,9.81,0,0,-0.42389537584593295,0,0,0,101325,100
250500000000,0,0,9.81,0,0,-0.4215038642121849,0,0,0,101325,100
250520000000,0,0,9.81,0,0,-0.4227532838316171,0,0,0,101325,100
250540000000,0,0,9.81,0,0,-0.4250378056119604,0,0,0,101325,100
250560000000,0,0,9.81,0,0,-0.4231580565811547,0,0,0,101325,100
250580000000,0,0,9.81,0,0,-0.4223337290147389,0,0,0,101325,100
250600000000,0,0,9.81,0,0,-0.4218889128840649,0,0,0,101325,100
250620000000,0,0,9.81,0,0,-0.4219701509805664,0,0,0,101325,100
250640000000,0,0,9.81,0,0,-0.42206319853424973,0,0,0,101325,100
250660000000,0,0,9.81,0,0,-0.42136736157763166,0,0,0,101325,100
250680000000,0,0,9.81,0,0,-0.4221474443282974,0,0,0,101325,100
250700000000,0,0,9.81,0,0,-0.42153542291600044,0,0,0,101325,100
250720000000,0,0,9.81,0,0,-0.4237894897389757,0,0,0,101325,100
250740000000,0,0,9.81,0,0,-0.42214887097388354,0,0,0,101325,100
250760000000,0,0,9.81,0,0,-0.4233154920760132,0,0,0,101325,100
250780000000,0,0,9.81,0,0,-0.4213544340387172,0,0,0,101325,100
250800000000,0,0,9.81,0,0,-0.42265254808886843,0,0,0,101325,100
250820000000,0,0,9.81,0,0,-0.4237458959945753,0,0,0,101325,100
250840000000,0,0,9.81,0,0,-0.4219084692030323,0,0,0,101325,100
250860000000,0,0,9.81,0,0,-0.42275110862371346,0,0,0,101325,100
250880000000,0,0,9.81,0,0,-0.4216777331356708,0,0,0,101325,100
250900000000,0,0,9.81,0,0,-0.4219453725415356,0,0,0,101325,100
250920000000,0,0,9.81,0,0,-0.42302719950310236,0,0,0,101325,100
250940000000,0,0,9.81,0,0,-0.42200512634461756,0,0,0,101325,100
250960000000,0,0,9.81,0,0,-0.42114601899087895,0,0,0,101325,100
250980000000,0,0,9.81,0,0,-0.4208603342242762,0,0,0,101325,100
251000000000,0,0,9.81,0,0,-0.4235478319821368,0,0,0,101325,100
251020000000,0,0,9.81,0,0,-0.4220867748752832,0,0,0,101325,100
251040000000,0,0,9.81,0,0,-0.4235881851521467,0,0,0,101325,100
251060000000,0,0,9.81,0,0,-0.4226004295082443,0,0,0,101325,100
251080000000,0,0,9.81,0,0,-0.4228230509407314,0,0,0,101325,100
251100000000,0,0,9.81,0,0,-0.42399586388754695,0,0,0,101325,100
251120000000,0,0,9.81,0,0,-0.42071914568465485,0,0,0,101325,100
251140000000,0,0,9.81,0,0,-0.42230773465510313,0,0,0,101325,100
251160000000,0,0,9.81,0,0,-0.4218935658920576,0,0,0,101325,100
251180000000,0,0,9.81,0,0,-0.4224502438893938,0,0,0,101325,100
251200000000,0,0,9.81,0,0,-0.4209587804601318,0,0,0,101325,100
251220000000,0,0,9.81,0,0,-0.4211869926155193,0,0,0,101325,100
251240000000,0,0,9.81,0,0,-0.4221560431200549,0,0,0,101325,100
251260000000,0,0,9.81,0,0,-0.4199631822310561,0,0,0,101325,100
251280000000,0,0,9.81,0,0,-0.42318910325046033,0,0,0,101325,100
251300000000,0,0,9.81,0,0,-0.4214652179313369,0,0,0,101325,100
251320000000,0,0,9.81,0,0,-0.4232440857108152,0,0,0,101325,100
251340000000,0,0,9.81,0,0,-0.42195644659549997,0,0,0,101325,100
251360000000,0,0,9.81,0,0,-0.4218084822091008,0,0,0,101325,100
251380000000,0,0,9.81,0,0,-0.4216454505506654,0,0,0,101325,100
251400000000,0,0,9.81,0,0,-0.42257984493130324,0,0,0,101325,100
251420000000,0,0,9.81,0,0,-0.42255068351182173,0,0,0,101325,100
251440000000,0,0,9.81,0,0,-0.4218793109900618,0,0,0,101325,100
251460000000,0,0,9.81,0,0,-0.4224637901757571,0,0,0,101325,100
251480000000,0,0,9.81,0,0,-0.42283812717027935,0,0,0,101325,100
251500000000,0,0,9.81,0,0,-0.42270285847783323,0,0,0,101325,100
251520000000,0,0,9.81,0,0,-0.4240600353341187,0,0,0,101325,100
251540000000,0,0,9.81,0,0,-0.4227616128991627,0,0,0,101325,100
251560000000,0,0,9.81,0,0,-0.42309214455323213,0,0,0,101325,100
251580000000,0,0,9.81,0,0,-0.42210317936010977,0,0,0,101325,100
251600000000,0,0,9.81,0,0,-0.4242186367914712,0,0,0,101325,100
251620000000,0,0,9.81,0,0,-0.42257213421504913,0,0,0,101325,100
251640000000,0,0,9.81,0,0,-0.4232424432360557,0,0,0,101325,100
251660000000,0,0,9.81,0,0,-0.4224613025812414,0,0,0,101325,100
251680000000,0,0,9.81,0,0,-0.4219577723635571,0,0,0,101325,100
251700000000,0,0,9.81,0,0,-0.4234688604611132,0,0,0,101325,100
251720000000,0,0,9.81,0,0,-0.4238969809399178,0,0,0,101325,100
251740000000,0,0,9.81,0,0,-0.42166372437642896,0,0,0,101325,100
251760000000,0,0,9.81,0,0,-0.4227574873836294,0,0,0,101325,100
251780000000,0,0,9.81,0,0,-0.4222282170765247,0,0,0,101325,100
251800000000,0,0,9.81,0,0,-0.42195878863003516,0,0,0,101325,100
251820000000,0,0,9.81,0,0,-0.4218274830269723,0,0,0,101325,100
251840000000,0,0,9.81,0,0,-0.42262773908940193,0,0,0,101325,100
251860000000,0,0,9.81,0,0,-0.4242537847448717,0,0,0,101325,100
251880000000,0,0,9.81,0,0,-0.4210230578196352,0,0,0,101325,100
251900000000,0,0,9.81,0,0,-0.42313316375536897,0,0,0,101325,100
251920000000,0,0,9.81,0,0,-0.4214383591266847,0,0,0,101325,100
251940000000,0,0,9.81,0,0,-0.42318455570757224,0,0,0,101325,100
251960000000,0,0,9.81,0,0,-0.4227147641211807,0,0,0,101325,100
251980000000,0,0,9.81,0,0,-0.4216863694591443,0,0,0,101325,100
252000000000,0,0,9.81,0,0,-0.4213202176438937,0,0,0,101325,100
252020000000,0,0,9.81,0,0,-0.42229636486770633,0,0,0,101325,100
252040000000,0,0,9.81,0,0,-0.42278032544520266,0,0,0,101325,100
252060000000,0,0,9.81,0,0,-0.42259107621352354,0,0,0,101325,100
252080000000,0,0,9.81,0,0,-0.42099399411670885,0,0,0,101325,100
252100000000,0,0,9.81,0,0,-0.4242071426811375,0,0,0,101325,100
252120000000,0,0,9.81,0,0,-0.42108021129135936,0,0,0,101325,100
252140000000,0,0,9.81,0,0,-0.4221510410854236,0,0,0,101325,100
252160000000,0,0,9.81,0,0,-0.42275358103631,0,0,0,101325,100
252180000000,0,0,9.81,0,0,-0.425044929099281,0,0,0,101325,100
252200000000,0,0,9.81,0,0,-0.423135530812699,0,0,0,101325,100
252220000000,0,0,9.81,0,0,-0.42225706286630377,0,0,0,101325,100
252240000000,0,0,9.81,0,0,-0.4220117808566361,0,0,0,101325,100
252260000000,0,0,9.81,0,0,-0.4238839362890107,0,0,0,101325,100
252280000000,0,0,9.81,0,0,-0.4222681499588488,0,0,0,101325,100
252300000000,0,0,9.81,0,0,-0.4230770104028312,0,0,0,101325,100
252320000000,0,0,9.81,0,0,-0.42400570681719485,0,0,0,101325,100
252340000000,0,0,9.81,0,0,-0.42159298091259695,0,0,0,101325,100
252360000000,0,0,9.81,0,0,-0.4232426912788069,0,0,0,101325,100
252380000000,0,0,9.81,0,0,-0.42183546566267854,0,0,0,101325,100
252400000000,0,0,9.81,0,0,-0.422371856151247,0,0,0,101325,100
252420000000,0,0,9.81,0,0,-0.4231200913399099,0,0,0,101325,100
252440000000,0,0,9.81,0,0,-0.42178045675949033,0,0,0,101325,100
252460000000,0,0,9.81,0,0,-0.421565718364374,0,0,0,101325,100
252480000000,0,0,9.81,0,0,-0.422215304547718,0,0,0,101325,100
252500000000,0,0,9.81,0,0,-0.42284988144361474,0,0,0,101325,100
252520000000,0,0,9.81,0,0,-0.4242776858873668,0,0,0,101325,100
252540000000,0,0,9.81,0,0,-0.42432318445681627,0,0,0,101325,100
252560000000,0,0,9.81,0,0,-0.42120771810311286,0,0,0,101325,100
252580000000,0,0,9.81,0,0,-0.42197548346153474,0,0,0,101325,100
252600000000,0,0,9.81,0,0,-0.42262485960746166,0,0,0,101325,100
252620000000,0,0,9.81,0,0,-0.4211946262684631,0,0,0,101325,100
252640000000,0,0,9.81,0,0,-0.42406405318412815,0,0,0,101325,100
252660000000,0,0,9.81,0,0,-0.42172752415960246,0,0,0,101325,100
252680000000,0,0,9.81,0,0,-0.4233670188803991,0,0,0,101325,100
252700000000,0,0,9.81,0,0,-0.4212258241102264,0,0,0,101325,100
252720000000,0,0,9.81,0,0,-0.4224215311275122,0,0,0,101325,100
252740000000,0,0,9.81,0,0,-0.42320740546544133,0,0,0,101325,100
252760000000,0,0,9.81,0,0,-0.4198634714207845,0,0,0,101325,100
252780000000,0,0,9.81,0,0,-0.4224787197879296,0,0,0,101325,100
252800000000,0,0,9.81,0,0,-0.4214462375449762,0,0,0,101325,100
252820000000,0,0,9.81,0,0,-0.42300005194593016,0,0,0,101325,100
252840000000,0,0,9.81,0,0,-0.4239884990511298,0,0,0,101325,100
252860000000,0,0,9.81,0,0,-0.42265134837059654,0,0,0,101325,100
252880000000,0,0,9.81,0,0,-0.41993827527837624,0,0,0,101325,100
252900000000,0,0,9.81,0,0,-0.4225360064009348,0,0,0,101325,100
252920000000,0,0,9.81,0,0,-0.42260790100700696,0,0,0,101325,100
252940000000,0,0,9.81,0,0,-0.4222182125425314,0,0,0,101325,100
252960000000,0,0,9.81,0,0,-0.42109718555835945,0,0,0,101325,100
252980000000,0,0,9.81,0,0,-0.42176880082667245,0,0,0,101325,100
253000000000,0,0,9.81,0,0,-0.42199267342935276,0,0,0,101325,100
253020000000,0,0,9.81,0,0,-0.42242812108755534,0,0,0,101325,100
253040000000,0,0,9.81,0,0,-0.4223342385825029,0,0,0,101325,100
253060000000,0,0,9.81,0,0,-0.4228890818772686,0,0,0,101325,100
253080000000,0,0,9.81,0,0,-0.4227033098575115,0,0,0,101325,100
253100000000,0,0,9.81,0,0,-0.4227121458223764,0,0,0,101325,100
253120000000,0,0,9.81,0,0,-0.4232448661170655,0,0,0,101325,100
253140000000,0,0,9.81,0,0,-0.42126073020088856,0,0,0,101325,100
253160000000,0,0,9.81,0,0,-0.4205338630562476,0,0,0,101325,100
253180000000,0,0,9.81,0,0,-0.42179714496352255,0,0,0,101325,100
253200000000,0,0,9.81,0,0,-0.42381149611518754,0,0,0,101325,100
253220000000,0,0,9.81,0,0,-0.42186596696651585,0,0,0,101325,100
253240000000,0,0,9.81,0,0,-0.42210313269152655,0,0,0,101325,100
253260000000,0,0,9.81,0,0,-0.42201082549689223,0,0,0,101325,100
253280000000,0,0,9.81,0,0,-0.42379155920873823,0,0,0,101325,100
253300000000,0,0,9.81,0,0,-0.4207187563682762,0,0,0,101325,100
253320000000,0,0,9.81,0,0,-0.4213415230390805,0,0,0,101325,100
253340000000,0,0,9.81,0,0,-0.4217897678252322,0,0,0,101325,100
253360000000,0,0,9.81,0,0,-0.4216475345780372,0,0,0,101325,100
253380000000,0,0,9.81,0,0,-0.42143561165164917,0,0,0,101325,100
253400000000,0,0,9.81,0,0,-0.42261863844358694,0,0,0,101325,100
253420000000,0,0,9.81,0,0,-0.4223606632193345,0,0,0,101325,100
253440000000,0,0,9.81,0,0,-0.4234401093092759,0,0,0,101325,100
253460000000,0,0,9.81,0,0,-0.42242280170001373,0,0,0,101325,100
253480000000,0,0,9.81,0,0,-0.4227745269138853,0,0,0,101325,100
253500000000,0,0,9.81,0,0,-0.4229950285469266,0,0,0,101325,100
253520000000,0,0,9.81,0,0,-0.423162017404276,0,0,0,101325,100
253540000000,0,0,9.81,0,0,-0.42167796629911625,0,0,0,101325,100
253560000000,0,0,9.81,0,0,-0.42293337853620977,0,0,0,101325,100
253580000000,0,0,9.81,0,0,-0.4219404946976512,0,0,0,101325,100
253600000000,0,0,9.81,0,0,-0.42278803085428757,0,0,0,101325,100
253620000000,0,0,9.81,0,0,-0.4220904835980142,0,0,0,101325,100
253640000000,0,0,9.81,0,0,-0.4221240359497367,0,0,0,101325,100
253660000000,0,0,9.81,0,0,-0.4235249145887053,0,0,0,101325,100
253680000000,0,0,9.81,0,0,-0.4237537307924525,0,0,0,101325,100
253700000000,0,0,9.81,0,0,-0.42129977940399443,0,0,0,101325,100
253720000000,0,0,9.81,0,0,-0.4222309734222824,0,0,0,101325,100
253740000000,0,0,9.81,0,0,-0.4219782293407157,0,0,0,101325,100
253760000000,0,0,9.81,0,0,-0.42185541383166236,0,0,0,101325,100
253780000000,0,0,9.81,0,0,-0.42268673882582375,0,0,0,101325,100
253800000000,0,0,9.81,0,0,-0.42183207244792276,0,0,0,101325,100
253820000000,0,0,9.81,0,0,-0.42281488449281474,0,0,0,101325,100
253840000000,0,0,9.81,0,0,-0.42278976998619033,0,0,0,101325,100
253860000000,0,0,9.81,0,0,-0.42228665938404675,0,0,0,101325,100
253880000000,0,0,9.81,0,0,-0.42200762906480427,0,0,0,101325,100
253900000000,0,0,9.81,0,0,-0.4220561731111356,0,0,0,101325,100
253920000000,0,0,9.81,0,0,-0.42199873040767216,0,0,0,101325,100
253940000000,0,0,9.81,0,0,-0.42120875332668384,0,0,0,101325,100
253960000000,0,0,9.81,0,0,-0.42258311487239103,0,0,0,101325,100
253980000000,0,0,9.81,0,0,-0.4222369961186625,0,0,0,101325,100
254000000000,0,0,9.81,0,0,-0.423037889112237,0,0,0,101325,100
254020000000,0,0,9.81,0,0,-0.42189513639398235,0,0,0,101325,100
254040000000,0,0,9.81,0,0,-0.4228505527776552,0,0,0,101325,100
254060000000,0,0,9.81,0,0,-0.422673129521406,0,0,0,101325,100
254080000000,0,0,9.81,0,0,-0.4231106695534417,0,0,0,101325,100
254100000000,0,0,9.81,0,0,-0.42252831377800243,0,0,0,101325,100
254120000000,0,0,9.81,0,0,-0.42217805610676135,0,0,0,101325,100
254140000000,0,0,9.81,0,0,-0.4238462460051748,0,0,0,101325,100
254160000000,0,0,9.81,0,0,-0.4229820956682684,0,0,0,101325,100
254180000000,0,0,9.81,0,0,-0.4222399895608655,0,0,0,101325,100
254200000000,0,0,9.81,0,0,-0.42191513059754326,0,0,0,101325,100
254220000000,0,0,9.81,0,0,-0.4218689490563247,0,0,0,101325,100
254240000000,0,0,9.81,0,0,-0.4225711308230972,0,0,0,101325,100
254260000000,0,0,9.81,0,0,-0.4222541157685759,0,0,0,101325,100
254280000000,0,0,9.81,0,0,-0.4215960262236693,0,0,0,101325,100
254300000000,0,0,9.81,0,0,-0.4219149063869899,0,0,0,101325,100
254320000000,0,0,9.81,0,0,-0.4234600722158605,0,0,0,101325,100
254340000000,0,0,9.81,0,0,-0.4222111644397119,0,0,0,101325,100
254360000000,0,0,9.81,0,0,-0.42023169203352145,0,0,0,101325,100
254380000000,0,0,9.81,0,0,-0.42299361735659197,0,0,0,101325,100
254400000000,0,0,9.81,0,0,-0.4227455689556985,0,0,0,101325,100
254420000000,0,0,9.81,0,0,-0.42322541382228607,0,0,0,101325,100
254440000000,0,0,9.81,0,0,-0.42157251240688465,0,0,0,101325,100
254460000000,0,0,9.81,0,0,-0.4233312444501359,0,0,0,101325,100
254480000000,0,0,9.81,0,0,-0.4238019898282841,0,0,0,101325,100
254500000000,0,0,9.81,0,0,-0.4227655691922658,0,0,0,101325,100
254520000000,0,0,9.81,0,0,-0.4238717804626959,0,0,0,101325,100
254540000000,0,0,9.81,0,0,-0.4222620759220819,0,0,0,101325,100
254560000000,0,0,9.81,0,0,-0.42219250709322154,0,0,0,101325,100
254580000000,0,0,9.81,0,0,-0.42301059263255636,0,0,0,101325,100
254600000000,0,0,9.81,0,0,-0.42239156193568744,0,0,0,101325,100
254620000000,0,0,9.81,0,0,-0.42211050392776056,0,0,0,101325,100
254640000000,0,0,9.81,0,0,-0.4226009649785235,0,0,0,101325,100
254660000000,0,0,9.81,0,0,-0.42288639857916094,0,0,0,101325,100
254680000000,0,0,9.81,0,0,-0.4221616105389,0,0,0,101325,100
254700000000,0,0,9.81,0,0,-0.4217333036652926,0,0,0,101325,100
254720000000,0,0,9.81,0,0,-0.4219497309152519,0,0,0,101325,100
254740000000,0,0,9.81,0,0,-0.42159907248395323,0,0,0,101325,100
254760000000,0,0,9.81,0,0,-0.42372665974714563,0,0,0,101325,100
254780000000,0,0,9.81,0,0,-0.42260674629394057,0,0,0,101325,100
254800000000,0,0,9.81,0,0,-0.4220209053289952,0,0,0,101325,100
254820000000,0,0,9.81,0,0,-0.4239130148859737,0,0,0,101325,100
254840000000,0,0,9.81,0,0,-0.4222073754014382,0,0,0,101325,100
254860000000,0,0,9.81,0,0,-0.4225832751498232,0,0,0,101325,100
254880000000,0,0,9.81,0,0,-0.42298328305381144,0,0,0,101325,100
254900000000,0,0,9.81,0,0,-0.4220856824777125,0,0,0,101325,100
254920000000,0,0,9.81,0,0,-0.42272991028283513,0,0,0,101325,100
254940000000,0,0,9.81,0,0,-0.42265500732656724,0,0,0,101325,100
254960000000,0,0,9.81,0,0,-0.42272431630859947,0,0,0,101325,100
254980000000,0,0,9.81,0,0,-0.42307692405408537,0,0,0,101325,100
255000000000,0,0,9.81,0,0,-0.4213512044070735,0,0,0,101325,100
255020000000,0,0,9.81,0,0,-0.4229970291600489,0,0,0,101325,100
255040000000,0,0,9.81,0,0,-0.42164553184592907,0,0,0,101325,100
255060000000,0,0,9.81,0,0,-0.42349838784841654,0,0,0,101325,100
255080000000,0,0,9.81,0,0,-0.4219599127336341,0,0,0,101325,100
255100000000,0,0,9.81,0,0,-0.4226027982058808,0,0,0,101325,100
255120000000,0,0,9.81,0,0,-0.42159052087304727,0,0,0,101325,100
255140000000,0,0,9.81,0,0,-0.42319024049174697,0,0,0,101325,100
255160000000,0,0,9.81,0,0,-0.42363704233185223,0,0,0,101325,100
255180000000,0,0,9.81,0,0,-0.42177718857547086,0,0,0,101325,100
255200000000,0,0,9.81,0,0,-0.4240060904259616,0,0,0,101325,100
255220000000,0,0,9.81,0,0,-0.42214117495172926,0,0,0,101325,100
255240000000,0,0,9.81,0,0,-0.4220661020219894,0,0,0,101325,100
255260000000,0,0,9.81,0,0,-0.4234796726504063,0,0,0,101325,100
255280000000,0,0,9.81,0,0,-0.4230580233931718,0,0,0,101325,100
255300000000,0,0,9.81,0,0,-0.4219631690078075,0,0,0,101325,100
255320000000,0,0,9.81,0,0,-0.42087958638922846,0,0,0,101325,100
255340000000,0,0,9.81,0,0,-0.42210977843787795,0,0,0,101325,100
255360000000,0,0,9.81,0,0,-0.42248149074508196,0,0,0,101325,100
255380000000,0,0,9.81,0,0,-0.42356897589708625,0,0,0,101325,100
255400000000,0,0,9.81,0,0,-0.4233759628195871,0,0,0,101325,100
255420000000,0,0,9.81,0,0,-0.42186640288066213,0,0,0,101325,100
255440000000,0,0,9.81,0,0,-0.4219024601028952,0,0,0,101325,100
255460000000,0,0,9.81,0,0,-0.4214011250721362,0,0,0,101325,100
255480000000,0,0,9.81,0,0,-0.4226383327257174,0,0,0,101325,100
255500000000,0,0,9.81,0,0,-0.42169474243846505,0,0,0,101325,100
255520000000,0,0,9.81,0,0,-0.4229930431952168,0,0,0,101325,100
255540000000,0,0,9.81,0,0,-0.42156250405338325,0,0,0,101325,100
255560000000,0,0,9.81,0,0,-0.42192718555793396,0,0,0,101325,100
255580000000,0,0,9.81,0,0,-0.42180131738720983,0,0,0,101325,100
255600000000,0,0,9.81,0,0,-0.4210529460800928,0,0,0,101325,100
255620000000,0,0,9.81,0,0,-0.4229231939762455,0,0,0,101325,100
255640000000,0,0,9.81,0,0,-0.42262670163112775,0,0,0,101325,100
255660000000,0,0,9.81,0,0,-0.4220988511359937,0,0,0,101325,100
255680000000,0,0,9.81,0,0,-0.4200396803284384,0,0,0,101325,100
255700000000,0,0,9.81,0,0,-0.423112329226554,0,0,0,101325,100
255720000000,0,0,9.81,0,0,-0.4234596119775594,0,0,0,101325,100
255740000000,0,0,9.81,0,0,-0.42236839200538423,0,0,0,101325,100
255760000000,0,0,9.81,0,0,-0.4221896740086705,0,0,0,101325,100
255780000000,0,0,9.81,0,0,-0.42198654305524375,0,0,0,101325,100
255800000000,0,0,9.81,0,0,-0.42189566833154435,0,0,0,101325,100
255820000000,0,0,9.81,0,0,-0.4224716126291253,0,0,0,101325,100
255840000000,0,0,9.81,0,0,-0.4226419751303611,0,0,0,101325,100
255860000000,0,0,9.81,0,0,-0.4229342894260941,0,0,0,101325,100
255880000000,0,0,9.81,0,0,-0.4210819427792775,0,0,0,101325,100
255900000000,0,0,9.81,0,0,-0.42236803998542155,0,0,0,101325,100
255920000000,0,0,9.81,0,0,-0.42339530475719916,0,0,0,101325,100
255940000000,0,0,9.81,0,0,-0.42113391068810513,0,0,0,101325,100
255960000000,0,0,9.81,0,0,-0.4214168157364236,0,0,0,101325,100
255980000000,0,0,9.81,0,0,-0.42280323639361617,0,0,0,101325,100
256000000000,0,0,9.81,0,0,-0.4213748260936243,0,0,0,101325,100
256019999999,0,0,9.81,0,0,-0.42330325841677147,0,0,0,101325,100
256040000000,0,0,9.81,0,0,-0.42235691990197155,0,0,0,101325,100
256060000000,0,0,9.81,0,0,-0.4232225691594575,0,0,0,101325,100
256079999999,0,0,9.81,0,0,-0.4212035081205856,0,0,0,101325,100
256100000000,0,0,9.81,0,0,-0.42297912525282966,0,0,0,101325,100
256120000000,0,0,9.81,0,0,-0.42148244101475896,0,0,0,101325,100
256140000000,0,0,9.81,0,0,-0.42393716679690613,0,0,0,101325,100
256160000000,0,0,9.81,0,0,-0.42200814243938667,0,0,0,101325,100
256180000000,0,0,9.81,0,0,-0.42216812210422167,0,0,0,101325,100
256200000000,0,0,9.81,0,0,-0.42428115304925557,0,0,0,101325,100
256220000000,0,0,9.81,0,0,-0.42135126426799213,0,0,0,101325,100
256240000000,0,0,9.81,0,0,-0.42223710828427624,0,0,0,101325,100
256260000000,0,0,9.81,0,0,-0.42240285057468363,0,0,0,101325,100
256279999999,0,0,9.81,0,0,-0.4228991395736294,0,0,0,101325,100
256300000000,0,0,9.81,0,0,-0.4212702925163383,0,0,0,101325,100
256320000000,0,0,9.81,0,0,-0.4236691916502095,0,0,0,101325,100
256339999999,0,0,9.81,0,0,-0.42289872334832485,0,0,0,101325,100
256360000000,0,0,9.81,0,0,-0.4216428967339573,0,0,0,101325,100
256380000000,0,0,9.81,0,0,-0.42330203895584406,0,0,0,101325,100
256399999999,0,0,9.81,0,0,-0.4236074774421503,0,0,0,101325,100
256420000000,0,0,9.81,0,0,-0.42431625586082194,0,0,0,101325,100
256440000000,0,0,9.81,0,0,-0.42206423428437706,0,0,0,101325,100
256459999999,0,0,9.81,0,0,-0.4219656321843635,0,0,0,101325,100
256480000000,0,0,9.81,0,0,-0.42218973712104185,0,0,0,101325,100
256500000000,0,0,9.81,0,0,-0.42216954538470897,0,0,0,101325,100
256519999999,0,0,9.81,0,0,-0.42112341339072046,0,0,0,101325,100
256540000000,0,0,9.81,0,0,-0.4228754492290259,0,0,0,101325,100
256560000000,0,0,9.81,0,0,-0.42275539302567,0,0,0,101325,100
256579999999,0,0,9.81,0,0,-0.4223176615958248,0,0,0,101325,100
256600000000,0,0,9.81,0,0,-0.4202210260653417,0,0,0,101325,100
256620000000,0,0,9.81,0,0,-0.42240309645723995,0,0,0,101325,100
256640000000,0,0,9.81,0,0,-0.4228449828980639,0,0,0,101325,100
256660000000,0,0,9.81,0,0,-0.423453050986543,0,0,0,101325,100
256680000000,0,0,9.81,0,0,-0.4222402215948846,0,0,0,101325,100
256700000000,0,0,9.81,0,0,-0.423126440133006,0,0,0,101325,100
256720000000,0,0,9.81,0,0,-0.42232973874153656,0,0,0,101325,100
256740000000,0,0,9.81,0,0,-0.4212626565459774,0,0,0,101325,100
256760000000,0,0,9.81,0,0,-0.42299149066015523,0,0,0,101325,100
256779999999,0,0,9.81,0,0,-0.42237977017081135,0,0,0,101325,100
256800000000,0,0,9.81,0,0,-0.4223557160893807,0,0,0,101325,100
256820000000,0,0,9.81,0,0,-0.42278140954113047,0,0,0,101325,100
256839999999,0,0,9.81,0,0,-0.4221469996877863,0,0,0,101325,100
256860000000,0,0,9.81,0,0,-0.42048866531787965,0,0,0,101325,100
256880000000,0,0,9.81,0,0,-0.42334804987119223,0,0,0,101325,100
256899999999,0,0,9.81,0,0,-0.42238134351540163,0,0,0,101325,100
256920000000,0,0,9.81,0,0,-0.42221072970119716,0,0,0,101325,100
256940000000,0,0,9.81,0,0,-0.421172419623829,0,0,0,101325,100
256959999999,0,0,9.81,0,0,-0.422978956235853,0,0,0,101325,100
256980000000,0,0,9.81,0,0,-0.4216786186963421,0,0,0,101325,100
257000000000,0,0,9.81,0,0,-0.4230568548599254,0,0,0,101325,100
257019999999,0,0,9.81,0,0,-0.42221353930584016,0,0,0,101325,100
257040000000,0,0,9.81,0,0,-0.42277748587034464,0,0,0,101325,100
257060000000,0,0,9.81,0,0,-0.4243718855980817,0,0,0,101325,100
257079999999,0,0,9.81,0,0,-0.4221139907672465,0,0,0,101325,100
257100000000,0,0,9.81,0,0,-0.4218999769899405,0,0,0,101325,100
257120000000,0,0,9.81,0,0,-0.4245060493115608,0,0,0,101325,100
257140000000,0,0,9.81,0,0,-0.4233555585569341,0,0,0,101325,100
257160000000,0,0,9.81,0,0,-0.4230338276504457,0,0,0,101325,100
257180000000,0,0,9.81,0,0,-0.42227837715208116,0,0,0,101325,100
257200000000,0,0,9.81,0,0,-0.4242090176778535,0,0,0,101325,100
257220000000,0,0,9.81,0,0,-0.4221582457333571,0,0,0,101325,100
257240000000,0,0,9.81,0,0,-0.4219289933836879,0,0,0,101325,100
257260000000,0,0,9.81,0,0,-0.42060435802010787,0,0,0,101325,100
257279999999,0,0,9.81,0,0,-0.42249488391118395,0,0,0,101325,100
257300000000,0,0,9.81,0,0,-0.42283348653120756,0,0,0,101325,100
257320000000,0,0,9.81,0,0,-0.4223480468623682,0,0,0,101325,100
257339999999,0,0,9.81,0,0,-0.4229833424197743,0,0,0,101325,100
257360000000,0,0,9.81,0,0,-0.4210192009735062,0,0,0,101325,100
257380000000,0,0,9.81,0,0,-0.42265853957878635,0,0,0,101325,100
257399999999,0,0,9.81,0,0,-0.42212289325194946,0,0,0,101325,100
257420000000,0,0,9.81,0,0,-0.42263529926688703,0,0,0,101325,100
257440000000,0,0,9.81,0,0,-0.42330310254946385,0,0,0,101325,100
257459999999,0,0,9.81,0,0,-0.4236691531767621,0,0,0,101325,100
257480000000,0,0,9.81,0,0,-0.4230215978878432,0,0,0,101325,100
257500000000,0,0,9.81,0,0,-0.4222814292097132,0,0,0,101325,100
257519999999,0,0,9.81,0,0,-0.4215100517037079,0,0,0,101325,100
257540000000,0,0,9.81,0,0,-0.4226516058601379,0,0,0,101325,100
257560000000,0,0,9.81,0,0,-0.422520344237708,0,0,0,101325,100
257579999999,0,0,9.81,0,0,-0.42244905379234604,0,0,0,101325,100
257600000000,0,0,9.81,0,0,-0.4210435661011133,0,0,0,101325,100
257620000000,0,0,9.81,0,0,-0.42305710359349324,0,0,0,101325,100
257640000000,0,0,9.81,0,0,-0.4222791522308708,0,0,0,101325,100
257660000000,0,0,9.81,0,0,-0.42296798076371145,0,0,0,101325,100
257680000000,0,0,9.81,0,0,-0.4227225234606727,0,0,0,101325,100
257700000000,0,0,9.81,0,0,-0.4231928653053687,0,0,0,101325,100
257720000000,0,0,9.81,0,0,-0.4224392650186968,0,0,0,101325,100
257740000000,0,0,9.81,0,0,-0.42290520455859215,0,0,0,101325,100
257760000000,0,0,9.81,0,0,-0.4212655786566394,0,0,0,101325,100
257779999999,0,0,9.81,0,0,-0.4235702382689801,0,0,0,101325,100
257800000000,0,0,9.81,0,0,-0.4236401916768469,0,0,0,101325,100
257820000000,0,0,9.81,0,0,-0.42209684809588865,0,0,0,101325,100
257839999999,0,0,9.81,0,0,-0.4232908874347061,0,0,0,101325,100
257860000000,0,0,9.81,0,0,-0.4224457278578368,0,0,0,101325,100
257880000000,0,0,9.81,0,0,-0.4233957229299048,0,0,0,101325,100
257899999999,0,0,9.81,0,0,-0.4236709760682538,0,0,0,101325,100
257920000000,0,0,9.81,0,0,-0.4224334491756161,0,0,0,101325,100
257940000000,0,0,9.81,0,0,-0.4237975952272681,0,0,0,101325,100
257959999999,0,0,9.81,0,0,-0.4226587441732081,0,0,0,101325,100
257980000000,0,0,9.81,0,0,-0.42253395232856666,0,0,0,101325,100
258000000000,0,0,9.81,0,0,-0.4222135277126339,0,0,0,101325,100
258019999999,0,0,9.81,0,0,-0.42208027269167636,0,0,0,101325,100
258040000000,0,0,9.81,0,0,-0.4242611260242977,0,0,0,101325,100
258060000000,0,0,9.81,0,0,-0.42277072302527346,0,0,0,101325,100
258079999999,0,0,9.81,0,0,-0.42259161840218573,0,0,0,101325,100
258100000000,0,0,9.81,0,0,-0.42058969745378905,0,0,0,101325,100
258120000000,0,0,9.81,0,0,-0.4221756865365388,0,0,0,101325,100
258140000000,0,0,9.81,0,0,-0.42271935162283847,0,0,0,101325,100
258160000000,0,0,9.81,0,0,-0.4222219125145222,0,0,0,101325,100
258180000000,0,0,9.81,0,0,-0.42407662763827403,0,0,0,101325,100
258200000000,0,0,9.81,0,0,-0.4220009449926301,0,0,0,101325,100
258220000000,0,0,9.81,0,0,-0.4221227659543613,0,0,0,101325,100
258240000000,0,0,9.81,0,0,-0.42242899891515684,0,0,0,101325,100
258260000000,0,0,9.81,0,0,-0.4232873376198691,0,0,0,101325,100
258279999999,0,0,9.81,0,0,-0.42273488839852197,0,0,0,101325,100
258300000000,0,0,9.81,0,0,-0.42230084738735807,0,0,0,101325,100
258320000000,0,0,9.81,0,0,-0.4218277027851539,0,0,0,101325,100
258339999999,0,0,9.81,0,0,-0.42164452160876137,0,0,0,101325,100
258360000000,0,0,9.81,0,0,-0.4221372687724446,0,0,0,101325,100
258380000000,0,0,9.81,0,0,-0.4226664980718689,0,0,0,101325,100
258399999999,0,0,9.81,0,0,-0.4232505810692019,0,0,0,101325,100
258420000000,0,0,9.81,0,0,-0.42154579890302574,0,0,0,101325,100
258440000000,0,0,9.81,0,0,-0.4218347019415352,0,0,0,101325,100
258459999999,0,0,9.81,0,0,-0.42292944626508183,0,0,0,101325,100
258480000000,0,0,9.81,0,0,-0.42214099048055087,0,0,0,101325,100
258500000000,0,0,9.81,0,0,-0.42171447145353214,0,0,0,101325,100
258519999999,0,0,9.81,0,0,-0.4233645299632024,0,0,0,101325,100
258540000000,0,0,9.81,0,0,-0.4215158446295277,0,0,0,101325,100
258560000000,0,0,9.81,0,0,-0.4234073661482738,0,0,0,101325,100
258579999999,0,0,9.81,0,0,-0.4221523675442329,0,0,0,101325,100
258600000000,0,0,9.81,0,0,-0.42285545460584695,0,0,0,101325,100
258620000000,0,0,9.81,0,0,-0.421627864003397,0,0,0,101325,100
258640000000,0,0,9.81,0,0,-0.42177314124006576,0,0,0,101325,100
258660000000,0,0,9.81,0,0,-0.4209473746746786,0,0,0,101325,100
258680000000,0,0,9.81,0,0,-0.4231181351499497,0,0,0,101325,100
258700000000,0,0,9.81,0,0,-0.42260906502132595,0,0,0,101325,100
258720000000,0,0,9.81,0,0,-0.42193114286454547,0,0,0,101325,100
258740000000,0,0,9.81,0,0,-0.42147487348073853,0,0,0,101325,100
258760000000,0,0,9.81,0,0,-0.4215978412270469,0,0,0,101325,100
258779999999,0,0,9.81,0,0,-0.4213848737707599,0,0,0,101325,100
258800000000,0,0,9.81,0,0,-0.4235657591576568,0,0,0,101325,100
258820000000,0,0,9.81,0,0,-0.42220549072173197,0,0,0,101325,100
258839999999,0,0,9.81,0,0,-0.42388731904047217,0,0,0,101325,100
258860000000,0,0,9.81,0,0,-0.42404848646620313,0,0,0,101325,100
258880000000,0,0,9.81,0,0,-0.4227126035596484,0,0,0,101325,100
258899999999,0,0,9.81,0,0,-0.422070278059043,0,0,0,101325,100
258920000000,0,0,9.81,0,0,-0.4230919390743846,0,0,0,101325,100
258940000000,0,0,9.81,0,0,-0.42132533664510285,0,0,0,101325,100
258959999999,0,0,9.81,0,0,-0.4225324831558558,0,0,0,101325,100
258980000000,0,0,9.81,0,0,-0.4232454823065488,0,0,0,101325,100
259000000000,0,0,9.81,0,0,-0.42276794613126034,0,0,0,101325,100
259019999999,0,0,9.81,0,0,-0.4229460832548705,0,0,0,101325,100
259040000000,0,0,9.81,0,0,-0.4221429505333487,0,0,0,101325,100
259060000000,0,0,9.81,0,0,-0.4216495294280564,0,0,0,101325,100
259079999999,0,0,9.81,0,0,-0.4231969426846812,0,0,0,101325,100
259100000000,0,0,9.81,0,0,-0.42166456653915513,0,0,0,101325,100
259120000000,0,0,9.81,0,0,-0.4227641564715045,0,0,0,101325,100
259140000000,0,0,9.81,0,0,-0.42289859588910916,0,0,0,101325,100
259160000000,0,0,9.81,0,0,-0.42235176816542813,0,0,0,101325,100
259180000000,0,0,9.81,0,0,-0.4225835779982809,0,0,0,101325,100
259200000000,0,0,9.81,0,0,-0.4234654661741741,0,0,0,101325,100
259220000000,0,0,9.81,0,0,-0.4219846222563958,0,0,0,101325,100
259240000000,0,0,9.81,0,0,-0.42249498140843095,0,0,0,101325,100
259260000000,0,0,9.81,0,0,-0.4220463927027475,0,0,0,101325,100
259279999999,0,0,9.81,0,0,-0.4237468629563052,0,0,0,101325,100
259300000000,0,0,9.81,0,0,-0.4220276023220135,0,0,0,101325,100
259320000000,0,0,9.81,0,0,-0.4231950358844678,0,0,0,101325,100
259339999999,0,0,9.81,0,0,-0.42192031734194413,0,0,0,101325,100
259360000000,0,0,9.81,0,0,-0.42077818617333373,0,0,0,101325,100
259380000000,0,0,9.81,0,0,-0.42399547837925083,0,0,0,101325,100
259399999999,0,0,9.81,0,0,-0.42216342325296374,0,0,0,101325,100
259420000000,0,0,9.81,0,0,-0.4232435907935668,0,0,0,101325,100
259440000000,0,0,9.81,0,0,-0.422834255835572,0,0,0,101325,100
259459999999,0,0,9.81,0,0,-0.4232728961366877,0,0,0,101325,100
259480000000,0,0,9.81,0,0,-0.4245009118349468,0,0,0,101325,100
259500000000,0,0,9.81,0,0,-0.4210585315531228,0,0,0,101325,100
259519999999,0,0,9.81,0,0,-0.4220685535470278,0,0,0,101325,100
259540000000,0,0,9.81,0,0,-0.4232594729243985,0,0,0,101325,100
259560000000,0,0,9.81,0,0,-0.42321819308936826,0,0,0,101325,100
259579999999,0,0,9.81,0,0,-0.4229311918000762,0,0,0,101325,100
259600000000,0,0,9.81,0,0,-0.4238764955535832,0,0,0,101325,100
259620000000,0,0,9.81,0,0,-0.4221156800963838,0,0,0,101325,100
259640000000,0,0,9.81,0,0,-0.4216646031687439,0,0,0,101325,100
259660000000,0,0,9.81,0,0,-0.4227492982104902,0,0,0,101325,100
259680000000,0,0,9.81,0,0,-0.42306216934982765,0,0,0,101325,100
259700000000,0,0,9.81,0,0,-0.4218431920042823,0,0,0,101325,100
259720000000,0,0,9.81,0,0,-0.4210517875550922,0,0,0,101325,100
259740000000,0,0,9.81,0,0,-0.4236461386307825,0,0,0,101325,100
259760000000,0,0,9.81,0,0,-0.42113986384861396,0,0,0,101325,100
259779999999,0,0,9.81,0,0,-0.4230003572153117,0,0,0,101325,100
259800000000,0,0,9.81,0,0,-0.42152292412539855,0,0,0,101325,100
259820000000,0,0,9.81,0,0,-0.42240687399467647,0,0,0,101325,100
259839999999,0,0,9.81,0,0,-0.42132121177266013,0,0,0,101325,100
259860000000,0,0,9.81,0,0,-0.42239083072830463,0,0,0,101325,100
259880000000,0,0,9.81,0,0,-0.4230949264522486,0,0,0,101325,100
259899999999,0,0,9.81,0,0,-0.42215132890977186,0,0,0,101325,100
259920000000,0,0,9.81,0,0,-0.42246199290729225,0,0,0,101325,100
259940000000,0,0,9.81,0,0,-0.422548745757357,0,0,0,101325,100
259959999999,0,0,9.81,0,0,-0.4250147315423033,0,0,0,101325,100
259980000000,0,0,9.81,0,0,-0.42238656868106433,0,0,0,101325,100
260000000000,0,0,9.81,0,0,-0.42333078870154534,0,0,0,101325,100
260019999999,0,0,9.81,0,0,-0.4218835660151736,0,0,0,101325,100
260040000000,0,0,9.81,0,0,-0.42241158792695216,0,0,0,101325,100
260060000000,0,0,9.81,0,0,-0.4224404909182917,0,0,0,101325,100
260079999999,0,0,9.81,0,0,-0.42233011142772187,0,0,0,101325,100
260100000000,0,0,9.81,0,0,-0.421835074179484,0,0,0,101325,100
260120000000,0,0,9.81,0,0,-0.4221551371723307,0,0,0,101325,100
260140000000,0,0,9.81,0,0,-0.42324104730261125,0,0,0,101325,100
260160000000,0,0,9.81,0,0,-0.4226954908636827,0,0,0,101325,100
260180000000,0,0,9.81,0,0,-0.4219799023285159,0,0,0,101325,100
260200000000,0,0,9.81,0,0,-0.4225422580727897,0,0,0,101325,100
260220000000,0,0,9.81,0,0,-0.4221680142778876,0,0,0,101325,100
260240000000,0,0,9.81,0,0,-0.42354664412366233,0,0,0,101325,100
260260000000,0,0,9.81,0,0,-0.423103222821741,0,0,0,101325,100
260279999999,0,0,9.81,0,0,-0.42214169431441323,0,0,0,101325,100
260300000000,0,0,9.81,0,0,-0.4231639056264522,0,0,0,101325,100
260320000000,0,0,9.81,0,0,-0.423177169948077,0,0,0,101325,100
260339999999,0,0,9.81,0,0,-0.42265028917915315,0,0,0,101325,100
260360000000,0,0,9.81,0,0,-0.4221561231426017,0,0,0,101325,100
260380000000,0,0,9.81,0,0,-0.4218097550946823,0,0,0,101325,100
260399999999,0,0,9.81,0,0,-0.42106782913459384,0,0,0,101325,100
260420000000,0,0,9.81,0,0,-0.423131091520119,0,0,0,101325,100
260440000000,0,0,9.81,0,0,-0.4216316106592493,0,0,0,101325,100
260459999999,0,0,9.81,0,0,-0.42191139409885725,0,0,0,101325,100
260480000000,0,0,9.81,0,0,-0.42189975784552464,0,0,0,101325,100
260500000000,0,0,9.81,0,0,-0.42344292787754584,0,0,0,101325,100
260519999999,0,0,9.81,0,0,-0.42159812672956837,0,0,0,101325,100
260540000000,0,0,9.81,0,0,-0.42268260757033727,0,0,0,101325,100
260560000000,0,0,9.81,0,0,-0.42094927432632945,0,0,0,101325,100
260579999999,0,0,9.81,0,0,-0.42223544445499056,0,0,0,101325,100
260600000000,0,0,9.81,0,0,-0.42274844395671773,0,0,0,101325,100
260620000000,0,0,9.81,0,0,-0.4229059740961014,0,0,0,101325,100
260640000000,0,0,9.81,0,0,-0.42192326902600263,0,0,0,101325,100
260660000000,0,0,9.81,0,0,-0.4220517932114322,0,0,0,101325,100
260680000000,0,0,9.81,0,0,-0.4223139387619267,0,0,0,101325,100
260700000000,0,0,9.81,0,0,-0.42115186302142127,0,0,0,101325,100
260720000000,0,0,9.81,0,0,-0.42182504551632305,0,0,0,101325,100
260740000000,0,0,9.81,0,0,-0.4220914119119594,0,0,0,101325,100
260760000000,0,0,9.81,0,0,-0.4231820677898761,0,0,0,101325,100
260779999999,0,0,9.81,0,0,-0.42045459031889165,0,0,0,101325,100
260800000000,0,0,9.81,0,0,-0.4226937877123098,0,0,0,101325,100
260820000000,0,0,9.81,0,0,-0.42223945481718766,0,0,0,101325,100
260839999999,0,0,9.81,0,0,-0.4220875588198158,0,0,0,101325,100
260860000000,0,0,9.81,0,0,-0.42098300438405223,0,0,0,101325,100
260880000000,0,0,9.81,0,0,-0.42269742373870084,0,0,0,101325,100
260899999999,0,0,9.81,0,0,-0.4238127658461463,0,0,0,101325,100
260920000000,0,0,9.81,0,0,-0.42139090717147026,0,0,0,101325,100
260940000000,0,0,9.81,0,0,-0.42230688075342804,0,0,0,101325,100
260959999999,0,0,9.81,0,0,-0.4216230774685026,0,0,0,101325,100
260980000000,0,0,9.81,0,0,-0.42263830277037684,0,0,0,101325,100
261000000000,0,0,9.81,0,0,-0.4216510999110281,0,0,0,101325,100
261019999999,0,0,9.81,0,0,-0.42208641288423926,0,0,0,101325,100
261040000000,0,0,9.81,0,0,-0.42152263376568094,0,0,0,101325,100
261060000000,0,0,9.81,0,0,-0.4217231963825067,0,0,0,101325,100
261079999999,0,0,9.81,0,0,-0.42141113806461816,0,0,0,101325,100
261100000000,0,0,9.81,0,0,-0.42076690971785374,0,0,0,101325,100
261120000000,0,0,9.81,0,0,-0.42029116187890825,0,0,0,101325,100
261140000000,0,0,9.81,0,0,-0.42180834177218823,0,0,0,101325,100
261160000000,0,0,9.81,0,0,-0.42450449028130843,0,0,0,101325,100
261180000000,0,0,9.81,0,0,-0.4221194033203951,0,0,0,101325,100
261200000000,0,0,9.81,0,0,-0.4225220396455182,0,0,0,101325,100
261220000000,0,0,9.81,0,0,-0.42249043409459835,0,0,0,101325,100
261240000000,0,0,9.81,0,0,-0.42419687627389774,0,0,0,101325,100
261260000000,0,0,9.81,0,0,-0.4220263420830694,0,0,0,101325,100
261279999999,0,0,9.81,0,0,-0.42197553369318547,0,0,0,101325,100
261300000000,0,0,9.81,0,0,-0.4226297776737938,0,0,0,101325,100
261320000000,0,0,9.81,0,0,-0.42248860159769064,0,0,0,101325,100
261339999999,0,0,9.81,0,0,-0.4232023170798758,0,0,0,101325,100
261360000000,0,0,9.81,0,0,-0.4226801635922785,0,0,0,101325,100
261380000000,0,0,9.81,0,0,-0.42213758656712996,0,0,0,101325,100
261399999999,0,0,9.81,0,0,-0.4227090281325087,0,0,0,101325,100
261420000000,0,0,9.81,0,0,-0.42274015437389784,0,0,0,101325,100
261440000000,0,0,9.81,0,0,-0.4233588240335498,0,0,0,101325,100
261459999999,0,0,9.81,0,0,-0.42286664441178795,0,0,0,101325,100
261480000000,0,0,9.81,0,0,-0.4238362429535105,0,0,0,101325,100
261500000000,0,0,9.81,0,0,-0.4218975077092338,0,0,0,101325,100
261519999999,0,0,9.81,0,0,-0.423309683906353,0,0,0,101325,100
261540000000,0,0,9.81,0,0,-0.42262935485580944,0,0,0,101325,100
261560000000,0,0,9.81,0,0,-0.4212003732197739,0,0,0,101325,100
261579999999,0,0,9.81,0,0,-0.42224252619999086,0,0,0,101325,100
261600000000,0,0,9.81,0,0,-0.42223981413289685,0,0,0,101325,100
261620000000,0,0,9.81,0,0,-0.4223329769593042,0,0,0,101325,100
261640000000,0,0,9.81,0,0,-0.42247979783323414,0,0,0,101325,100
261660000000,0,0,9.81,0,0,-0.4225793573982817,0,0,0,101325,100
261680000000,0,0,9.81,0,0,-0.42054466115740696,0,0,0,101325,100
261700000000,0,0,9.81,0,0,-0.42329581947364886,0,0,0,101325,100
261720000000,0,0,9.81,0,0,-0.4223159957875704,0,0,0,101325,100
261740000000,0,0,9.81,0,0,-0.4227075339057176,0,0,0,101325,100
261760000000,0,0,9.81,0,0,-0.42214276721381844,0,0,0,101325,100
261779999999,0,0,9.81,0,0,-0.4235269511662271,0,0,0,101325,100
261800000000,0,0,9.81,0,0,-0.4221264960361096,0,0,0,101325,100
261820000000,0,0,9.81,0,0,-0.42185458348103766,0,0,0,101325,100
261839999999,0,0,9.81,0,0,-0.4232629126411732,0,0,0,101325,100
261860000000,0,0,9.81,0,0,-0.4229576314374133,0,0,0,101325,100
261880000000,0,0,9.81,0,0,-0.4217549757270465,0,0,0,101325,100
261899999999,0,0,9.81,0,0,-0.422662817167135,0,0,0,101325,100
261920000000,0,0,9.81,0,0,-0.42132123691136447,0,0,0,101325,100
261940000000,0,0,9.81,0,0,-0.42360750810156744,0,0,0,101325,100
261959999999,0,0,9.81,0,0,-0.42267476940154575,0,0,0,101325,100
261980000000,0,0,9.81,0,0,-0.42298120279429846,0,0,0,101325,100
262000000000,0,0,9.81,0,0,-0.42275408334721165,0,0,0,101325,100
262019999999,0,0,9.81,0,0,-0.42400266144634824,0,0,0,101325,100
262040000000,0,0,9.81,0,0,-0.421944759702648,0,0,0,101325,100
262060000000,0,0,9.81,0,0,-0.423052301046121,0,0,0,101325,100
262079999999,0,0,9.81,0,0,-0.4231873248513568,0,0,0,101325,100
262100000000,0,0,9.81,0,0,-0.4220063339870479,0,0,0,101325,100
262120000000,0,0,9.81,0,0,-0.42323492543949465,0,0,0,101325,100
262140000000,0,0,9.81,0,0,-0.4231915950575987,0,0,0,101325,100
262160000000,0,0,9.81,0,0,-0.42330625746236683,0,0,0,101325,100
262180000000,0,0,9.81,0,0,-0.42151365270085633,0,0,0,101325,100
262200000000,0,0,9.81,0,0,-0.42249310208548446,0,0,0,101325,100
262220000000,0,0,9.81,0,0,-0.4224426691730917,0,0,0,101325,100
262240000000,0,0,9.81,0,0,-0.4231894176386176,0,0,0,101325,100
262260000000,0,0,9.81,0,0,-0.4220029262056366,0,0,0,101325,100
262279999999,0,0,9.81,0,0,-0.42226356849732577,0,0,0,101325,100
262300000000,0,0,9.81,0,0,-0.42282570937198694,0,0,0,101325,100
262320000000,0,0,9.81,0,0,-0.42187676095756105,0,0,0,101325,100
262339999999,0,0,9.81,0,0,-0.4214896281319926,0,0,0,101325,100
262360000000,0,0,9.81,0,0,-0.4227696956993418,0,0,0,101325,100
262380000000,0,0,9.81,0,0,-0.42418232670395234,0,0,0,101325,100
262399999999,0,0,9.81,0,0,-0.42240072729614236,0,0,0,101325,100
262420000000,0,0,9.81,0,0,-0.4228662654922784,0,0,0,101325,100
262440000000,0,0,9.81,0,0,-0.4237085548320388,0,0,0,101325,100
262459999999,0,0,9.81,0,0,-0.4220565404811004,0,0,0,101325,100
262480000000,0,0,9.81,0,0,-0.4219425756155759,0,0,0,101325,100
262500000000,0,0,9.81,0,0,-0.422373950960508,0,0,0,101325,100
262519999999,0,0,9.81,0,0,-0.4221498200339199,0,0,0,101325,100
262540000000,0,0,9.81,0,0,-0.42083958243812064,0,0,0,101325,100
262560000000,0,0,9.81,0,0,-0.4221011674492036,0,0,0,101325,100
262579999999,0,0,9.81,0,0,-0.4235524562408844,0,0,0,101325,100
262600000000,0,0,9.81,0,0,-0.4228390815184515,0,0,0,101325,100
262620000000,0,0,9.81,0,0,-0.42256305500994745,0,0,0,101325,100
262640000000,0,0,9.81,0,0,-0.4230606344998014,0,0,0,101325,100
262660000000,0,0,9.81,0,0,-0.42317631160818636,0,0,0,101325,100
262680000000,0,0,9.81,0,0,-0.4223972679762744,0,0,0,101325,100
262700000000,0,0,9.81,0,0,-0.42294106761109307,0,0,0,101325,100
262720000000,0,0,9.81,0,0,-0.42181244074514673,0,0,0,101325,100
262740000000,0,0,9.81,0,0,-0.4225077875452567,0,0,0,101325,100
262760000000,0,0,9.81,0,0,-0.42317095558776735,0,0,0,101325,100
262779999999,0,0,9.81,0,0,-0.4228040107296492,0,0,0,101325,100
262800000000,0,0,9.81,0,0,-0.421777555054199,0,0,0,101325,100
262820000000,0,0,9.81,0,0,-0.4229990065449578,0,0,0,101325,100
262839999999,0,0,9.81,0,0,-0.42222706447134617,0,0,0,101325,100
262860000000,0,0,9.81,0,0,-0.4216184849117609,0,0,0,101325,100
262880000000,0,0,9.81,0,0,-0.423003127259318,0,0,0,101325,100
262899999999,0,0,9.81,0,0,-0.4221400150336205,0,0,0,101325,100
262920000000,0,0,9.81,0,0,-0.42347739466460904,0,0,0,101325,100
262940000000,0,0,9.81,0,0,-0.42162884730653133,0,0,0,101325,100
262959999999,0,0,9.81,0,0,-0.4221091046520012,0,0,0,101325,100
262980000000,0,0,9.81,0,0,-0.4221593092689195,0,0,0,101325,100
263000000000,0,0,9.81,0,0,-0.4235059995526866,0,0,0,101325,100
263019999999,0,0,9.81,0,0,-0.42211069287709313,0,0,0,101325,100
263040000000,0,0,9.81,0,0,-0.42085150439479724,0,0,0,101325,100
263060000000,0,0,9.81,0,0,-0.41994329964133625,0,0,0,101325,100
263079999999,0,0,9.81,0,0,-0.42271366956003853,0,0,0,101325,100
263100000000,0,0,9.81,0,0,-0.4223797191200105,0,0,0,101325,100
263120000000,0,0,9.81,0,0,-0.42294171213289095,0,0,0,101325,100
263140000000,0,0,9.81,0,0,-0.42346389888944574,0,0,0,101325,100
263160000000,0,0,9.81,0,0,-0.42120978907843515,0,0,0,101325,100
263180000000,0,0,9.81,0,0,-0.42172644370370105,0,0,0,101325,100
263200000000,0,0,9.81,0,0,-0.4227024518950738,0,0,0,101325,100
263220000000,0,0,9.81,0,0,-0.42058173646442537,0,0,0,101325,100
263240000000,0,0,9.81,0,0,-0.42181004122361726,0,0,0,101325,100
263260000000,0,0,9.81,0,0,-0.4213954819943576,0,0,0,101325,100
263279999999,0,0,9.81,0,0,-0.4237875257632252,0,0,0,101325,100
263300000000,0,0,9.81,0,0,-0.42257221759498126,0,0,0,101325,100
263320000000,0,0,9.81,0,0,-0.4215065510109054,0,0,0,101325,100
263339999999,0,0,9.81,0,0,-0.42168127565189484,0,0,0,101325,100
263360000000,0,0,9.81,0,0,-0.4228936320309632,0,0,0,101325,100
263380000000,0,0,9.81,0,0,-0.4219548040389836,0,0,0,101325,100
263399999999,0,0,9.81,0,0,-0.4221668572825369,0,0,0,101325,100
263420000000,0,0,9.81,0,0,-0.42285635364810853,0,0,0,101325,100
263440000000,0,0,9.81,0,0,-0.4226292271974298,0,0,0,101325,100
263459999999,0,0,9.81,0,0,-0.42343837841296095,0,0,0,101325,100
263480000000,0,0,9.81,0,0,-0.42259818828025,0,0,0,101325,100
263500000000,0,0,9.81,0,0,-0.42327329796976265,0,0,0,101325,100
263519999999,0,0,9.81,0,0,-0.42137678486221436,0,0,0,101325,100
263540000000,0,0,9.81,0,0,-0.4237085093503792,0,0,0,101325,100
263560000000,0,0,9.81,0,0,-0.42231612321063244,0,0,0,101325,100
263579999999,0,0,9.81,0,0,-0.4197028383192888,0,0,0,101325,100
263600000000,0,0,9.81,0,0,-0.42444361738747877,0,0,0,101325,100
263620000000,0,0,9.81,0,0,-0.4225977214147353,0,0,0,101325,100
263640000000,0,0,9.81,0,0,-0.42480773223078694,0,0,0,101325,100
263660000000,0,0,9.81,0,0,-0.4217925467511454,0,0,0,101325,100
263680000000,0,0,9.81,0,0,-0.4239117326684871,0,0,0,101325,100
263700000000,0,0,9.81,0,0,-0.42257082452112443,0,0,0,101325,100
263720000000,0,0,9.81,0,0,-0.422881627763111,0,0,0,101325,100
263740000000,0,0,9.81,0,0,-0.4225214820826178,0,0,0,101325,100
263760000000,0,0,9.81,0,0,-0.42377448972013876,0,0,0,101325,100
263779999999,0,0,9.81,0,0,-0.42228450991103744,0,0,0,101325,100
263800000000,0,0,9.81,0,0,-0.42124220044797667,0,0,0,101325,100
263820000000,0,0,9.81,0,0,-0.42157795227336053,0,0,0,101325,100
263839999999,0,0,9.81,0,0,-0.42328146762801133,0,0,0,101325,100
263860000000,0,0,9.81,0,0,-0.42086157964987164,0,0,0,101325,100
263880000000,0,0,9.81,0,0,-0.42168772852094505,0,0,0,101325,100
263899999999,0,0,9.81,0,0,-0.42086727911095567,0,0,0,101325,100
263920000000,0,0,9.81,0,0,-0.4234731314038751,0,0,0,101325,100
263940000000,0,0,9.81,0,0,-0.4229830281294949,0,0,0,101325,100
263959999999,0,0,9.81,0,0,-0.42373515160177483,0,0,0,101325,100
263980000000,0,0,9.81,0,0,-0.42264213616306684,0,0,0,101325,100
264000000000,0,0,9.81,0,0,-0.42175749511911953,0,0,0,101325,100
264019999999,0,0,9.81,0,0,-0.4221805607409835,0,0,0,101325,100
264040000000,0,0,9.81,0,0,-0.4222811203219587,0,0,0,101325,100
264060000000,0,0,9.81,0,0,-0.4222060535409896,0,0,0,101325,100
264079999999,0,0,9.81,0,0,-0.42330899149972,0,0,0,101325,100
264100000000,0,0,9.81,0,0,-0.4221315445365429,0,0,0,101325,100
264120000000,0,0,9.81,0,0,-0.42181874772374106,0,0,0,101325,100
264140000000,0,0,9.81,0,0,-0.4222184188706109,0,0,0,101325,100
264160000000,0,0,9.81,0,0,-0.4213807451653854,0,0,0,101325,100
264180000000,0,0,9.81,0,0,-0.42161326271418337,0,0,0,101325,100
264200000000,0,0,9.81,0,0,-0.4221580307147013,0,0,0,101325,100
264220000000,0,0,9.81,0,0,-0.42178397440533366,0,0,0,101325,100
264240000000,0,0,9.81,0,0,-0.42166836691445886,0,0,0,101325,100
264260000000,0,0,9.81,0,0,-0.42133207908097975,0,0,0,101325,100
264279999999,0,0,9.81,0,0,-0.4221492938682623,0,0,0,101325,100
264300000000,0,0,9.81,0,0,-0.4220659727342807,0,0,0,101325,100
264320000000,0,0,9.81,0,0,-0.4223374567701831,0,0,0,101325,100
264339999999,0,0,9.81,0,0,-0.42294278239389455,0,0,0,101325,100
264360000000,0,0,9.81,0,0,-0.4221167936400536,0,0,0,101325,100
264380000000,0,0,9.81,0,0,-0.4226261791435214,0,0,0,101325,100
264399999999,0,0,9.81,0,0,-0.42193200196112046,0,0,0,101325,100
264420000000,0,0,9.81,0,0,-0.42266617005544393,0,0,0,101325,100
264440000000,0,0,9.81,0,0,-0.4225356286487902,0,0,0,101325,100
264459999999,0,0,9.81,0,0,-0.42169734610701554,0,0,0,101325,100
264480000000,0,0,9.81,0,0,-0.42267975039706573,0,0,0,101325,100
264500000000,0,0,9.81,0,0,-0.4223905077875706,0,0,0,101325,100
264519999999,0,0,9.81,0,0,-0.42232089621775964,0,0,0,101325,100
264540000000,0,0,9.81,0,0,-0.4240786091888911,0,0,0,101325,100
264560000000,0,0,9.81,0,0,-0.4228041328603691,0,0,0,101325,100
264579999999,0,0,9.81,0,0,-0.42379922413909044,0,0,0,101325,100
264600000000,0,0,9.81,0,0,-0.42129625206590954,0,0,0,101325,100
264620000000,0,0,9.81,0,0,-0.42289900598582353,0,0,0,101325,100
264640000000,0,0,9.81,0,0,-0.4230123930214096,0,0,0,101325,100
264660000000,0,0,9.81,0,0,-0.4223575893393927,0,0,0,101325,100
264680000000,0,0,9.81,0,0,-0.4227081420414218,0,0,0,101325,100
264700000000,0,0,9.81,0,0,-0.4240321748526471,0,0,0,101325,100
264720000000,0,0,9.81,0,0,-0.42308556022222715,0,0,0,101325,100
264740000000,0,0,9.81,0,0,-0.4237154891495634,0,0,0,101325,100
264760000000,0,0,9.81,0,0,-0.42271864785126007,0,0,0,101325,100
264779999999,0,0,9.81,0,0,-0.42278659047500905,0,0,0,101325,100
264800000000,0,0,9.81,0,0,-0.4218835780486166,0,0,0,101325,100
264820000000,0,0,9.81,0,0,-0.42203224977694154,0,0,0,101325,100
264839999999,0,0,9.81,0,0,-0.4213429216675956,0,0,0,101325,100
264860000000,0,0,9.81,0,0,-0.42130451045067796,0,0,0,101325,100
264880000000,0,0,9.81,0,0,-0.4229205374916185,0,0,0,101325,100
264899999999,0,0,9.81,0,0,-0.4231889324183456,0,0,0,101325,100
264920000000,0,0,9.81,0,0,-0.4224339803632306,0,0,0,101325,100
264940000000,0,0,9.81,0,0,-0.42200579403473204,0,0,0,101325,100
264959999999,0,0,9.81,0,0,-0.4214548513713212,0,0,0,101325,100
264980000000,0,0,9.81,0,0,-0.42087414034176884,0,0,0,101325,100
265000000000,0,0,9.81,0,0,-0.42283209271883554,0,0,0,101325,100
265019999999,0,0,9.81,0,0,-0.42374191694120966,0,0,0,101325,100
265040000000,0,0,9.81,0,0,-0.4218935533483489,0,0,0,101325,100
265060000000,0,0,9.81,0,0,-0.42382424975234184,0,0,0,101325,100
265079999999,0,0,9.81,0,0,-0.4225349341035787,0,0,0,101325,100
265100000000,0,0,9.81,0,0,-0.4218826451299687,0,0,0,101325,100
265120000000,0,0,9.81,0,0,-0.42323333526899115,0,0,0,101325,100
265140000000,0,0,9.81,0,0,-0.4226167973789382,0,0,0,101325,100
265160000000,0,0,9.81,0,0,-0.42326999127415854,0,0,0,101325,100
265180000000,0,0,9.81,0,0,-0.42431315178179113,0,0,0,101325,100
265200000000,0,0,9.81,0,0,-0.42046567900182935,0,0,0,101325,100
265220000000,0,0,9.81,0,0,-0.42243929334949787,0,0,0,101325,100
265240000000,0,0,9.81,0,0,-0.4238742107579696,0,0,0,101325,100
265260000000,0,0,9.81,0,0,-0.42102740959950435,0,0,0,101325,100
265279999999,0,0,9.81,0,0,-0.4225736601162625,0,0,0,101325,100
265300000000,0,0,9.81,0,0,-0.42286437415051376,0,0,0,101325,100
265320000000,0,0,9.81,0,0,-0.42152964635473195,0,0,0,101325,100
265339999999,0,0,9.81,0,0,-0.4226264055395154,0,0,0,101325,100
265360000000,0,0,9.81,0,0,-0.42233666859280533,0,0,0,101325,100
265380000000,0,0,9.81,0,0,-0.4223198754874293,0,0,0,101325,100
265399999999,0,0,9.81,0,0,-0.4223616351843688,0,0,0,101325,100
265420000000,0,0,9.81,0,0,-0.4226169073507568,0,0,0,101325,100
265440000000,0,0,9.81,0,0,-0.4219770089793341,0,0,0,101325,100
265459999999,0,0,9.81,0,0,-0.42346291042080236,0,0,0,101325,100
265480000000,0,0,9.81,0,0,-0.42342369223481463,0,0,0,101325,100
265500000000,0,0,9.81,0,0,-0.42283992194811754,0,0,0,101325,100
265519999999,0,0,9.81,0,0,-0.4231108856614255,0,0,0,101325,100
265540000000,0,0,9.81,0,0,-0.42077713276297196,0,0,0,101325,100
265560000000,0,0,9.81,0,0,-0.42249762287810344,0,0,0,101325,100
265579999999,0,0,9.81,0,0,-0.4219719574591594,0,0,0,101325,100
265600000000,0,0,9.81,0,0,-0.42154514395457005,0,0,0,101325,100
265620000000,0,0,9.81,0,0,-0.42269679756966166,0,0,0,101325,100
265640000000,0,0,9.81,0,0,-0.4225195888105345,0,0,0,101325,100
265660000000,0,0,9.81,0,0,-0.4233971794423394,0,0,0,101325,100
265680000000,0,0,9.81,0,0,-0.4211655339771399,0,0,0,101325,100
265700000000,0,0,9.81,0,0,-0.42230770111811006,0,0,0,101325,100
265720000000,0,0,9.81,0,0,-0.4216942500536017,0,0,0,101325,100
265740000000,0,0,9.81,0,0,-0.42194927689400974,0,0,0,101325,100
265760000000,0,0,9.81,0,0,-0.42315430496335776,0,0,0,101325,100
265779999999,0,0,9.81,0,0,-0.42121993974527133,0,0,0,101325,100
265800000000,0,0,9.81,0,0,-0.42211373686636666,0,0,0,101325,100
265820000000,0,0,9.81,0,0,-0.4211958020928728,0,0,0,101325,100
265839999999,0,0,9.81,0,0,-0.4241032581708548,0,0,0,101325,100
265860000000,0,0,9.81,0,0,-0.42298505138183023,0,0,0,101325,100
265880000000,0,0,9.81,0,0,-0.4222841607427796,0,0,0,101325,100
265899999999,0,0,9.81,0,0,-0.423219970863313,0,0,0,101325,100
265920000000,0,0,9.81,0,0,-0.42162727673576444,0,0,0,101325,100
265940000000,0,0,9.81,0,0,-0.4225778360789216,0,0,0,101325,100
265959999999,0,0,9.81,0,0,-0.4213243875516232,0,0,0,101325,100
265980000000,0,0,9.81,0,0,-0.42317275968066165,0,0,0,101325,100
266000000000,0,0,9.81,0,0,-0.42251763640627793,0,0,0,101325,100
266019999999,0,0,9.81,0,0,-0.4236808155374488,0,0,0,101325,100
266040000000,0,0,9.81,0,0,-0.4219667557336805,0,0,0,101325,100
266060000000,0,0,9.81,0,0,-0.42135630027760723,0,0,0,101325,100
266079999999,0,0,9.81,0,0,-0.42214308923738747,0,0,0,101325,100
266100000000,0,0,9.81,0,0,-0.4243821516043526,0,0,0,101325,100
266120000000,0,0,9.81,0,0,-0.42208098109702286,0,0,0,101325,100
266140000000,0,0,9.81,0,0,-0.4238561957261695,0,0,0,101325,100
266160000000,0,0,9.81,0,0,-0.4229616824067179,0,0,0,101325,100
266180000000,0,0,9.81,0,0,-0.4213664145711524,0,0,0,101325,100
266200000000,0,0,9.81,0,0,-0.42211627744949576,0,0,0,101325,100
266220000000,0,0,9.81,0,0,-0.4214478303535882,0,0,0,101325,100
266240000000,0,0,9.81,0,0,-0.4234412003000912,0,0,0,101325,100
266260000000,0,0,9.81,0,0,-0.4202385009875435,0,0,0,101325,100
266279999999,0,0,9.81,0,0,-0.42105705189521525,0,0,0,101325,100
266300000000,0,0,9.81,0,0,-0.4228987418199623,0,0,0,101325,100
266320000000,0,0,9.81,0,0,-0.4219507857604758,0,0,0,101325,100
266339999999,0,0,9.81,0,0,-0.42252627540737975,0,0,0,101325,100
266360000000,0,0,9.81,0,0,-0.4215999252762017,0,0,0,101325,100
266380000000,0,0,9.81,0,0,-0.42219043753728625,0,0,0,101325,100
266399999999,0,0,9.81,0,0,-0.4212224504067864,0,0,0,101325,100
266420000000,0,0,9.81,0,0,-0.4208446630174416,0,0,0,101325,100
266440000000,0,0,9.81,0,0,-0.4212445820788114,0,0,0,101325,100
266459999999,0,0,9.81,0,0,-0.42296559173718873,0,0,0,101325,100
266480000000,0,0,9.81,0,0,-0.42239590629073026,0,0,0,101325,100
266500000000,0,0,9.81,0,0,-0.42356105149841955,0,0,0,101325,100
266519999999,0,0,9.81,0,0,-0.42375295859309586,0,0,0,101325,100
266540000000,0,0,9.81,0,0,-0.422825785363859,0,0,0,101325,100
266560000000,0,0,9.81,0,0,-0.42330599302284466,0,0,0,101325,100
266579999999,0,0,9.81,0,0,-0.4219175406848972,0,0,0,101325,100
266600000000,0,0,9.81,0,0,-0.42044189978137236,0,0,0,101325,100
266620000000,0,0,9.81,0,0,-0.42342651405873166,0,0,0,101325,100
266640000000,0,0,9.81,0,0,-0.42131764882379713,0,0,0,101325,100
266660000000,0,0,9.81,0,0,-0.42248828828861473,0,0,0,101325,100
266680000000,0,0,9.81,0,0,-0.4202716842988985,0,0,0,101325,100
266700000000,0,0,9.81,0,0,-0.422873985455673,0,0,0,101325,100
266720000000,0,0,9.81,0,0,-0.4241033375415113,0,0,0,101325,100
266740000000,0,0,9.81,0,0,-0.42245872023887227,0,0,0,101325,100
266760000000,0,0,9.81,0,0,-0.4222961723313686,0,0,0,101325,100
266779999999,0,0,9.81,0,0,-0.4218665934734406,0,0,0,101325,100
266800000000,0,0,9.81,0,0,-0.423147897290256,0,0,0,101325,100
266820000000,0,0,9.81,0,0,-0.4212815812866648,0,0,0,101325,100
266839999999,0,0,9.81,0,0,-0.42185138158659796,0,0,0,101325,100
266860000000,0,0,9.81,0,0,-0.4208505468244462,0,0,0,101325,100
266880000000,0,0,9.81,0,0,-0.4223493907771547,0,0,0,101325,100
266899999999,0,0,9.81,0,0,-0.42327848013231995,0,0,0,101325,100
266920000000,0,0,9.81,0,0,-0.42221244669936847,0,0,0,101325,100
266940000000,0,0,9.81,0,0,-0.4221178933209734,0,0,0,101325,100
266959999999,0,0,9.81,0,0,-0.4228374099085739,0,0,0,101325,100
266980000000,0,0,9.81,0,0,-0.4227656320580503,0,0,0,101325,100
267000000000,0,0,9.81,0,0,-0.4211563481470054,0,0,0,101325,100
267019999999,0,0,9.81,0,0,-0.4224026466936981,0,0,0,101325,100
267040000000,0,0,9.81,0,0,-0.42109366692029626,0,0,0,101325,100
267060000000,0,0,9.81,0,0,-0.4214265425167869,0,0,0,101325,100
267079999999,0,0,9.81,0,0,-0.42379100689868243,0,0,0,101325,100
267100000000,0,0,9.81,0,0,-0.42323819485155295,0,0,0,101325,100
267120000000,0,0,9.81,0,0,-0.4231349210471877,0,0,0,101325,100
267140000000,0,0,9.81,0,0,-0.4223047919640459,0,0,0,101325,100
267160000000,0,0,9.81,0,0,-0.42306965009738773,0,0,0,101325,100
267180000000,0,0,9.81,0,0,-0.42295106883004946,0,0,0,101325,100
267200000000,0,0,9.81,0,0,-0.4218351382897319,0,0,0,101325,100
267220000000,0,0,9.81,0,0,-0.421070452269288,0,0,0,101325,100
267240000000,0,0,9.81,0,0,-0.42272471870338785,0,0,0,101325,100
267260000000,0,0,9.81,0,0,-0.4217063967272551,0,0,0,101325,100
267279999999,0,0,9.81,0,0,-0.4222879607003065,0,0,0,101325,100
267300000000,0,0,9.81,0,0,-0.42216309432755666,0,0,0,101325,100
267320000000,0,0,9.81,0,0,-0.4212882375094746,0,0,0,101325,100
267339999999,0,0,9.81,0,0,-0.4220867456634168,0,0,0,101325,100
267360000000,0,0,9.81,0,0,-0.42315810919524616,0,0,0,101325,100
267380000000,0,0,9.81,0,0,-0.4230630619534702,0,0,0,101325,100
267399999999,0,0,9.81,0,0,-0.42141862571765154,0,0,0,101325,100
267420000000,0,0,9.81,0,0,-0.4217896012973911,0,0,0,101325,100
267440000000,0,0,9.81,0,0,-0.4226400957254296,0,0,0,101325,100
267459999999,0,0,9.81,0,0,-0.42308804887368695,0,0,0,101325,100
267480000000,0,0,9.81,0,0,-0.4231949824357139,0,0,0,101325,100
267500000000,0,0,9.81,0,0,-0.42160700251882616,0,0,0,101325,100
267519999999,0,0,9.81,0,0,-0.42235034648169745,0,0,0,101325,100
267540000000,0,0,9.81,0,0,-0.4229599843148555,0,0,0,101325,100
267560000000,0,0,9.81,0,0,-0.42149978326881377,0,0,0,101325,100
267579999999,0,0,9.81,0,0,-0.4238499960521374,0,0,0,101325,100
267600000000,0,0,9.81,0,0,-0.4216746108167091,0,0,0,101325,100
267620000000,0,0,9.81,0,0,-0.4239511120231028,0,0,0,101325,100
267640000000,0,0,9.81,0,0,-0.4231247087190883,0,0,0,101325,100
267660000000,0,0,9.81,0,0,-0.42200131285559145,0,0,0,101325,100
267680000000,0,0,9.81,0,0,-0.42182428314581183,0,0,0,101325,100
267700000000,0,0,9.81,0,0,-0.4224011660361874,0,0,0,101325,100
267720000000,0,0,9.81,0,0,-0.4223457299620368,0,0,0,101325,100
267740000000,0,0,9.81,0,0,-0.42193586475210987,0,0,0,101325,100
267760000000,0,0,9.81,0,0,-0.423061821204331,0,0,0,101325,100
267779999999,0,0,9.81,0,0,-0.42228316120303677,0,0,0,101325,100
267800000000,0,0,9.81,0,0,-0.42264617878340205,0,0,0,101325,100
267820000000,0,0,9.81,0,0,-0.42266277517464346,0,0,0,101325,100
267839999999,0,0,9.81,0,0,-0.4233567404432695,0,0,0,101325,100
267860000000,0,0,9.81,0,0,-0.4217047657511928,0,0,0,101325,100
267880000000,0,0,9.81,0,0,-0.4217146035226848,0,0,0,101325,100
267899999999,0,0,9.81,0,0,-0.4238435194151666,0,0,0,101325,100
267920000000,0,0,9.81,0,0,-0.42319079250211594,0,0,0,101325,100
267940000000,0,0,9.81,0,0,-0.4217824062074811,0,0,0,101325,100
267959999999,0,0,9.81,0,0,-0.4232102147566279,0,0,0,101325,100
267980000000,0,0,9.81,0,0,-0.421151827869838,0,0,0,101325,100
268000000000,0,0,9.81,0,0,-0.4220198926727506,0,0,0,101325,100
268019999999,0,0,9.81,0,0,-0.42201669867623387,0,0,0,101325,100
268040000000,0,0,9.81,0,0,-0.42128074480148225,0,0,0,101325,100
268060000000,0,0,9.81,0,0,-0.42323353961117527,0,0,0,101325,100
268079999999,0,0,9.81,0,0,-0.4215984883815218,0,0,0,101325,100
268100000000,0,0,9.81,0,0,-0.42294770341289056,0,0,0,101325,100
268120000000,0,0,9.81,0,0,-0.42223595646519035,0,0,0,101325,100
268140000000,0,0,9.81,0,0,-0.4221246378566333,0,0,0,101325,100
268160000000,0,0,9.81,0,0,-0.4220851423300524,0,0,0,101325,100
268180000000,0,0,9.81,0,0,-0.4227177496209969,0,0,0,101325,100
268200000000,0,0,9.81,0,0,-0.42255744706649123,0,0,0,101325,100
268220000000,0,0,9.81,0,0,-0.42181936737904946,0,0,0,101325,100
268240000000,0,0,9.81,0,0,-0.4221180708698148,0,0,0,101325,100
268260000000,0,0,9.81,0,0,-0.4226431739196625,0,0,0,101325,100
268279999999,0,0,9.81,0,0,-0.4219979705696468,0,0,0,101325,100
268300000000,0,0,9.81,0,0,-0.4234756761035858,0,0,0,101325,100
268320000000,0,0,9.81,0,0,-0.4215746529155376,0,0,0,101325,100
268339999999,0,0,9.81,0,0,-0.4213258285961764,0,0,0,101325,100
268360000000,0,0,9.81,0,0,-0.42208577421432614,0,0,0,101325,100
268380000000,0,0,9.81,0,0,-0.4221980872220645,0,0,0,101325,100
268399999999,0,0,9.81,0,0,-0.42363052469825213,0,0,0,101325,100
268420000000,0,0,9.81,0,0,-0.4233075642886674,0,0,0,101325,100
268440000000,0,0,9.81,0,0,-0.42203487155528047,0,0,0,101325,100
268459999999,0,0,9.81,0,0,-0.42085639734959035,0,0,0,101325,100
268480000000,0,0,9.81,0,0,-0.4224398052597687,0,0,0,101325,100
268500000000,0,0,9.81,0,0,-0.4238250523017805,0,0,0,101325,100
268519999999,0,0,9.81,0,0,-0.42179605647200913,0,0,0,101325,100
268540000000,0,0,9.81,0,0,-0.4211377234674757,0,0,0,101325,100
268560000000,0,0,9.81,0,0,-0.4210316661983736,0,0,0,101325,100
268579999999,0,0,9.81,0,0,-0.42235009467184986,0,0,0,101325,100
268600000000,0,0,9.81,0,0,-0.4236160385266254,0,0,0,101325,100
268620000000,0,0,9.81,0,0,-0.4226477202216893,0,0,0,101325,100
268640000000,0,0,9.81,0,0,-0.42288969409915755,0,0,0,101325,100
268660000000,0,0,9.81,0,0,-0.4217848196425533,0,0,0,101325,100
268680000000,0,0,9.81,0,0,-0.42215446872494267,0,0,0,101325,100
268700000000,0,0,9.81,0,0,-0.42038440475238337,0,0,0,101325,100
268720000000,0,0,9.81,0,0,-0.4227925768920211,0,0,0,101325,100
268740000000,0,0,9.81,0,0,-0.42207995848367175,0,0,0,101325,100
268760000000,0,0,9.81,0,0,-0.42111893647620097,0,0,0,101325,100
268779999999,0,0,9.81,0,0,-0.423509008488582,0,0,0,101325,100
268800000000,0,0,9.81,0,0,-0.4213794039633367,0,0,0,101325,100
268820000000,0,0,9.81,0,0,-0.4212791254256878,0,0,0,101325,100
268839999999,0,0,9.81,0,0,-0.42311507301355394,0,0,0,101325,100
268860000000,0,0,9.81,0,0,-0.42403139345811275,0,0,0,101325,100
268880000000,0,0,9.81,0,0,-0.42281632691146237,0,0,0,101325,100
268899999999,0,0,9.81,0,0,-0.42298498406256557,0,0,0,101325,100
268920000000,0,0,9.81,0,0,-0.42268604254849756,0,0,0,101325,100
268940000000,0,0,9.81,0,0,-0.4239813814536411,0,0,0,101325,100
268959999999,0,0,9.81,0,0,-0.423517201824161,0,0,0,101325,100
268980000000,0,0,9.81,0,0,-0.4232250243755916,0,0,0,101325,100
269000000000,0,0,9.81,0,0,-0.42268894312406424,0,0,0,101325,100
269019999999,0,0,9.81,0,0,-0.4215681868659053,0,0,0,101325,100
269040000000,0,0,9.81,0,0,-0.42226209108401147,0,0,0,101325,100
269060000000,0,0,9.81,0,0,-0.42340065175509084,0,0,0,101325,100
269079999999,0,0,9.81,0,0,-0.421771559868206,0,0,0,101325,100
269100000000,0,0,9.81,0,0,-0.4225444915980272,0,0,0,101325,100
269120000000,0,0,9.81,0,0,-0.4214666089873966,0,0,0,101325,100
269140000000,0,0,9.81,0,0,-0.4212987951219803,0,0,0,101325,100
269160000000,0,0,9.81,0,0,-0.42240414513506747,0,0,0,101325,100
269180000000,0,0,9.81,0,0,-0.4231314332193177,0,0,0,101325,100
269200000000,0,0,9.81,0,0,-0.42271359610373416,0,0,0,101325,100
269220000000,0,0,9.81,0,0,-0.4215599799426621,0,0,0,101325,100
269240000000,0,0,9.81,0,0,-0.4233624085256003,0,0,0,101325,100
269260000000,0,0,9.81,0,0,-0.42326736323498154,0,0,0,101325,100
269279999999,0,0,9.81,0,0,-0.4237479662097649,0,0,0,101325,100
269300000000,0,0,9.81,0,0,-0.4215442625264505,0,0,0,101325,100
269320000000,0,0,9.81,0,0,-0.42314045630955865,0,0,0,101325,100
269339999999,0,0,9.81,0,0,-0.4229016102567629,0,0,0,101325,100
269360000000,0,0,9.81,0,0,-0.42071092409556277,0,0,0,101325,100
269380000000,0,0,9.81,0,0,-0.42119166053361096,0,0,0,101325,100
269399999999,0,0,9.81,0,0,-0.42167915129929684,0,0,0,101325,100
269420000000,0,0,9.81,0,0,-0.42307972625085555,0,0,0,101325,100
269440000000,0,0,9.81,0,0,-0.4227047073989906,0,0,0,101325,100
269459999999,0,0,9.81,0,0,-0.4225497317824273,0,0,0,101325,100
269480000000,0,0,9.81,0,0,-0.42204043930330776,0,0,0,101325,100
269500000000,0,0,9.81,0,0,-0.42187655681683683,0,0,0,101325,100
269519999999,0,0,9.81,0,0,-0.42508185223793016,0,0,0,101325,100
269540000000,0,0,9.81,0,0,-0.4235889387158186,0,0,0,101325,100
269560000000,0,0,9.81,0,0,-0.4241353533225695,0,0,0,101325,100
269579999999,0,0,9.81,0,0,-0.4226178740812181,0,0,0,101325,100
269600000000,0,0,9.81,0,0,-0.4207463787099772,0,0,0,101325,100
269620000000,0,0,9.81,0,0,-0.42197632420040027,0,0,0,101325,100
269640000000,0,0,9.81,0,0,-0.4227916728779206,0,0,0,101325,100
269660000000,0,0,9.81,0,0,-0.42268631876700236,0,0,0,101325,100
269680000000,0,0,9.81,0,0,-0.42121803169841704,0,0,0,101325,100
269700000000,0,0,9.81,0,0,-0.42176803975867877,0,0,0,101325,100
269720000000,0,0,9.81,0,0,-0.42258437305595165,0,0,0,101325,100
269740000000,0,0,9.81,0,0,-0.4245951451609275,0,0,0,101325,100
269760000000,0,0,9.81,0,0,-0.42260956335108596,0,0,0,101325,100
269779999999,0,0,9.81,0,0,-0.42158394670947896,0,0,0,101325,100
269800000000,0,0,9.81,0,0,-0.4239953653618906,0,0,0,101325,100
269820000000,0,0,9.81,0,0,-0.42220102742444826,0,0,0,101325,100
269839999999,0,0,9.81,0,0,-0.4232972988254981,0,0,0,101325,100
269860000000,0,0,9.81,0,0,-0.4215838494533741,0,0,0,101325,100
269880000000,0,0,9.81,0,0,-0.4245222075070976,0,0,0,101325,100
269899999999,0,0,9.81,0,0,-0.4211857059173226,0,0,0,101325,100
269920000000,0,0,9.81,0,0,-0.42269787918328605,0,0,0,101325,100
269940000000,0,0,9.81,0,0,-0.42347598010460535,0,0,0,101325,100
269959999999,0,0,9.81,0,0,-0.42233594313109785,0,0,0,101325,100
269980000000,0,0,9.81,0,0,-0.4220150625817876,0,0,0,101325,100
270000000000,0,0,9.81,0,0,-0.423190977470825,0,0,0,101325,100
270019999999,0,0,9.81,0,0,-0.42253318108165316,0,0,0,101325,100
270040000000,0,0,9.81,0,0,-0.42130144147065246,0,0,0,101325,100
270060000000,0,0,9.81,0,0,-0.4233882341528145,0,0,0,101325,100
270079999999,0,0,9.81,0,0,-0.42276496212037074,0,0,0,101325,100
270100000000,0,0,9.81,0,0,-0.42284062291037194,0,0,0,101325,100
270120000000,0,0,9.81,0,0,-0.421761859175703,0,0,0,101325,100
270140000000,0,0,9.81,0,0,-0.42113365864978725,0,0,0,101325,100
270160000000,0,0,9.81,0,0,-0.42128604910935485,0,0,0,101325,100
270180000000,0,0,9.81,0,0,-0.42154754763208563,0,0,0,101325,100
270200000000,0,0,9.81,0,0,-0.4222556151262824,0,0,0,101325,100
270220000000,0,0,9.81,0,0,-0.42414479470888145,0,0,0,101325,100
270240000000,0,0,9.81,0,0,-0.42287330106989074,0,0,0,101325,100
270260000000,0,0,9.81,0,0,-0.42161130318506423,0,0,0,101325,100
270279999999,0,0,9.81,0,0,-0.4211056341265474,0,0,0,101325,100
270300000000,0,0,9.81,0,0,-0.4232444418978449,0,0,0,101325,100
270320000000,0,0,9.81,0,0,-0.4222882940551556,0,0,0,101325,100
270339999999,0,0,9.81,0,0,-0.4223289296680797,0,0,0,101325,100
270360000000,0,0,9.81,0,0,-0.42117683295269714,0,0,0,101325,100
270380000000,0,0,9.81,0,0,-0.4224496580070051,0,0,0,101325,100
270399999999,0,0,9.81,0,0,-0.42231929899360265,0,0,0,101325,100
270420000000,0,0,9.81,0,0,-0.4225746084575773,0,0,0,101325,100
270440000000,0,0,9.81,0,0,-0.4223721844040542,0,0,0,101325,100
270459999999,0,0,9.81,0,0,-0.4229517135208029,0,0,0,101325,100
270480000000,0,0,9.81,0,0,-0.42305522920246,0,0,0,101325,100
270500000000,0,0,9.81,0,0,-0.4230685634524997,0,0,0,101325,100
270519999999,0,0,9.81,0,0,-0.42399149203968994,0,0,0,101325,100
270540000000,0,0,9.81,0,0,-0.42191976652032276,0,0,0,101325,100
270560000000,0,0,9.81,0,0,-0.42405260254990446,0,0,0,101325,100
270579999999,0,0,9.81,0,0,-0.42189074454249215,0,0,0,101325,100
270600000000,0,0,9.81,0,0,-0.42313544596408104,0,0,0,101325,100
270620000000,0,0,9.81,0,0,-0.4243768104583471,0,0,0,101325,100
270640000000,0,0,9.81,0,0,-0.42318900554355643,0,0,0,101325,100
270660000000,0,0,9.81,0,0,-0.42337950881445363,0,0,0,101325,100
270680000000,0,0,9.81,0,0,-0.42235826101597745,0,0,0,101325,100
270700000000,0,0,9.81,0,0,-0.42223276972890383,0,0,0,101325,100
270720000000,0,0,9.81,0,0,-0.4234836405764928,0,0,0,101325,100
270740000000,0,0,9.81,0,0,-0.4232672705327448,0,0,0,101325,100
270760000000,0,0,9.81,0,0,-0.4223172322863427,0,0,0,101325,100
270779999999,0,0,9.81,0,0,-0.42304204497802184,0,0,0,101325,100
270800000000,0,0,9.81,0,0,-0.42258959122129913,0,0,0,101325,100
270820000000,0,0,9.81,0,0,-0.4240064490806724,0,0,0,101325,100
270839999999,0,0,9.81,0,0,-0.42171009955490146,0,0,0,101325,100
270860000000,0,0,9.81,0,0,-0.42177546180865116,0,0,0,101325,100
270880000000,0,0,9.81,0,0,-0.4236421088997333,0,0,0,101325,100
270899999999,0,0,9.81,0,0,-0.4227423422939455,0,0,0,101325,100
270920000000,0,0,9.81,0,0,-0.4227128493344798,0,0,0,101325,100
270940000000,0,0,9.81,0,0,-0.4223334305171448,0,0,0,101325,100
270959999999,0,0,9.81,0,0,-0.423935298764326,0,0,0,101325,100
270980000000,0,0,9.81,0,0,-0.4215225958901843,0,0,0,101325,100
271000000000,0,0,9.81,0,0,-0.4218173272165914,0,0,0,101325,100
271019999999,0,0,9.81,0,0,-0.4239174599463325,0,0,0,101325,100
271040000000,0,0,9.81,0,0,-0.42147276611243867,0,0,0,101325,100
271060000000,0,0,9.81,0,0,-0.4232253826324182,0,0,0,101325,100
271079999999,0,0,9.81,0,0,-0.4228775141987179,0,0,0,101325,100
271100000000,0,0,9.81,0,0,-0.4235793099063336,0,0,0,101325,100
271120000000,0,0,9.81,0,0,-0.42320528733155244,0,0,0,101325,100
271140000000,0,0,9.81,0,0,-0.4226552173713994,0,0,0,101325,100
271160000000,0,0,9.81,0,0,-0.42276051441730916,0,0,0,101325,100
271180000000,0,0,9.81,0,0,-0.42320799730222336,0,0,0,101325,100
271200000000,0,0,9.81,0,0,-0.42207393423248385,0,0,0,101325,100
271220000000,0,0,9.81,0,0,-0.42160333707399605,0,0,0,101325,100
271240000000,0,0,9.81,0,0,-0.4219274254680511,0,0,0,101325,100
271260000000,0,0,9.81,0,0,-0.42223674212649875,0,0,0,101325,100
271279999999,0,0,9.81,0,0,-0.4234103156582627,0,0,0,101325,100
271300000000,0,0,9.81,0,0,-0.424918204621528,0,0,0,101325,100
271320000000,0,0,9.81,0,0,-0.42260187654864173,0,0,0,101325,100
271339999999,0,0,9.81,0,0,-0.4245522992170411,0,0,0,101325,100
271360000000,0,0,9.81,0,0,-0.42242476914274985,0,0,0,101325,100
271380000000,0,0,9.81,0,0,-0.42306739294120593,0,0,0,101325,100
271399999999,0,0,9.81,0,0,-0.4237275739327384,0,0,0,101325,100
271420000000,0,0,9.81,0,0,-0.42351952780675955,0,0,0,101325,100
271440000000,0,0,9.81,0,0,-0.4224180407023929,0,0,0,101325,100
271459999999,0,0,9.81,0,0,-0.42301653653231247,0,0,0,101325,100
271480000000,0,0,9.81,0,0,-0.4223531461802747,0,0,0,101325,100
271500000000,0,0,9.81,0,0,-0.4220044406999894,0,0,0,101325,100
271519999999,0,0,9.81,0,0,-0.4229487224358472,0,0,0,101325,100
271540000000,0,0,9.81,0,0,-0.4220320575637678,0,0,0,101325,100
271560000000,0,0,9.81,0,0,-0.42327039605050226,0,0,0,101325,100
271579999999,0,0,9.81,0,0,-0.42100089109339206,0,0,0,101325,100
271600000000,0,0,9.81,0,0,-0.42262432171991193,0,0,0,101325,100
271620000000,0,0,9.81,0,0,-0.4214211445531743,0,0,0,101325,100
271640000000,0,0,9.81,0,0,-0.4220883051049363,0,0,0,101325,100
271660000000,0,0,9.81,0,0,-0.42065846046179234,0,0,0,101325,100
271680000000,0,0,9.81,0,0,-0.42157179492067437,0,0,0,101325,100
271700000000,0,0,9.81,0,0,-0.4226120794593568,0,0,0,101325,100
271720000000,0,0,9.81,0,0,-0.42325650423500427,0,0,0,101325,100
271740000000,0,0,9.81,0,0,-0.4220387379122007,0,0,0,101325,100
271760000000,0,0,9.81,0,0,-0.42265120212705465,0,0,0,101325,100
271779999999,0,0,9.81,0,0,-0.42152509081494677,0,0,0,101325,100
271800000000,0,0,9.81,0,0,-0.4222353365746843,0,0,0,101325,100
271820000000,0,0,9.81,0,0,-0.4241555765402289,0,0,0,101325,100
271839999999,0,0,9.81,0,0,-0.42281674873422803,0,0,0,101325,100
271860000000,0,0,9.81,0,0,-0.4225782612388415,0,0,0,101325,100
271880000000,0,0,9.81,0,0,-0.4216228657151162,0,0,0,101325,100
271899999999,0,0,9.81,0,0,-0.4229934685350186,0,0,0,101325,100
271920000000,0,0,9.81,0,0,-0.4223618306405712,0,0,0,101325,100
271940000000,0,0,9.81,0,0,-0.42193077218918584,0,0,0,101325,100
271959999999,0,0,9.81,0,0,-0.4211668157900829,0,0,0,101325,100
271980000000,0,0,9.81,0,0,-0.42216578384456543,0,0,0,101325,100
272000000000,0,0,9.81,0,0,-0.42311392994776814,0,0,0,101325,100
272019999999,0,0,9.81,0,0,-0.4232405412504722,0,0,0,101325,100
272040000000,0,0,9.81,0,0,-0.4227348316017129,0,0,0,101325,100
272060000000,0,0,9.81,0,0,-0.42206605477631565,0,0,0,101325,100
272079999999,0,0,9.81,0,0,-0.42248605202708484,0,0,0,101325,100
272100000000,0,0,9.81,0,0,-0.42292756706700074,0,0,0,101325,100
272120000000,0,0,9.81,0,0,-0.42309525066536136,0,0,0,101325,100
272140000000,0,0,9.81,0,0,-0.4228272236975903,0,0,0,101325,100
272160000000,0,0,9.81,0,0,-0.4219467415547711,0,0,0,101325,100
272180000000,0,0,9.81,0,0,-0.4219203857635085,0,0,0,101325,100
272200000000,0,0,9.81,0,0,-0.4206821712304825,0,0,0,101325,100
272220000000,0,0,9.81,0,0,-0.42333020042067665,0,0,0,101325,100
272240000000,0,0,9.81,0,0,-0.42303273464733604,0,0,0,101325,100
272260000000,0,0,9.81,0,0,-0.4230707292188523,0,0,0,101325,100
272279999999,0,0,9.81,0,0,-0.42388778638690205,0,0,0,101325,100
272300000000,0,0,9.81,0,0,-0.4223593138774068,0,0,0,101325,100
272320000000,0,0,9.81,0,0,-0.42222427550570213,0,0,0,101325,100
272339999999,0,0,9.81,0,0,-0.42346377878622277,0,0,0,101325,100
272360000000,0,0,9.81,0,0,-0.4217535250185768,0,0,0,101325,100
272380000000,0,0,9.81,0,0,-0.4223597182315431,0,0,0,101325,100
272399999999,0,0,9.81,0,0,-0.4212623998602239,0,0,0,101325,100
272420000000,0,0,9.81,0,0,-0.42323905111257487,0,0,0,101325,100
272440000000,0,0,9.81,0,0,-0.4227846185813898,0,0,0,101325,100
272459999999,0,0,9.81,0,0,-0.42087078882468937,0,0,0,101325,100
272480000000,0,0,9.81,0,0,-0.42148148672394925,0,0,0,101325,100
272500000000,0,0,9.81,0,0,-0.42057999377157723,0,0,0,101325,100
272519999999,0,0,9.81,0,0,-0.42001987464981116,0,0,0,101325,100
272540000000,0,0,9.81,0,0,-0.4203581659647788,0,0,0,101325,100
272560000000,0,0,9.81,0,0,-0.4235007366002543,0,0,0,101325,100
272579999999,0,0,9.81,0,0,-0.42170069037526603,0,0,0,101325,100
272600000000,0,0,9.81,0,0,-0.42298921899925496,0,0,0,101325,100
272620000000,0,0,9.81,0,0,-0.4239149106522996,0,0,0,101325,100
272640000000,0,0,9.81,0,0,-0.4217999185211619,0,0,0,101325,100
272660000000,0,0,9.81,0,0,-0.4220693558953435,0,0,0,101325,100
272680000000,0,0,9.81,0,0,-0.4218735909737718,0,0,0,101325,100
272700000000,0,0,9.81,0,0,-0.42333389579323494,0,0,0,101325,100
272720000000,0,0,9.81,0,0,-0.4225992582071772,0,0,0,101325,100
272740000000,0,0,9.81,0,0,-0.42112209299526027,0,0,0,101325,100
272760000000,0,0,9.81,0,0,-0.4222634958763781,0,0,0,101325,100
272779999999,0,0,9.81,0,0,-0.42229624570309454,0,0,0,101325,100
272800000000,0,0,9.81,0,0,-0.4229219255598369,0,0,0,101325,100
272820000000,0,0,9.81,0,0,-0.42244025798862556,0,0,0,101325,100
272839999999,0,0,9.81,0,0,-0.42315240152460815,0,0,0,101325,100
272860000000,0,0,9.81,0,0,-0.4226607506074394,0,0,0,101325,100
272880000000,0,0,9.81,0,0,-0.4219366803398251,0,0,0,101325,100
272899999999,0,0,9.81,0,0,-0.4232743416181822,0,0,0,101325,100
272920000000,0,0,9.81,0,0,-0.4219359045298084,0,0,0,101325,100
272940000000,0,0,9.81,0,0,-0.4215656254053063,0,0,0,101325,100
272959999999,0,0,9.81,0,0,-0.42288465800393643,0,0,0,101325,100
272980000000,0,0,9.81,0,0,-0.42348945019985085,0,0,0,101325,100
273000000000,0,0,9.81,0,0,-0.4228065562756723,0,0,0,101325,100
273019999999,0,0,9.81,0,0,-0.42176719381720656,0,0,0,101325,100
273040000000,0,0,9.81,0,0,-0.4240492043006659,0,0,0,101325,100
273060000000,0,0,9.81,0,0,-0.42256950211464617,0,0,0,101325,100
273079999999,0,0,9.81,0,0,-0.42198611986194545,0,0,0,101325,100
273100000000,0,0,9.81,0,0,-0.4212359544205429,0,0,0,101325,100
273120000000,0,0,9.81,0,0,-0.42270091236462565,0,0,0,101325,100
273140000000,0,0,9.81,0,0,-0.4237688299207141,0,0,0,101325,100
273160000000,0,0,9.81,0,0,-0.4224899193646305,0,0,0,101325,100
273180000000,0,0,9.81,0,0,-0.42227355807944644,0,0,0,101325,100
273200000000,0,0,9.81,0,0,-0.004720644723669292,0,0,0,101325,100
273220000000,0,0,9.81,0,0,-0.003966877324978869,0,0,0,101325,100
273240000000,0,0,9.81,0,0,-0.005201058757534512,0,0,0,101325,100
273260000000,0,0,9.81,0,0,-0.0021297304874960486,0,0,0,101325,100
273279999999,0,0,9.81,0,0,-0.004137080993683533,0,0,0,101325,100
273300000000,0,0,9.81,0,0,-0.004638616359535737,0,0,0,101325,100
273320000000,0,0,9.81,0,0,-0.0035172029909492264,0,0,0,101325,100
273339999999,0,0,9.81,0,0,-0.0034360428964073197,0,0,0,101325,100
273360000000,0,0,9.81,0,0,-0.003314169528475983,0,0,0,101325,100
273380000000,0,0,9.81,0,0,-0.003152903732448329,0,0,0,101325,100
273399999999,0,0,9.81,0,0,-0.004115290511447575,0,0,0,101325,100
273420000000,0,0,9.81,0,0,-0.005009770099945743,0,0,0,101325,100
273440000000,0,0,9.81,0,0,-0.0036865148654620884,0,0,0,101325,100
273459999999,0,0,9.81,0,0,-0.005172450389295287,0,0,0,101325,100
273480000000,0,0,9.81,0,0,-0.003290225901442968,0,0,0,101325,100
273500000000,0,0,9.81,0,0,-0.005058623429875661,0,0,0,101325,100
273519999999,0,0,9.81,0,0,-0.004410469936932283,0,0,0,101325,100
273540000000,0,0,9.81,0,0,-0.003575959936195236,0,0,0,101325,100
273560000000,0,0,9.81,0,0,-0.003508351578317183,0,0,0,101325,100
273579999999,0,0,9.81,0,0,-0.005070621790576045,0,0,0,101325,100
273600000000,0,0,9.81,0,0,-0.005396436758456296,0,0,0,101325,100
273620000000,0,0,9.81,0,0,-0.004238176415413026,0,0,0,101325,100
273640000000,0,0,9.81,0,0,-0.0040877555944697245,0,0,0,101325,100
273660000000,0,0,9.81,0,0,-0.00521187521178563,0,0,0,101325,100
273680000000,0,0,9.81,0,0,-0.00516911735285625,0,0,0,101325,100
273700000000,0,0,9.81,0,0,-0.0040028305862089735,0,0,0,101325,100
273720000000,0,0,9.81,0,0,-0.0046047969362587055,0,0,0,101325,100
273740000000,0,0,9.81,0,0,-0.005571244762118492,0,0,0,101325,100
273760000000,0,0,9.81,0,0,-0.00382985009152743,0,0,0,101325,100
273779999999,0,0,9.81,0,0,-0.004428916501977997,0,0,0,101325,100
273800000000,0,0,9.81,0,0,-0.003126993072897371,0,0,0,101325,100
273820000000,0,0,9.81,0,0,-0.002824977172678338,0,0,0,101325,100
273839999999,0,0,9.81,0,0,-0.004216235263802216,0,0,0,101325,100
273860000000,0,0,9.81,0,0,-0.004346612053759138,0,0,0,101325,100
273880000000,0,0,9.81,0,0,-0.00395436999627059,0,0,0,101325,100
273899999999,0,0,9.81,0,0,-0.0035029535560535023,0,0,0,101325,100
273920000000,0,0,9.81,0,0,-0.0065678399084054765,0,0,0,101325,100
273940000000,0,0,9.81,0,0,-0.003207801539905721,0,0,0,101325,100
273959999999,0,0,9.81,0,0,-0.004403502338314986,0,0,0,101325,100
273980000000,0,0,9.81,0,0,-0.005043128490332645,0,0,0,101325,100
274000000000,0,0,9.81,0,0,-0.004191675008373067,0,0,0,101325,100
274019999999,0,0,9.81,0,0,-0.0032575313292797026,0,0,0,101325,100
274040000000,0,0,9.81,0,0,-0.003985116230249982,0,0,0,101325,100
274060000000,0,0,9.81,0,0,-0.0052302203376835875,0,0,0,101325,100
274079999999,0,0,9.81,0,0,-0.0050362862765848315,0,0,0,101325,100
274100000000,0,0,9.81,0,0,-0.004962945126006857,0,0,0,101325,100
274120000000,0,0,9.81,0,0,-0.006306547109493053,0,0,0,101325,100
274140000000,0,0,9.81,0,0,-0.004117563394560747,0,0,0,101325,100
274160000000,0,0,9.81,0,0,-0.0031356044359605794,0,0,0,101325,100
274180000000,0,0,9.81,0,0,-0.005387554578842697,0,0,0,101325,100
274200000000,0,0,9.81,0,0,-0.004440461722377857,0,0,0,101325,100
274220000000,0,0,9.81,0,0,-0.003564656695783845,0,0,0,101325,100
274240000000,0,0,9.81,0,0,-0.00400236355714413,0,0,0,101325,100
274260000000,0,0,9.81,0,0,-0.0036548779289481206,0,0,0,101325,100
274279999999,0,0,9.81,0,0,-0.003446252945357568,0,0,0,101325,100
274300000000,0,0,9.81,0,0,-0.005664933697544811,0,0,0,101325,100
274320000000,0,0,9.81,0,0,-0.0035676775222769994,0,0,0,101325,100
274339999999,0,0,9.81,0,0,-0.0036070658004765228,0,0,0,101325,100
274360000000,0,0,9.81,0,0,-0.003827690738598354,0,0,0,101325,100
274380000000,0,0,9.81,0,0,-0.0028447803074949022,0,0,0,101325,100
274399999999,0,0,9.81,0,0,-0.0034808759772283356,0,0,0,101325,100
274420000000,0,0,9.81,0,0,-0.0033652896634147156,0,0,0,101325,100
274440000000,0,0,9.81,0,0,-0.0033685059778623874,0,0,0,101325,100
274459999999,0,0,9.81,0,0,-0.0034323531923436154,0,0,0,101325,100
274480000000,0,0,9.81,0,0,-0.004751554273799039,0,0,0,101325,100
274500000000,0,0,9.81,0,0,-0.005439944809312458,0,0,0,101325,100
274519999999,0,0,9.81,0,0,-0.003746727786840331,0,0,0,101325,100
274540000000,0,0,9.81,0,0,-0.003982312760065491,0,0,0,101325,100
274560000000,0,0,9.81,0,0,-0.004550759855688047,0,0,0,101325,100
274579999999,0,0,9.81,0,0,-0.004994349345803586,0,0,0,101325,100
274600000000,0,0,9.81,0,0,-0.0047736993022551195,0,0,0,101325,100
274620000000,0,0,9.81,0,0,-0.004893826327506972,0,0,0,101325,100
274640000000,0,0,9.81,0,0,-0.005451154343459256,0,0,0,101325,100
274660000000,0,0,9.81,0,0,-0.002800326185104612,0,0,0,101325,100
274680000000,0,0,9.81,0,0,-0.005178466961663772,0,0,0,101325,100
274700000000,0,0,9.81,0,0,-0.0035532835431618644,0,0,0,101325,100
274720000000,0,0,9.81,0,0,-0.003136724166927968,0,0,0,101325,100
274740000000,0,0,9.81,0,0,-0.004370478166999855,0,0,0,101325,100
274760000000,0,0,9.81,0,0,-0.004977085745565347,0,0,0,101325,100
274779999999,0,0,9.81,0,0,-0.0038591349461630287,0,0,0,101325,100
274800000000,0,0,9.81,0,0,-0.003645083170698285,0,0,0,101325,100
274820000000,0,0,9.81,0,0,-0.003769620348600603,0,0,0,101325,100
274839999999,0,0,9.81,0,0,-0.004111177833989627,0,0,0,101325,100
274860000000,0,0,9.81,0,0,-0.003947142060350404,0,0,0,101325,100
274880000000,0,0,9.81,0,0,-0.00451514529742887,0,0,0,101325,100
274900000000,0,0,9.81,0,0,-0.004298713287997365,0,0,0,101325,100
274920000000,0,0,9.81,0,0,-0.004729212732306212,0,0,0,101325,100
274940000000,0,0,9.81,0,0,-0.003939617231744328,0,0,0,101325,100
274960000000,0,0,9.81,0,0,-0.003895176387186838,0,0,0,101325,100
274980000000,0,0,9.81,0,0,-0.0028300625138328213,0,0,0,101325,100
275000000000,0,0,9.81,0,0,-0.005282472857771264,0,0,0,101325,100
275020000000,0,0,9.81,0,0,-0.0040541578186750245,0,0,0,101325,100
275040000000,0,0,9.81,0,0,-0.003767773487429971,0,0,0,101325,100
275060000000,0,0,9.81,0,0,-0.0036617780382553213,0,0,0,101325,100
275080000000,0,0,9.81,0,0,-0.003608641757649816,0,0,0,101325,100
275100000000,0,0,9.81,0,0,-0.0044965695867621724,0,0,0,101325,100
275120000000,0,0,9.81,0,0,-0.002923686131326024,0,0,0,101325,100
275140000000,0,0,9.81,0,0,-0.003953579795593226,0,0,0,101325,100
275160000000,0,0,9.81,0,0,-0.005938886093051838,0,0,0,101325,100
275180000000,0,0,9.81,0,0,-0.004189788828828171,0,0,0,101325,100
275200000000,0,0,9.81,0,0,-0.004685202961824543,0,0,0,101325,100
275220000000,0,0,9.81,0,0,-0.003721981876831061,0,0,0,101325,100
275240000000,0,0,9.81,0,0,-0.0036699134698293,0,0,0,101325,100
275260000000,0,0,9.81,0,0,-0.0019284103733229513,0,0,0,101325,100
275280000000,0,0,9.81,0,0,-0.0036028891067641676,0,0,0,101325,100
275300000000,0,0,9.81,0,0,-0.004477418390671208,0,0,0,101325,100
275320000000,0,0,9.81,0,0,-0.0035059236293605877,0,0,0,101325,100
275340000000,0,0,9.81,0,0,-0.004450395429932287,0,0,0,101325,100
275360000000,0,0,9.81,0,0,-0.0037663187912295227,0,0,0,101325,100
275380000000,0,0,9.81,0,0,-0.004330235650701262,0,0,0,101325,100
275400000000,0,0,9.81,0,0,-0.0038282322140698612,0,0,0,101325,100
275420000000,0,0,9.81,0,0,-0.0037910495053688556,0,0,0,101325,100
275440000000,0,0,9.81,0,0,-0.004123628538262726,0,0,0,101325,100
275460000000,0,0,9.81,0,0,-0.005642682475356094,0,0,0,101325,100
275480000000,0,0,9.81,0,0,-0.004219023380132764,0,0,0,101325,100
275500000000,0,0,9.81,0,0,-0.003034498117463546,0,0,0,101325,100
275520000000,0,0,9.81,0,0,-0.005031840843762672,0,0,0,101325,100
275540000000,0,0,9.81,0,0,-0.0041683741589364385,0,0,0,101325,100
275560000000,0,0,9.81,0,0,-0.003559882518012086,0,0,0,101325,100
275580000000,0,0,9.81,0,0,-0.006125278738749781,0,0,0,101325,100
275600000000,0,0,9.81,0,0,-0.005019838440033958,0,0,0,101325,100
275620000000,0,0,9.81,0,0,-0.0028720396577269396,0,0,0,101325,100
275640000000,0,0,9.81,0,0,-0.003987039944161657,0,0,0,101325,100
275660000000,0,0,9.81,0,0,-0.005144275222826383,0,0,0,101325,100
275680000000,0,0,9.81,0,0,-0.002613382351036685,0,0,0,101325,100
275700000000,0,0,9.81,0,0,-0.003559669858549843,0,0,0,101325,100
275720000000,0,0,9.81,0,0,-0.004220183712791312,0,0,0,101325,100
275740000000,0,0,9.81,0,0,-0.004783357219975718,0,0,0,101325,100
275760000000,0,0,9.81,0,0,-0.003385319960850633,0,0,0,101325,100
275780000000,0,0,9.81,0,0,-0.004252176095449583,0,0,0,101325,100
275800000000,0,0,9.81,0,0,-0.003398895861564649,0,0,0,101325,100
275820000000,0,0,9.81,0,0,-0.005217067965522228,0,0,0,101325,100
275840000000,0,0,9.81,0,0,-0.004791128668670203,0,0,0,101325,100
275860000000,0,0,9.81,0,0,-0.0038820197043796627,0,0,0,101325,100
275880000000,0,0,9.81,0,0,-0.001991077386842716,0,0,0,101325,100
275900000000,0,0,9.81,0,0,-0.004350598979197246,0,0,0,101325,100
275920000000,0,0,9.81,0,0,-0.0036099929040338073,0,0,0,101325,100
275940000000,0,0,9.81,0,0,-0.003675319771178054,0,0,0,101325,100
275960000000,0,0,9.81,0,0,-0.004244660224650108,0,0,0,101325,100
275980000000,0,0,9.81,0,0,-0.003694989716381804,0,0,0,101325,100
276000000000,0,0,9.81,0,0,-0.0037771868013092673,0,0,0,101325,100
276020000000,0,0,9.81,0,0,-0.00473742380002666,0,0,0,101325,100
276040000000,0,0,9.81,0,0,-0.004920317564000209,0,0,0,101325,100
276060000000,0,0,9.81,0,0,-0.005440981984267985,0,0,0,101325,100
276080000000,0,0,9.81,0,0,-0.0037524171858646796,0,0,0,101325,100
276100000000,0,0,9.81,0,0,-0.004456032673214488,0,0,0,101325,100
276120000000,0,0,9.81,0,0,-0.004625851451416008,0,0,0,101325,100
276140000000,0,0,9.81,0,0,-0.005179644601739378,0,0,0,101325,100
276160000000,0,0,9.81,0,0,-0.004800861305662129,0,0,0,101325,100
276180000000,0,0,9.81,0,0,-0.0038619697815103077,0,0,0,101325,100
276200000000,0,0,9.81,0,0,-0.002151396122656646,0,0,0,101325,100
276220000000,0,0,9.81,0,0,-0.0038573040852197646,0,0,0,101325,100
276240000000,0,0,9.81,0,0,-0.004237148847061055,0,0,0,101325,100
276260000000,0,0,9.81,0,0,-0.002319502126133969,0,0,0,101325,100
276280000000,0,0,9.81,0,0,-0.004055937095637875,0,0,0,101325,100
276300000000,0,0,9.81,0,0,-0.004445939129168037,0,0,0,101325,100
276320000000,0,0,9.81,0,0,-0.0033916812774399405,0,0,0,101325,100
276340000000,0,0,9.81,0,0,-0.003337041764267496,0,0,0,101325,100
276360000000,0,0,9.81,0,0,-0.002795074270832378,0,0,0,101325,100
276380000000,0,0,9.81,0,0,-0.003896469456014428,0,0,0,101325,100
276400000000,0,0,9.81,0,0,-0.004229326869461349,0,0,0,101325,100
276420000000,0,0,9.81,0,0,-0.00507125589768249,0,0,0,101325,100
276440000000,0,0,9.81,0,0,-0.005335884643802111,0,0,0,101325,100
276460000000,0,0,9.81,0,0,-0.004209588646611858,0,0,0,101325,100
276480000000,0,0,9.81,0,0,-0.0044854099632839865,0,0,0,101325,100
276500000000,0,0,9.81,0,0,-0.0037553579290917913,0,0,0,101325,100
276520000000,0,0,9.81,0,0,-0.004384696114221849,0,0,0,101325,100
276540000000,0,0,9.81,0,0,-0.004310289282825777,0,0,0,101325,100
276560000000,0,0,9.81,0,0,-0.005449723699945399,0,0,0,101325,100
276580000000,0,0,9.81,0,0,-0.00412285642180354,0,0,0,101325,100
276600000000,0,0,9.81,0,0,-0.003611170422905658,0,0,0,101325,100
276620000000,0,0,9.81,0,0,-0.004894394063696608,0,0,0,101325,100
276640000000,0,0,9.81,0,0,-0.005338280081967652,0,0,0,101325,100
276660000000,0,0,9.81,0,0,-0.003123929920479747,0,0,0,101325,100
276680000000,0,0,9.81,0,0,-0.004188599953244626,0,0,0,101325,100
276700000000,0,0,9.81,0,0,-0.0038148404023664213,0,0,0,101325,100
276720000000,0,0,9.81,0,0,-0.003266530217395998,0,0,0,101325,100
276740000000,0,0,9.81,0,0,-0.004771468910234936,0,0,0,101325,100
276760000000,0,0,9.81,0,0,-0.00334219225522557,0,0,0,101325,100
276780000000,0,0,9.81,0,0,-0.0028433581748890943,0,0,0,101325,100
276800000000,0,0,9.81,0,0,-0.00530909266903206,0,0,0,101325,100
276820000000,0,0,9.81,0,0,-0.0047056487684940685,0,0,0,101325,100
276840000000,0,0,9.81,0,0,-0.004127708155549251,0,0,0,101325,100
276860000000,0,0,9.81,0,0,-0.0034408491325051476,0,0,0,101325,100
276880000000,0,0,9.81,0,0,-0.002831275650753954,0,0,0,101325,100
276900000000,0,0,9.81,0,0,-0.004135527539761011,0,0,0,101325,100
276920000000,0,0,9.81,0,0,-0.003073510826991829,0,0,0,101325,100
276940000000,0,0,9.81,0,0,-0.004716099545372269,0,0,0,101325,100
276960000000,0,0,9.81,0,0,-0.002339147987668342,0,0,0,101325,100
276980000000,0,0,9.81,0,0,-0.004209709789897583,0,0,0,101325,100
277000000000,0,0,9.81,0,0,-0.002937356844726035,0,0,0,101325,100
277020000000,0,0,9.81,0,0,-0.0031887614031101373,0,0,0,101325,100
277040000000,0,0,9.81,0,0,-0.004920229341806346,0,0,0,101325,100
277060000000,0,0,9.81,0,0,-0.0054689723753383185,0,0,0,101325,100
277080000000,0,0,9.81,0,0,-0.004043126298258127,0,0,0,101325,100
277100000000,0,0,9.81,0,0,-0.005560561678983684,0,0,0,101325,100
277120000000,0,0,9.81,0,0,-0.004220292999057313,0,0,0,101325,100
277140000000,0,0,9.81,0,0,-0.003574416932057016,0,0,0,101325,100
277160000000,0,0,9.81,0,0,-0.0044405395036259294,0,0,0,101325,100
277180000000,0,0,9.81,0,0,-0.004665370626871319,0,0,0,101325,100
277200000000,0,0,9.81,0,0,-0.0027006682568619734,0,0,0,101325,100
277220000000,0,0,9.81,0,0,-0.004289600581779689,0,0,0,101325,100
277240000000,0,0,9.81,0,0,-0.004113001805648367,0,0,0,101325,100
277260000000,0,0,9.81,0,0,-0.004460669737322724,0,0,0,101325,100
277280000000,0,0,9.81,0,0,-0.0019471896224546271,0,0,0,101325,100
277300000000,0,0,9.81,0,0,-0.003662862613350597,0,0,0,101325,100
277320000000,0,0,9.81,0,0,-0.004435284415896912,0,0,0,101325,100
277340000000,0,0,9.81,0,0,-0.0032694143037265582,0,0,0,101325,100
277360000000,0,0,9.81,0,0,-0.00456642770465882,0,0,0,101325,100
277380000000,0,0,9.81,0,0,-0.004281225201389389,0,0,0,101325,100
277400000000,0,0,9.81,0,0,-0.004717235254445874,0,0,0,101325,100
277420000000,0,0,9.81,0,0,-0.002731199400718901,0,0,0,101325,100
277440000000,0,0,9.81,0,0,-0.002762784579054485,0,0,0,101325,100
277460000000,0,0,9.81,0,0,-0.0038612200789288065,0,0,0,101325,100
277480000000,0,0,9.81,0,0,-0.004288656970821379,0,0,0,101325,100
277500000000,0,0,9.81,0,0,-0.004391653125497724,0,0,0,101325,100
277520000000,0,0,9.81,0,0,-0.002670584534831267,0,0,0,101325,100
277540000000,0,0,9.81,0,0,-0.004494158500183083,0,0,0,101325,100
277560000000,0,0,9.81,0,0,-0.005711149578819422,0,0,0,101325,100
277580000000,0,0,9.81,0,0,-0.0018485944430373688,0,0,0,101325,100
277600000000,0,0,9.81,0,0,-0.003573172569537333,0,0,0,101325,100
277620000000,0,0,9.81,0,0,-0.004802806478026894,0,0,0,101325,100
277640000000,0,0,9.81,0,0,-0.0028201814976860718,0,0,0,101325,100
277660000000,0,0,9.81,0,0,-0.0029685755759031153,0,0,0,101325,100
277680000000,0,0,9.81,0,0,-0.003537505174245696,0,0,0,101325,100
277700000000,0,0,9.81,0,0,-0.005608674947641359,0,0,0,101325,100
277720000000,0,0,9.81,0,0,-0.0028628009936788206,0,0,0,101325,100
277740000000,0,0,9.81,0,0,-0.006123510613837527,0,0,0,101325,100
277760000000,0,0,9.81,0,0,-0.004951073507615866,0,0,0,101325,100
277780000000,0,0,9.81,0,0,-0.0026046159334576356,0,0,0,101325,100
277800000000,0,0,9.81,0,0,-0.004437850531263706,0,0,0,101325,100
277820000000,0,0,9.81,0,0,-0.004004031564270223,0,0,0,101325,100
277840000000,0,0,9.81,0,0,-0.004529917007598139,0,0,0,101325,100
277860000000,0,0,9.81,0,0,-0.0030940561829630427,0,0,0,101325,100
277880000000,0,0,9.81,0,0,-0.004038471852322901,0,0,0,101325,100
277900000000,0,0,9.81,0,0,-0.004964346777894352,0,0,0,101325,100
277920000000,0,0,9.81,0,0,-0.003606144005763773,0,0,0,101325,100
277940000000,0,0,9.81,0,0,-0.003665412916929383,0,0,0,101325,100
277960000000,0,0,9.81,0,0,-0.00321261057387885,0,0,0,101325,100
277980000000,0,0,9.81,0,0,-0.0036776824636199825,0,0,0,101325,100
278000000000,0,0,9.81,0,0,-0.005047741405417342,0,0,0,101325,100
278020000000,0,0,9.81,0,0,-0.0038662334033195975,0,0,0,101325,100
278040000000,0,0,9.81,0,0,-0.003721397158846971,0,0,0,101325,100
278060000000,0,0,9.81,0,0,-0.0036235086111446333,0,0,0,101325,100
278080000000,0,0,9.81,0,0,-0.004921288431236475,0,0,0,101325,100
278100000000,0,0,9.81,0,0,-0.006182483833944223,0,0,0,101325,100
278120000000,0,0,9.81,0,0,-0.004393227202325281,0,0,0,101325,100
278140000000,0,0,9.81,0,0,-0.0032314858913594117,0,0,0,101325,100
278160000000,0,0,9.81,0,0,-0.004578927410845568,0,0,0,101325,100
278180000000,0,0,9.81,0,0,-0.005125622583937339,0,0,0,101325,100
278200000000,0,0,9.81,0,0,-0.0041920698516874685,0,0,0,101325,100
278220000000,0,0,9.81,0,0,-0.004701439962987837,0,0,0,101325,100
278240000000,0,0,9.81,0,0,-0.0031779889663788815,0,0,0,101325,100
278260000000,0,0,9.81,0,0,-0.0030847396978057485,0,0,0,101325,100
278280000000,0,0,9.81,0,0,-0.004928250279517562,0,0,0,101325,100
278300000000,0,0,9.81,0,0,-0.0039062551175918555,0,0,0,101325,100
278320000000,0,0,9.81,0,0,-0.004213360986654496,0,0,0,101325,100
278340000000,0,0,9.81,0,0,-0.004272588099806973,0,0,0,101325,100
278360000000,0,0,9.81,0,0,-0.004635782693249545,0,0,0,101325,100
278380000000,0,0,9.81,0,0,-0.0033946581551033473,0,0,0,101325,100
278400000000,0,0,9.81,0,0,-0.005929848976130643,0,0,0,101325,100
278420000000,0,0,9.81,0,0,-0.005060605700160129,0,0,0,101325,100
278440000000,0,0,9.81,0,0,-0.004739502136518433,0,0,0,101325,100
278460000000,0,0,9.81,0,0,-0.004831304989065716,0,0,0,101325,100
278480000000,0,0,9.81,0,0,-0.0042976541707509175,0,0,0,101325,100
278500000000,0,0,9.81,0,0,-0.004212024347822012,0,0,0,101325,100
278520000000,0,0,9.81,0,0,-0.00577470771193961,0,0,0,101325,100
278540000000,0,0,9.81,0,0,-0.0020848608853114765,0,0,0,101325,100
278560000000,0,0,9.81,0,0,-0.004996117353685991,0,0,0,101325,100
278580000000,0,0,9.81,0,0,-0.005363134794379596,0,0,0,101325,100
278600000000,0,0,9.81,0,0,-0.0032164478787292806,0,0,0,101325,100
278620000000,0,0,9.81,0,0,-0.0028307426345070574,0,0,0,101325,100
278640000000,0,0,9.81,0,0,-0.005869981702854621,0,0,0,101325,100
278660000000,0,0,9.81,0,0,-0.003613123069829179,0,0,0,101325,100
278680000000,0,0,9.81,0,0,-0.0038416445896565683,0,0,0,101325,100
278700000000,0,0,9.81,0,0,-0.00428710487463034,0,0,0,101325,100
278720000000,0,0,9.81,0,0,-0.003570473050787358,0,0,0,101325,100
278740000000,0,0,9.81,0,0,-0.002472624649596718,0,0,0,101325,100
278760000000,0,0,9.81,0,0,-0.004697788380557938,0,0,0,101325,100
278780000000,0,0,9.81,0,0,-0.004076663307291468,0,0,0,101325,100
278800000000,0,0,9.81,0,0,-0.003379114063561453,0,0,0,101325,100
278820000000,0,0,9.81,0,0,-0.00439618958422736,0,0,0,101325,100
278840000000,0,0,9.81,0,0,-0.003600143382769814,0,0,0,101325,100
278860000000,0,0,9.81,0,0,-0.0035958969501593578,0,0,0,101325,100
278880000000,0,0,9.81,0,0,-0.003336927583587561,0,0,0,101325,100
278900000000,0,0,9.81,0,0,-0.003941479749473213,0,0,0,101325,100
278920000000,0,0,9.81,0,0,-0.004516653229098842,0,0,0,101325,100
278940000000,0,0,9.81,0,0,-0.004104116624983683,0,0,0,101325,100
278960000000,0,0,9.81,0,0,-0.004276092977761957,0,0,0,101325,100
278980000000,0,0,9.81,0,0,-0.003709071554228921,0,0,0,101325,100
279000000000,0,0,9.81,0,0,-0.0029875035269108542,0,0,0,101325,100
279020000000,0,0,9.81,0,0,-0.0036761178322974736,0,0,0,101325,100
279040000000,0,0,9.81,0,0,-0.0042601081720328605,0,0,0,101325,100
279060000000,0,0,9.81,0,0,-0.005544324236488403,0,0,0,101325,100
279080000000,0,0,9.81,0,0,-0.0036093193591603804,0,0,0,101325,100
279100000000,0,0,9.81,0,0,-0.0055979208837227635,0,0,0,101325,100
279120000000,0,0,9.81,0,0,-0.004160158071164242,0,0,0,101325,100
279140000000,0,0,9.81,0,0,-0.0052203029017698615,0,0,0,101325,100
279160000000,0,0,9.81,0,0,-0.003914610045138206,0,0,0,101325,100
279180000000,0,0,9.81,0,0,-0.004082415568908039,0,0,0,101325,100
279200000000,0,0,9.81,0,0,-0.004839964304662638,0,0,0,101325,100
279220000000,0,0,9.81,0,0,-0.004023560402986398,0,0,0,101325,100
279240000000,0,0,9.81,0,0,-0.0041634413833102485,0,0,0,101325,100
279260000000,0,0,9.81,0,0,-0.005368335446605891,0,0,0,101325,100
279280000000,0,0,9.81,0,0,-0.003920938144976055,0,0,0,101325,100
279300000000,0,0,9.81,0,0,-0.005189013344928879,0,0,0,101325,100
279320000000,0,0,9.81,0,0,-0.001991330111942961,0,0,0,101325,100
279340000000,0,0,9.81,0,0,-0.005148108757215504,0,0,0,101325,100
279360000000,0,0,9.81,0,0,-0.006069559408837154,0,0,0,101325,100
279380000000,0,0,9.81,0,0,-0.004202553247105037,0,0,0,101325,100
279400000000,0,0,9.81,0,0,-0.004999552830830225,0,0,0,101325,100
279420000000,0,0,9.81,0,0,-0.004109327064185108,0,0,0,101325,100
279440000000,0,0,9.81,0,0,-0.004208498264565969,0,0,0,101325,100
279460000000,0,0,9.81,0,0,-0.004414110713238085,0,0,0,101325,100
279480000000,0,0,9.81,0,0,-0.004962092716185148,0,0,0,101325,100
279500000000,0,0,9.81,0,0,-0.004375904822510351,0,0,0,101325,100
279520000000,0,0,9.81,0,0,-0.003248828898372331,0,0,0,101325,100
279540000000,0,0,9.81,0,0,-0.004718907118602008,0,0,0,101325,100
279560000000,0,0,9.81,0,0,-0.005253307630645507,0,0,0,101325,100
279580000000,0,0,9.81,0,0,-0.00360588530233851,0,0,0,101325,100
279600000000,0,0,9.81,0,0,-0.003955209115212285,0,0,0,101325,100
279620000000,0,0,9.81,0,0,-0.004304585447490774,0,0,0,101325,100
279640000000,0,0,9.81,0,0,-0.004034524777996134,0,0,0,101325,100
279660000000,0,0,9.81,0,0,-0.003929755608902691,0,0,0,101325,100
279680000000,0,0,9.81,0,0,-0.0025082999728888726,0,0,0,101325,100
279700000000,0,0,9.81,0,0,-0.004092904894973123,0,0,0,101325,100
279720000000,0,0,9.81,0,0,-0.005449723345467351,0,0,0,101325,100
279740000000,0,0,9.81,0,0,-0.003663522142900933,0,0,0,101325,100
279760000000,0,0,9.81,0,0,-0.004078778500984396,0,0,0,101325,100
279780000000,0,0,9.81,0,0,-0.004587841938126347,0,0,0,101325,100
279800000000,0,0,9.81,0,0,-0.0021991173280887727,0,0,0,101325,100
279820000000,0,0,9.81,0,0,-0.004209863202165646,0,0,0,101325,100
279840000000,0,0,9.81,0,0,-0.0038723038343725764,0,0,0,101325,100
279860000000,0,0,9.81,0,0,-0.002862925049758522,0,0,0,101325,100
279880000000,0,0,9.81,0,0,-0.004028450740898828,0,0,0,101325,100
279900000000,0,0,9.81,0,0,-0.003430405607551204,0,0,0,101325,100
279920000000,0,0,9.81,0,0,-0.004904829179236418,0,0,0,101325,100
279940000000,0,0,9.81,0,0,-0.004571649469670848,0,0,0,101325,100
279960000000,0,0,9.81,0,0,-0.0044889715435736995,0,0,0,101325,100
279980000000,0,0,9.81,0,0,-0.003186011234927408,0,0,0,101325,100
280000000000,0,0,9.81,0,0,-0.005100597574837453,0,0,0,101325,100
280020000000,0,0,9.81,0,0,-0.0037060771548370645,0,0,0,101325,100
280040000000,0,0,9.81,0,0,-0.003890225670516155,0,0,0,101325,100
280060000000,0,0,9.81,0,0,-0.004400508193622602,0,0,0,101325,100
280080000000,0,0,9.81,0,0,-0.0040520797841441395,0,0,0,101325,100
280100000000,0,0,9.81,0,0,-0.004790476997953547,0,0,0,101325,100
280120000000,0,0,9.81,0,0,-0.005492547014898527,0,0,0,101325,100
280140000000,0,0,9.81,0,0,-0.0037849695098761053,0,0,0,101325,100
280160000000,0,0,9.81,0,0,-0.004431837904108405,0,0,0,101325,100
280180000000,0,0,9.81,0,0,-0.003208340172946505,0,0,0,101325,100
280200000000,0,0,9.81,0,0,-0.003526891634577109,0,0,0,101325,100
280220000000,0,0,9.81,0,0,-0.006394587171412064,0,0,0,101325,100
280240000000,0,0,9.81,0,0,-0.00403676513737138,0,0,0,101325,100
280260000000,0,0,9.81,0,0,-0.004018045024235347,0,0,0,101325,100
280280000000,0,0,9.81,0,0,-0.0033130467625317704,0,0,0,101325,100
280300000000,0,0,9.81,0,0,-0.002943365400245147,0,0,0,101325,100
280320000000,0,0,9.81,0,0,-0.0037361034945276243,0,0,0,101325,100
280340000000,0,0,9.81,0,0,-0.0036233282147549012,0,0,0,101325,100
280360000000,0,0,9.81,0,0,-0.004846780780553359,0,0,0,101325,100
280380000000,0,0,9.81,0,0,-0.003615048340857205,0,0,0,101325,100
280400000000,0,0,9.81,0,0,-0.004330194686490625,0,0,0,101325,100
280420000000,0,0,9.81,0,0,-0.00481614434975667,0,0,0,101325,100
280440000000,0,0,9.81,0,0,-0.004263562517379119,0,0,0,101325,100
280460000000,0,0,9.81,0,0,-0.004548889357460964,0,0,0,101325,100
280480000000,0,0,9.81,0,0,-0.003682802559107469,0,0,0,101325,100
280500000000,0,0,9.81,0,0,-0.004235120643704223,0,0,0,101325,100
280520000000,0,0,9.81,0,0,-0.0028534105020178733,0,0,0,101325,100
280540000000,0,0,9.81,0,0,-0.0034666800827860096,0,0,0,101325,100
280560000000,0,0,9.81,0,0,-0.004699347560587043,0,0,0,101325,100
280580000000,0,0,9.81,0,0,-0.0034193865918386718,0,0,0,101325,100
280600000000,0,0,9.81,0,0,-0.0026390430774749277,0,0,0,101325,100
280620000000,0,0,9.81,0,0,-0.004351313168879636,0,0,0,101325,100
280640000000,0,0,9.81,0,0,-0.004226096559989953,0,0,0,101325,100
280660000000,0,0,9.81,0,0,-0.003925613603025901,0,0,0,101325,100
280680000000,0,0,9.81,0,0,-0.0035656264622422763,0,0,0,101325,100
280700000000,0,0,9.81,0,0,-0.0025976955527513487,0,0,0,101325,100
280720000000,0,0,9.81,0,0,-0.005194017322603823,0,0,0,101325,100
280740000000,0,0,9.81,0,0,-0.003096333425862837,0,0,0,101325,100
280760000000,0,0,9.81,0,0,-0.00408268587699832,0,0,0,101325,100
280780000000,0,0,9.81,0,0,-0.0040533718517059185,0,0,0,101325,100
280800000000,0,0,9.81,0,0,-0.00498543686517126,0,0,0,101325,100
280820000000,0,0,9.81,0,0,-0.004115726713696108,0,0,0,101325,100
280840000000,0,0,9.81,0,0,-0.005069096162288599,0,0,0,101325,100
280860000000,0,0,9.81,0,0,-0.004061890496748903,0,0,0,101325,100
280880000000,0,0,9.81,0,0,-0.005038351776292785,0,0,0,101325,100
280900000000,0,0,9.81,0,0,-0.004139152295722217,0,0,0,101325,100
280920000000,0,0,9.81,0,0,-0.0030087503508681376,0,0,0,101325,100
280940000000,0,0,9.81,0,0,-0.0050866914731822616,0,0,0,101325,100
280960000000,0,0,9.81,0,0,-0.004179729490164745,0,0,0,101325,100
280980000000,0,0,9.81,0,0,-0.0033981435807116933,0,0,0,101325,100
281000000000,0,0,9.81,0,0,-0.0035316289619098905,0,0,0,101325,100
281020000000,0,0,9.81,0,0,-0.004332844700296408,0,0,0,101325,100
281040000000,0,0,9.81,0,0,-0.004510485567942231,0,0,0,101325,100
281060000000,0,0,9.81,0,0,-0.0038522034119567814,0,0,0,101325,100
281080000000,0,0,9.81,0,0,-0.0052909354041875455,0,0,0,101325,100
281100000000,0,0,9.81,0,0,-0.003659596997712898,0,0,0,101325,100
281120000000,0,0,9.81,0,0,-0.00428108446797836,0,0,0,101325,100
281140000000,0,0,9.81,0,0,-0.00419972510796799,0,0,0,101325,100
281160000000,0,0,9.81,0,0,-0.004737935017780184,0,0,0,101325,100
281180000000,0,0,9.81,0,0,-0.003360651159032868,0,0,0,101325,100
281200000000,0,0,9.81,0,0,-0.00466424313678967,0,0,0,101325,100
281220000000,0,0,9.81,0,0,-0.00566970453746052,0,0,0,101325,100
281240000000,0,0,9.81,0,0,-0.0047925404208180875,0,0,0,101325,100
281260000000,0,0,9.81,0,0,-0.003723849666803672,0,0,0,101325,100
281280000000,0,0,9.81,0,0,-0.003422830639189177,0,0,0,101325,100
281300000000,0,0,9.81,0,0,-0.00443105879075913,0,0,0,101325,100
281320000000,0,0,9.81,0,0,-0.003937444687897145,0,0,0,101325,100
281340000000,0,0,9.81,0,0,-0.004552445723831774,0,0,0,101325,100
281360000000,0,0,9.81,0,0,-0.003788386127828493,0,0,0,101325,100
281380000000,0,0,9.81,0,0,-0.0020677281992068624,0,0,0,101325,100
281400000000,0,0,9.81,0,0,-0.004660160558514057,0,0,0,101325,100
281420000000,0,0,9.81,0,0,-0.0042138074440329016,0,0,0,101325,100
281440000000,0,0,9.81,0,0,-0.0066345197406094585,0,0,0,101325,100
281460000000,0,0,9.81,0,0,-0.003486901927651897,0,0,0,101325,100
281480000000,0,0,9.81,0,0,-0.004177631435524308,0,0,0,101325,100
281500000000,0,0,9.81,0,0,-0.003314209082169955,0,0,0,101325,100
281520000000,0,0,9.81,0,0,-0.005732091012559447,0,0,0,101325,100
281540000000,0,0,9.81,0,0,-0.004097662818959198,0,0,0,101325,100
281560000000,0,0,9.81,0,0,-0.005147114085451195,0,0,0,101325,100
281580000000,0,0,9.81,0,0,-0.003239154135729621,0,0,0,101325,100
281600000000,0,0,9.81,0,0,-0.0039612893209602824,0,0,0,101325,100
281620000000,0,0,9.81,0,0,-0.0035116460024982843,0,0,0,101325,100
281640000000,0,0,9.81,0,0,-0.002856924577711624,0,0,0,101325,100
281660000000,0,0,9.81,0,0,-0.005738394064197986,0,0,0,101325,100
281680000000,0,0,9.81,0,0,-0.002530538713528703,0,0,0,101325,100
281700000000,0,0,9.81,0,0,-0.004340561547279508,0,0,0,101325,100
281720000000,0,0,9.81,0,0,-0.004179764236790593,0,0,0,101325,100
281740000000,0,0,9.81,0,0,-0.0033730250824103984,0,0,0,101325,100
281760000000,0,0,9.81,0,0,-0.004306242988694715,0,0,0,101325,100
281780000000,0,0,9.81,0,0,-0.005315011417536683,0,0,0,101325,100
281800000000,0,0,9.81,0,0,-0.003763099119281365,0,0,0,101325,100
281820000000,0,0,9.81,0,0,-0.004404531687681619,0,0,0,101325,100
281840000000,0,0,9.81,0,0,-0.004108870782722359,0,0,0,101325,100
281860000000,0,0,9.81,0,0,-0.003662876554252688,0,0,0,101325,100
281880000000,0,0,9.81,0,0,-0.004497307718023135,0,0,0,101325,100
281900000000,0,0,9.81,0,0,-0.004737859193140244,0,0,0,101325,100
281920000000,0,0,9.81,0,0,-0.005089324734549805,0,0,0,101325,100
281940000000,0,0,9.81,0,0,-0.0030544516024565123,0,0,0,101325,100
281960000000,0,0,9.81,0,0,-0.004138177907605194,0,0,0,101325,100
281980000000,0,0,9.81,0,0,-0.0043161565221722965,0,0,0,101325,100
282000000000,0,0,9.81,0,0,-0.0037451313241672122,0,0,0,101325,100
282020000000,0,0,9.81,0,0,-0.004099414679486764,0,0,0,101325,100
282040000000,0,0,9.81,0,0,-0.003755443634798455,0,0,0,101325,100
282060000000,0,0,9.81,0,0,-0.0037069734788200306,0,0,0,101325,100
282080000000,0,0,9.81,0,0,-0.003975725426526636,0,0,0,101325,100
282100000000,0,0,9.81,0,0,-0.004141918523846897,0,0,0,101325,100
282120000000,0,0,9.81,0,0,-0.004809237182082507,0,0,0,101325,100
282140000000,0,0,9.81,0,0,-0.004311317141945108,0,0,0,101325,100
282160000000,0,0,9.81,0,0,-0.003663729229661856,0,0,0,101325,100
282180000000,0,0,9.81,0,0,-0.004952548965543348,0,0,0,101325,100
282200000000,0,0,9.81,0,0,-0.0033632550819426834,0,0,0,101325,100
282220000000,0,0,9.81,0,0,-0.00410992072307222,0,0,0,101325,100
282240000000,0,0,9.81,0,0,-0.0037145736957253945,0,0,0,101325,100
282260000000,0,0,9.81,0,0,-0.0034282757447119203,0,0,0,101325,100
282280000000,0,0,9.81,0,0,-0.002866329773340153,0,0,0,101325,100
282300000000,0,0,9.81,0,0,-0.004660825022369849,0,0,0,101325,100
282320000000,0,0,9.81,0,0,-0.002632954190059057,0,0,0,101325,100
282340000000,0,0,9.81,0,0,-0.004411977285247736,0,0,0,101325,100
282360000000,0,0,9.81,0,0,-0.0035541580241089396,0,0,0,101325,100
282380000000,0,0,9.81,0,0,-0.00313119007543334,0,0,0,101325,100
282400000000,0,0,9.81,0,0,-0.004049461345181119,0,0,0,101325,100
282420000000,0,0,9.81,0,0,-0.006528784187450095,0,0,0,101325,100
282440000000,0,0,9.81,0,0,-0.004976395315742012,0,0,0,101325,100
282460000000,0,0,9.81,0,0,-0.004660724407705493,0,0,0,101325,100
282480000000,0,0,9.81,0,0,-0.003955952484749918,0,0,0,101325,100
282500000000,0,0,9.81,0,0,-0.004417558628702578,0,0,0,101325,100
282520000000,0,0,9.81,0,0,-0.0040219052100344405,0,0,0,101325,100
282540000000,0,0,9.81,0,0,-0.005175558569983713,0,0,0,101325,100
282560000000,0,0,9.81,0,0,-0.004257627860053372,0,0,0,101325,100
282580000000,0,0,9.81,0,0,-0.004107994950093302,0,0,0,101325,100
282600000000,0,0,9.81,0,0,-0.0030086537389311984,0,0,0,101325,100
282620000000,0,0,9.81,0,0,-0.004221196379400208,0,0,0,101325,100
282640000000,0,0,9.81,0,0,-0.00439386710058893,0,0,0,101325,100
282660000000,0,0,9.81,0,0,-0.003547677384808128,0,0,0,101325,100
282680000000,0,0,9.81,0,0,-0.004282556637029244,0,0,0,101325,100
282700000000,0,0,9.81,0,0,-0.004513570311114839,0,0,0,101325,100
282720000000,0,0,9.81,0,0,-0.0032230783278520375,0,0,0,101325,100
282740000000,0,0,9.81,0,0,-0.005082049356099881,0,0,0,101325,100
282760000000,0,0,9.81,0,0,-0.003019217585142909,0,0,0,101325,100
282780000000,0,0,9.81,0,0,-0.005392239142563107,0,0,0,101325,100
282800000000,0,0,9.81,0,0,-0.004132085709258171,0,0,0,101325,100
282820000000,0,0,9.81,0,0,-0.0048395528207918455,0,0,0,101325,100
282840000000,0,0,9.81,0,0,-0.004234693058836282,0,0,0,101325,100
282860000000,0,0,9.81,0,0,-0.00444901501931526,0,0,0,101325,100
282880000000,0,0,9.81,0,0,-0.002976233261185634,0,0,0,101325,100
282900000000,0,0,9.81,0,0,-0.00431574280476094,0,0,0,101325,100
282920000000,0,0,9.81,0,0,-0.0034618325857951734,0,0,0,101325,100
282940000000,0,0,9.81,0,0,-0.0038108840246483524,0,0,0,101325,100
282960000000,0,0,9.81,0,0,-0.003425458190945846,0,0,0,101325,100
282980000000,0,0,9.81,0,0,-0.005166157743610735,0,0,0,101325,100
283000000000,0,0,9.81,0,0,-0.004545404172740888,0,0,0,101325,100
283020000000,0,0,9.81,0,0,-0.004586558805564473,0,0,0,101325,100
283040000000,0,0,9.81,0,0,-0.0043939554997902384,0,0,0,101325,100
283060000000,0,0,9.81,0,0,-0.005153682845678244,0,0,0,101325,100
283080000000,0,0,9.81,0,0,-0.0035703008523150746,0,0,0,101325,100
283100000000,0,0,9.81,0,0,-0.0030947571470954904,0,0,0,101325,100
283120000000,0,0,9.81,0,0,-0.0052708303779180656,0,0,0,101325,100
283140000000,0,0,9.81,0,0,-0.00375351304587783,0,0,0,101325,100
283160000000,0,0,9.81,0,0,-0.006175489321464595,0,0,0,101325,100
283180000000,0,0,9.81,0,0,-0.002965426544226062,0,0,0,101325,100
283200000000,0,0,9.81,0,0,-0.004513546823620971,0,0,0,101325,100
283220000000,0,0,9.81,0,0,-0.005614837349365191,0,0,0,101325,100
283240000000,0,0,9.81,0,0,-0.003856921298770503,0,0,0,101325,100
283260000000,0,0,9.81,0,0,-0.0025869143581339297,0,0,0,101325,100
283280000000,0,0,9.81,0,0,-0.004357910813680042,0,0,0,101325,100
283300000000,0,0,9.81,0,0,-0.004441710405558911,0,0,0,101325,100
283320000000,0,0,9.81,0,0,-0.004683583180349693,0,0,0,101325,100
283340000000,0,0,9.81,0,0,-0.004894471029654787,0,0,0,101325,100
283360000000,0,0,9.81,0,0,-0.004846653685823458,0,0,0,101325,100
283380000000,0,0,9.81,0,0,-0.004909493385774121,0,0,0,101325,100
283400000000,0,0,9.81,0,0,-0.005139488525046952,0,0,0,101325,100
283420000000,0,0,9.81,0,0,-0.004961555060246509,0,0,0,101325,100
283440000000,0,0,9.81,0,0,-0.00295402389123265,0,0,0,101325,100
283460000000,0,0,9.81,0,0,-0.0025491782691107606,0,0,0,101325,100
283480000000,0,0,9.81,0,0,-0.004942655554005253,0,0,0,101325,100
283500000000,0,0,9.81,0,0,-0.00403174107704494,0,0,0,101325,100
283520000000,0,0,9.81,0,0,-0.005503724348514583,0,0,0,101325,100
283540000000,0,0,9.81,0,0,-0.0016508450237820316,0,0,0,101325,100
283560000000,0,0,9.81,0,0,-0.0042551665112763246,0,0,0,101325,100
283580000000,0,0,9.81,0,0,-0.003100837523893012,0,0,0,101325,100
283600000000,0,0,9.81,0,0,-0.0040236584599934,0,0,0,101325,100
283620000000,0,0,9.81,0,0,-0.0022907120527822546,0,0,0,101325,100
283640000000,0,0,9.81,0,0,-0.0029734399098815534,0,0,0,101325,100
283660000000,0,0,9.81,0,0,-0.005619546023756172,0,0,0,101325,100
283680000000,0,0,9.81,0,0,-0.004485794295250627,0,0,0,101325,100
283700000000,0,0,9.81,0,0,-0.004371184842372549,0,0,0,101325,100
283720000000,0,0,9.81,0,0,-0.00395212403693836,0,0,0,101325,100
283740000000,0,0,9.81,0,0,-0.0061087264991806015,0,0,0,101325,100
283760000000,0,0,9.81,0,0,-0.005166364561470197,0,0,0,101325,100
283780000000,0,0,9.81,0,0,-0.004094132510407335,0,0,0,101325,100
283800000000,0,0,9.81,0,0,-0.004358585240963853,0,0,0,101325,100
283820000000,0,0,9.81,0,0,-0.003984305622046267,0,0,0,101325,100
283840000000,0,0,9.81,0,0,-0.004249549507884907,0,0,0,101325,100
283860000000,0,0,9.81,0,0,-0.0033870594788528324,0,0,0,101325,100
283880000000,0,0,9.81,0,0,-0.003477437969334462,0,0,0,101325,100
283900000000,0,0,9.81,0,0,-0.0031051763501962855,0,0,0,101325,100
283920000000,0,0,9.81,0,0,-0.003467392664151939,0,0,0,101325,100
283940000000,0,0,9.81,0,0,-0.003881175007525663,0,0,0,101325,100
283960000000,0,0,9.81,0,0,-0.0051744673340564755,0,0,0,101325,100
283980000000,0,0,9.81,0,0,-0.005505276666767336,0,0,0,101325,100
284000000000,0,0,9.81,0,0,-0.0043207013990700675,0,0,0,101325,100
284020000000,0,0,9.81,0,0,-0.005247613263293802,0,0,0,101325,100
284040000000,0,0,9.81,0,0,-0.0026035192259271957,0,0,0,101325,100
284060000000,0,0,9.81,0,0,-0.0052152588655937655,0,0,0,101325,100
284080000000,0,0,9.81,0,0,-0.0040304920120485584,0,0,0,101325,100
284100000000,0,0,9.81,0,0,-0.005145735648869719,0,0,0,101325,100
284120000000,0,0,9.81,0,0,-0.004035063533441179,0,0,0,101325,100
284140000000,0,0,9.81,0,0,-0.0037965078525121028,0,0,0,101325,100
284160000000,0,0,9.81,0,0,-0.004582898513075645,0,0,0,101325,100
284180000000,0,0,9.81,0,0,-0.004855377471081978,0,0,0,101325,100
284200000000,0,0,9.81,0,0,-0.005412124134502526,0,0,0,101325,100
284220000000,0,0,9.81,0,0,-0.004062498929717251,0,0,0,101325,100
284240000000,0,0,9.81,0,0,-0.003956337150749958,0,0,0,101325,100
284260000000,0,0,9.81,0,0,-0.0029979075155789894,0,0,0,101325,100
284280000000,0,0,9.81,0,0,-0.00454739737662482,0,0,0,101325,100
284300000000,0,0,9.81,0,0,-0.004187226373886008,0,0,0,101325,100
284320000000,0,0,9.81,0,0,-0.0024315826799542993,0,0,0,101325,100
284340000000,0,0,9.81,0,0,-0.003274090304979811,0,0,0,101325,100
284360000000,0,0,9.81,0,0,-0.004633231109869379,0,0,0,101325,100
284380000000,0,0,9.81,0,0,-0.004248483629775789,0,0,0,101325,100
284400000000,0,0,9.81,0,0,-0.004832891594703303,0,0,0,101325,100
284420000000,0,0,9.81,0,0,-0.004980133277439131,0,0,0,101325,100
284440000000,0,0,9.81,0,0,-0.0037082983545642426,0,0,0,101325,100
284460000000,0,0,9.81,0,0,-0.004300603804427899,0,0,0,101325,100
284480000000,0,0,9.81,0,0,-0.0033030142135420564,0,0,0,101325,100
284500000000,0,0,9.81,0,0,-0.002797340322168239,0,0,0,101325,100
284520000000,0,0,9.81,0,0,-0.0045384924395130595,0,0,0,101325,100
284540000000,0,0,9.81,0,0,-0.0037503865149013465,0,0,0,101325,100
284560000000,0,0,9.81,0,0,-0.004181031862664536,0,0,0,101325,100
284580000000,0,0,9.81,0,0,-0.0037773368866638258,0,0,0,101325,100
284600000000,0,0,9.81,0,0,-0.0038059180660253364,0,0,0,101325,100
284620000000,0,0,9.81,0,0,-0.004674508751536002,0,0,0,101325,100
284640000000,0,0,9.81,0,0,-0.0038545585662007453,0,0,0,101325,100
284660000000,0,0,9.81,0,0,-0.004847911396580765,0,0,0,101325,100
284680000000,0,0,9.81,0,0,-0.004620499941430581,0,0,0,101325,100
284700000000,0,0,9.81,0,0,-0.003983028971546394,0,0,0,101325,100
284720000000,0,0,9.81,0,0,-0.0034536179401272395,0,0,0,101325,100
284740000000,0,0,9.81,0,0,-0.004984278862822489,0,0,0,101325,100
284760000000,0,0,9.81,0,0,-0.0033268869167607084,0,0,0,101325,100
284780000000,0,0,9.81,0,0,-0.0022486264266446667,0,0,0,101325,100
284800000000,0,0,9.81,0,0,-0.004554095382965907,0,0,0,101325,100
284820000000,0,0,9.81,0,0,-0.0036182371910623763,0,0,0,101325,100
284840000000,0,0,9.81,0,0,-0.004743686087578535,0,0,0,101325,100
284860000000,0,0,9.81,0,0,-0.005144918567406568,0,0,0,101325,100
284880000000,0,0,9.81,0,0,-0.0037989417136087018,0,0,0,101325,100
284900000000,0,0,9.81,0,0,-0.004166799104852223,0,0,0,101325,100
284920000000,0,0,9.81,0,0,-0.005339458066277456,0,0,0,101325,100
284940000000,0,0,9.81,0,0,-0.0038429775403713107,0,0,0,101325,100
284960000000,0,0,9.81,0,0,-0.0026409717253940267,0,0,0,101325,100
284980000000,0,0,9.81,0,0,-0.004977277148002372,0,0,0,101325,100
285000000000,0,0,9.81,0,0,-0.0055216001626793056,0,0,0,101325,100
285020000000,0,0,9.81,0,0,-0.0034368416611403134,0,0,0,101325,100
285040000000,0,0,9.81,0,0,-0.0038835196168656586,0,0,0,101325,100
285060000000,0,0,9.81,0,0,-0.004363606026868915,0,0,0,101325,100
285080000000,0,0,9.81,0,0,-0.0038717910884270624,0,0,0,101325,100
285100000000,0,0,9.81,0,0,-0.0031704097957827113,0,0,0,101325,100
285120000000,0,0,9.81,0,0,-0.005342325382599587,0,0,0,101325,100
285140000000,0,0,9.81,0,0,-0.004354442533723608,0,0,0,101325,100
285160000000,0,0,9.81,0,0,-0.004071441229596286,0,0,0,101325,100
285180000000,0,0,9.81,0,0,-0.005147479698371616,0,0,0,101325,100
285200000000,0,0,9.81,0,0,-0.00581670301972468,0,0,0,101325,100
285220000000,0,0,9.81,0,0,-0.005930104568080858,0,0,0,101325,100
285240000000,0,0,9.81,0,0,-0.00478578812377347,0,0,0,101325,100
285260000000,0,0,9.81,0,0,-0.0039010996443424014,0,0,0,101325,100
285280000000,0,0,9.81,0,0,-0.0029131411092294295,0,0,0,101325,100
285300000000,0,0,9.81,0,0,-0.003320443612094052,0,0,0,101325,100
285320000000,0,0,9.81,0,0,-0.0033180275184785182,0,0,0,101325,100
285340000000,0,0,9.81,0,0,-0.004530538588573247,0,0,0,101325,100
285360000000,0,0,9.81,0,0,-0.004529043065329568,0,0,0,101325,100
285380000000,0,0,9.81,0,0,-0.004660792086305607,0,0,0,101325,100
285400000000,0,0,9.81,0,0,-0.0042656211298453435,0,0,0,101325,100
285420000000,0,0,9.81,0,0,-0.004392378859124846,0,0,0,101325,100
285440000000,0,0,9.81,0,0,-0.004164244517631978,0,0,0,101325,100
285460000000,0,0,9.81,0,0,-0.003973061151780998,0,0,0,101325,100
285480000000,0,0,9.81,0,0,-0.002731490852118776,0,0,0,101325,100
285500000000,0,0,9.81,0,0,-0.0029747192810538154,0,0,0,101325,100
285520000000,0,0,9.81,0,0,-0.0035324916501105388,0,0,0,101325,100
285540000000,0,0,9.81,0,0,-0.0029252905499209387,0,0,0,101325,100
285560000000,0,0,9.81,0,0,-0.005174347239281199,0,0,0,101325,100
285580000000,0,0,9.81,0,0,-0.003548745725286087,0,0,0,101325,100
285600000000,0,0,9.81,0,0,-0.004010560001476923,0,0,0,101325,100
285620000000,0,0,9.81,0,0,-0.004950210781528425,0,0,0,101325,100
285640000000,0,0,9.81,0,0,-0.004641972775891499,0,0,0,101325,100
285660000000,0,0,9.81,0,0,-0.0037696412319283387,0,0,0,101325,100
285680000000,0,0,9.81,0,0,-0.005488058960200774,0,0,0,101325,100
285700000000,0,0,9.81,0,0,-0.006123730585920258,0,0,0,101325,100
285720000000,0,0,9.81,0,0,-0.002435860532094286,0,0,0,101325,100
285740000000,0,0,9.81,0,0,-0.006202189193730553,0,0,0,101325,100
285760000000,0,0,9.81,0,0,-0.0030549508202503462,0,0,0,101325,100
285780000000,0,0,9.81,0,0,-0.004939431499749181,0,0,0,101325,100
285800000000,0,0,9.81,0,0,-0.004086155088195241,0,0,0,101325,100
285820000000,0,0,9.81,0,0,-0.004155256850434686,0,0,0,101325,100
285840000000,0,0,9.81,0,0,-0.0038022511005859727,0,0,0,101325,100
285860000000,0,0,9.81,0,0,-0.0027945142975862704,0,0,0,101325,100
285880000000,0,0,9.81,0,0,-0.0038727873105016187,0,0,0,101325,100
285900000000,0,0,9.81,0,0,-0.0036127376908611105,0,0,0,101325,100
285920000000,0,0,9.81,0,0,-0.005351802828669601,0,0,0,101325,100
285940000000,0,0,9.81,0,0,-0.003330304802523729,0,0,0,101325,100
285960000000,0,0,9.81,0,0,-0.005170175599328733,0,0,0,101325,100
285980000000,0,0,9.81,0,0,-0.004161240610067265,0,0,0,101325,100
286000000000,0,0,9.81,0,0,-0.0027310699448468987,0,0,0,101325,100
286020000000,0,0,9.81,0,0,-0.0033038737837461055,0,0,0,101325,100
286040000000,0,0,9.81,0,0,-0.0035104659356823206,0,0,0,101325,100
286060000000,0,0,9.81,0,0,-0.0037042754157778617,0,0,0,101325,100
286080000000,0,0,9.81,0,0,-0.003548883716287223,0,0,0,101325,100
286100000000,0,0,9.81,0,0,-0.004270247907434057,0,0,0,101325,100
286120000000,0,0,9.81,0,0,-0.003950578722896001,0,0,0,101325,100
286140000000,0,0,9.81,0,0,-0.0038156682524178092,0,0,0,101325,100
286160000000,0,0,9.81,0,0,-0.004116745786108259,0,0,0,101325,100
286180000000,0,0,9.81,0,0,-0.0027104484392825876,0,0,0,101325,100
286200000000,0,0,9.81,0,0,-0.0023182913337909793,0,0,0,101325,100
286220000000,0,0,9.81,0,0,-0.003338747783964627,0,0,0,101325,100
286240000000,0,0,9.81,0,0,-0.0035463000915424295,0,0,0,101325,100
286260000000,0,0,9.81,0,0,-0.004032415066439085,0,0,0,101325,100
286280000000,0,0,9.81,0,0,-0.004178846651355556,0,0,0,101325,100
286300000000,0,0,9.81,0,0,-0.0038051935367370802,0,0,0,101325,100
286320000000,0,0,9.81,0,0,-0.003151997599390526,0,0,0,101325,100
286340000000,0,0,9.81,0,0,-0.004033650697440077,0,0,0,101325,100
286360000000,0,0,9.81,0,0,-0.003949253139897753,0,0,0,101325,100
286380000000,0,0,9.81,0,0,-0.0036302319769473553,0,0,0,101325,100
286400000000,0,0,9.81,0,0,-0.004598010312605694,0,0,0,101325,100
286420000000,0,0,9.81,0,0,-0.004617919274146561,0,0,0,101325,100
286440000000,0,0,9.81,0,0,-0.0031807373206878143,0,0,0,101325,100
286460000000,0,0,9.81,0,0,-0.004287315638631877,0,0,0,101325,100
286480000000,0,0,9.81,0,0,-0.003808109366689935,0,0,0,101325,100
286500000000,0,0,9.81,0,0,-0.0037154807197512406,0,0,0,101325,100
286520000000,0,0,9.81,0,0,-0.0018327847502020464,0,0,0,101325,100
286540000000,0,0,9.81,0,0,-0.00630350367229656,0,0,0,101325,100
286560000000,0,0,9.81,0,0,-0.004438787080996381,0,0,0,101325,100
286580000000,0,0,9.81,0,0,-0.005178042068687558,0,0,0,101325,100
286600000000,0,0,9.81,0,0,-0.005518513192180198,0,0,0,101325,100
286620000000,0,0,9.81,0,0,-0.0060651551219179185,0,0,0,101325,100
286640000000,0,0,9.81,0,0,-0.0035833336754018284,0,0,0,101325,100
286660000000,0,0,9.81,0,0,-0.002782935176361334,0,0,0,101325,100
286680000000,0,0,9.81,0,0,-0.0038537375578323076,0,0,0,101325,100
286700000000,0,0,9.81,0,0,-0.005375492476856964,0,0,0,101325,100
286720000000,0,0,9.81,0,0,-0.004427237248212195,0,0,0,101325,100
286740000000,0,0,9.81,0,0,-0.005177116740500983,0,0,0,101325,100
286760000000,0,0,9.81,0,0,-0.004142609960189528,0,0,0,101325,100
286780000000,0,0,9.81,0,0,-0.003473384607740774,0,0,0,101325,100
286800000000,0,0,9.81,0,0,-0.002339255398617662,0,0,0,101325,100
286820000000,0,0,9.81,0,0,-0.003584276812613168,0,0,0,101325,100
286840000000,0,0,9.81,0,0,-0.004531898558899221,0,0,0,101325,100
286860000000,0,0,9.81,0,0,-0.0049091718366584165,0,0,0,101325,100
286880000000,0,0,9.81,0,0,-0.004641012188098564,0,0,0,101325,100
286900000000,0,0,9.81,0,0,-0.0053789235661781745,0,0,0,101325,100
286920000000,0,0,9.81,0,0,-0.0023407940207948045,0,0,0,101325,100
286940000000,0,0,9.81,0,0,-0.0037705095718097294,0,0,0,101325,100
286960000000,0,0,9.81,0,0,-0.005055512248797204,0,0,0,101325,100
286980000000,0,0,9.81,0,0,-0.0031642258289455313,0,0,0,101325,100
287000000000,0,0,9.81,0,0,-0.002025921977452445,0,0,0,101325,100
287020000000,0,0,9.81,0,0,-0.004772749821941033,0,0,0,101325,100
287040000000,0,0,9.81,0,0,-0.005196058108009893,0,0,0,101325,100
287060000000,0,0,9.81,0,0,-0.005138435027237965,0,0,0,101325,100
287080000000,0,0,9.81,0,0,-0.0033729977779754336,0,0,0,101325,100
287100000000,0,0,9.81,0,0,-0.004919233543066691,0,0,0,101325,100
287120000000,0,0,9.81,0,0,-0.004472537076358583,0,0,0,101325,100
287140000000,0,0,9.81,0,0,-0.004511178418651157,0,0,0,101325,100
287160000000,0,0,9.81,0,0,-0.0046394261087096995,0,0,0,101325,100
287180000000,0,0,9.81,0,0,-0.005484715169199721,0,0,0,101325,100
287200000000,0,0,9.81,0,0,-0.00322447430768992,0,0,0,101325,100
287220000000,0,0,9.81,0,0,-0.0028297634318715115,0,0,0,101325,100
287240000000,0,0,9.81,0,0,-0.003696386790316179,0,0,0,101325,100
287260000000,0,0,9.81,0,0,-0.0028796747371307163,0,0,0,101325,100
287280000000,0,0,9.81,0,0,-0.006021710552696375,0,0,0,101325,100
287300000000,0,0,9.81,0,0,-0.0034546116560549085,0,0,0,101325,100
287320000000,0,0,9.81,0,0,-0.00270691178142762,0,0,0,101325,100
287340000000,0,0,9.81,0,0,-0.003288247634401965,0,0,0,101325,100
287360000000,0,0,9.81,0,0,-0.003650171826985801,0,0,0,101325,100
287380000000,0,0,9.81,0,0,-0.005117691808121573,0,0,0,101325,100
287400000000,0,0,9.81,0,0,-0.0048296451315371185,0,0,0,101325,100
287420000000,0,0,9.81,0,0,-0.003004388186664393,0,0,0,101325,100
287440000000,0,0,9.81,0,0,-0.005197072535532974,0,0,0,101325,100
287460000000,0,0,9.81,0,0,-0.004709907780631958,0,0,0,101325,100
287480000000,0,0,9.81,0,0,-0.0035331220541282046,0,0,0,101325,100
287500000000,0,0,9.81,0,0,-0.004832077938276674,0,0,0,101325,100
287520000000,0,0,9.81,0,0,-0.0026569595370313634,0,0,0,101325,100
287540000000,0,0,9.81,0,0,-0.00416580328007683,0,0,0,101325,100
287560000000,0,0,9.81,0,0,-0.003902480887039744,0,0,0,101325,100
287580000000,0,0,9.81,0,0,-0.00394735143201578,0,0,0,101325,100
287600000000,0,0,9.81,0,0,-0.004884607361616602,0,0,0,101325,100
287620000000,0,0,9.81,0,0,-0.0053433420365141095,0,0,0,101325,100
287640000000,0,0,9.81,0,0,-0.004843743649107044,0,0,0,101325,100
287660000000,0,0,9.81,0,0,-0.0039971117623198394,0,0,0,101325,100
287680000000,0,0,9.81,0,0,-0.004672817320187366,0,0,0,101325,100
287700000000,0,0,9.81,0,0,-0.0030669428516619376,0,0,0,101325,100
287720000000,0,0,9.81,0,0,-0.005374946489400265,0,0,0,101325,100
287740000000,0,0,9.81,0,0,-0.004571226608735532,0,0,0,101325,100
287760000000,0,0,9.81,0,0,-0.004664717720451016,0,0,0,101325,100
287780000000,0,0,9.81,0,0,-0.003710637965464312,0,0,0,101325,100
287800000000,0,0,9.81,0,0,-0.004113582307134729,0,0,0,101325,100
287820000000,0,0,9.81,0,0,-0.0042301719830537396,0,0,0,101325,100
287840000000,0,0,9.81,0,0,-0.005156718784129544,0,0,0,101325,100
287860000000,0,0,9.81,0,0,-0.0041285396822956,0,0,0,101325,100
287880000000,0,0,9.81,0,0,-0.005566739379669357,0,0,0,101325,100
287900000000,0,0,9.81,0,0,-0.006191900203334624,0,0,0,101325,100
287920000000,0,0,9.81,0,0,-0.0045197485843323235,0,0,0,101325,100
287940000000,0,0,9.81,0,0,-0.005975694117354633,0,0,0,101325,100
287960000000,0,0,9.81,0,0,-0.004809873789299733,0,0,0,101325,100
287980000000,0,0,9.81,0,0,-0.0016397272785171032,0,0,0,101325,100
288000000000,0,0,9.81,0,0,-0.005530508771893835,0,0,0,101325,100
288020000000,0,0,9.81,0,0,-0.0038155723912364076,0,0,0,101325,100
288040000000,0,0,9.81,0,0,-0.00467375313800571,0,0,0,101325,100
288060000000,0,0,9.81,0,0,-0.0042469871653818886,0,0,0,101325,100
288080000000,0,0,9.81,0,0,-0.0026092561550634216,0,0,0,101325,100
288100000000,0,0,9.81,0,0,-0.004976872024714732,0,0,0,101325,100
288120000000,0,0,9.81,0,0,-0.004353801998906979,0,0,0,101325,100
288140000000,0,0,9.81,0,0,-0.004918324744828397,0,0,0,101325,100
288160000000,0,0,9.81,0,0,-0.005886427523762502,0,0,0,101325,100
288180000000,0,0,9.81,0,0,-0.004645387587623687,0,0,0,101325,100
288200000000,0,0,9.81,0,0,-0.0038457227464832504,0,0,0,101325,100
288220000000,0,0,9.81,0,0,-0.003467209555345399,0,0,0,101325,100
288240000000,0,0,9.81,0,0,-0.003026846813598572,0,0,0,101325,100
288260000000,0,0,9.81,0,0,-0.0061736368644399,0,0,0,101325,100
288280000000,0,0,9.81,0,0,-0.004210817442862803,0,0,0,101325,100
288300000000,0,0,9.81,0,0,-0.004221921036583879,0,0,0,101325,100
288320000000,0,0,9.81,0,0,-0.0037119835843987003,0,0,0,101325,100
288340000000,0,0,9.81,0,0,-0.004734009917396953,0,0,0,101325,100
288360000000,0,0,9.81,0,0,-0.0023122726725223947,0,0,0,101325,100
288380000000,0,0,9.81,0,0,-0.004493312772225967,0,0,0,101325,100
288400000000,0,0,9.81,0,0,-0.005460534383135051,0,0,0,101325,100
288420000000,0,0,9.81,0,0,-0.003937798273576955,0,0,0,101325,100
288440000000,0,0,9.81,0,0,-0.004912366379579882,0,0,0,101325,100
288460000000,0,0,9.81,0,0,-0.0035156496917056997,0,0,0,101325,100
288480000000,0,0,9.81,0,0,-0.005408969781941695,0,0,0,101325,100
288500000000,0,0,9.81,0,0,-0.003770385653750565,0,0,0,101325,100
288520000000,0,0,9.81,0,0,-0.003915210859554151,0,0,0,101325,100
288540000000,0,0,9.81,0,0,-0.0041791989240413255,0,0,0,101325,100
288560000000,0,0,9.81,0,0,-0.002472093691756424,0,0,0,101325,100
288580000000,0,0,9.81,0,0,-0.0037642716807860114,0,0,0,101325,100
288600000000,0,0,9.81,0,0,-0.005251389405316751,0,0,0,101325,100
288620000000,0,0,9.81,0,0,-0.006044756277833198,0,0,0,101325,100
288640000000,0,0,9.81,0,0,-0.0049277566224168855,0,0,0,101325,100
288660000000,0,0,9.81,0,0,-0.004696973502951719,0,0,0,101325,100
288680000000,0,0,9.81,0,0,-0.003652530013649049,0,0,0,101325,100
288700000000,0,0,9.81,0,0,-0.0040536491118182754,0,0,0,101325,100
288720000000,0,0,9.81,0,0,-0.004454800409242475,0,0,0,101325,100
288740000000,0,0,9.81,0,0,-0.0034089683814161912,0,0,0,101325,100
288760000000,0,0,9.81,0,0,-0.004091730219020475,0,0,0,101325,100
288780000000,0,0,9.81,0,0,-0.003231416626653026,0,0,0,101325,100
288800000000,0,0,9.81,0,0,-0.004080861461147772,0,0,0,101325,100
288820000000,0,0,9.81,0,0,-0.004573185808602012,0,0,0,101325,100
288840000000,0,0,9.81,0,0,-0.004769599156241899,0,0,0,101325,100
288860000000,0,0,9.81,0,0,-0.0037653879755975644,0,0,0,101325,100
288880000000,0,0,9.81,0,0,-0.0042369369988886334,0,0,0,101325,100
288900000000,0,0,9.81,0,0,-0.003474921673789038,0,0,0,101325,100
288920000000,0,0,9.81,0,0,-0.004794358658346938,0,0,0,101325,100
288940000000,0,0,9.81,0,0,-0.0032642119061324945,0,0,0,101325,100
288960000000,0,0,9.81,0,0,-0.004976118969098227,0,0,0,101325,100
288980000000,0,0,9.81,0,0,-0.0037279423516653303,0,0,0,101325,100
289000000000,0,0,9.81,0,0,-0.0037711336652323413,0,0,0,101325,100
289020000000,0,0,9.81,0,0,-0.004821783144368403,0,0,0,101325,100
289040000000,0,0,9.81,0,0,-0.003865964871470538,0,0,0,101325,100
289060000000,0,0,9.81,0,0,-0.004297025758362978,0,0,0,101325,100
289080000000,0,0,9.81,0,0,-0.00446708721394795,0,0,0,101325,100
289100000000,0,0,9.81,0,0,-0.005360180246517446,0,0,0,101325,100
289120000000,0,0,9.81,0,0,-0.005413960971843406,0,0,0,101325,100
289140000000,0,0,9.81,0,0,-0.004928069861758761,0,0,0,101325,100
289160000000,0,0,9.81,0,0,-0.004069930430589849,0,0,0,101325,100
289180000000,0,0,9.81,0,0,-0.0038409709796948972,0,0,0,101325,100
289200000000,0,0,9.81,0,0,-0.0032778777695397867,0,0,0,101325,100
289220000000,0,0,9.81,0,0,-0.003653629882658492,0,0,0,101325,100
289240000000,0,0,9.81,0,0,-0.005634008044573246,0,0,0,101325,100
289260000000,0,0,9.81,0,0,-0.00398578796631279,0,0,0,101325,100
289280000000,0,0,9.81,0,0,-0.0033404841782764634,0,0,0,101325,100
289300000000,0,0,9.81,0,0,-0.004359175364818443,0,0,0,101325,100
289320000000,0,0,9.81,0,0,-0.0032577002198344307,0,0,0,101325,100
289340000000,0,0,9.81,0,0,-0.0041342824316885985,0,0,0,101325,100
289360000000,0,0,9.81,0,0,-0.004900488888855992,0,0,0,101325,100
289380000000,0,0,9.81,0,0,-0.003325932526505588,0,0,0,101325,100
289400000000,0,0,9.81,0,0,-0.0062742907151231275,0,0,0,101325,100
289420000000,0,0,9.81,0,0,-0.003839137071407424,0,0,0,101325,100
289440000000,0,0,9.81,0,0,-0.004219673082879093,0,0,0,101325,100
289460000000,0,0,9.81,0,0,-0.004500549606976744,0,0,0,101325,100
289480000000,0,0,9.81,0,0,-0.003633958170510895,0,0,0,101325,100
289500000000,0,0,9.81,0,0,-0.00412816131279858,0,0,0,101325,100
289520000000,0,0,9.81,0,0,-0.004616752561339994,0,0,0,101325,100
289540000000,0,0,9.81,0,0,-0.004986873911051859,0,0,0,101325,100
289560000000,0,0,9.81,0,0,-0.005034512614778424,0,0,0,101325,100
289580000000,0,0,9.81,0,0,-0.004368671496507031,0,0,0,101325,100
289600000000,0,0,9.81,0,0,-0.00419183643307671,0,0,0,101325,100
289620000000,0,0,9.81,0,0,-0.0054294853911625715,0,0,0,101325,100
289640000000,0,0,9.81,0,0,-0.0034787878285292397,0,0,0,101325,100
289660000000,0,0,9.81,0,0,-0.004356250115212013,0,0,0,101325,100
289680000000,0,0,9.81,0,0,-0.005158795003071437,0,0,0,101325,100
289700000000,0,0,9.81,0,0,-0.004868304815740014,0,0,0,101325,100
289720000000,0,0,9.81,0,0,-0.003228226350369016,0,0,0,101325,100
289740000000,0,0,9.81,0,0,-0.004342274436690431,0,0,0,101325,100
289760000000,0,0,9.81,0,0,-0.005359632694587706,0,0,0,101325,100
289780000000,0,0,9.81,0,0,-0.004740742940442175,0,0,0,101325,100
289800000000,0,0,9.81,0,0,-0.0043315602114935925,0,0,0,101325,100
289820000000,0,0,9.81,0,0,-0.0049248427689487645,0,0,0,101325,100
289840000000,0,0,9.81,0,0,-0.003337169579773151,0,0,0,101325,100
289860000000,0,0,9.81,0,0,-0.0043877609302912885,0,0,0,101325,100
289880000000,0,0,9.81,0,0,-0.004855765816567564,0,0,0,101325,100
289900000000,0,0,9.81,0,0,-0.004817710066991839,0,0,0,101325,100
289920000000,0,0,9.81,0,0,-0.003937964913603703,0,0,0,101325,100
289940000000,0,0,9.81,0,0,-0.00456170102591693,0,0,0,101325,100
289960000000,0,0,9.81,0,0,-0.004651573326818592,0,0,0,101325,100
289980000000,0,0,9.81,0,0,-0.004420939767523472,0,0,0,101325,100
290000000000,0,0,9.81,0,0,-0.003417120084623334,0,0,0,101325,100
290020000000,0,0,9.81,0,0,-0.004000411767150819,0,0,0,101325,100
290040000000,0,0,9.81,0,0,-0.003259264037538739,0,0,0,101325,100
290060000000,0,0,9.81,0,0,-0.004624845873712624,0,0,0,101325,100
290080000000,0,0,9.81,0,0,-0.004276457165583324,0,0,0,101325,100
290100000000,0,0,9.81,0,0,-0.005838191596611303,0,0,0,101325,100
290120000000,0,0,9.81,0,0,-0.00463597870137876,0,0,0,101325,100
290140000000,0,0,9.81,0,0,-0.004108717685769052,0,0,0,101325,100
290160000000,0,0,9.81,0,0,-0.005260435948668867,0,0,0,101325,100
290180000000,0,0,9.81,0,0,-0.004585241192601423,0,0,0,101325,100
290200000000,0,0,9.81,0,0,-0.004653406088647377,0,0,0,101325,100
290220000000,0,0,9.81,0,0,-0.0033663481266348856,0,0,0,101325,100
290240000000,0,0,9.81,0,0,-0.0052018371137887145,0,0,0,101325,100
290260000000,0,0,9.81,0,0,-0.0033764028653262227,0,0,0,101325,100
290280000000,0,0,9.81,0,0,-0.003103374936199662,0,0,0,101325,100
290300000000,0,0,9.81,0,0,-0.005007003170502971,0,0,0,101325,100
290320000000,0,0,9.81,0,0,-0.004213863608278933,0,0,0,101325,100
290340000000,0,0,9.81,0,0,-0.0036051943809187535,0,0,0,101325,100
290360000000,0,0,9.81,0,0,-0.003606475075753277,0,0,0,101325,100
290380000000,0,0,9.81,0,0,-0.005368107820008957,0,0,0,101325,100
290400000000,0,0,9.81,0,0,-0.004436860062754846,0,0,0,101325,100
290420000000,0,0,9.81,0,0,-0.0034353886707108477,0,0,0,101325,100
290440000000,0,0,9.81,0,0,-0.004505894787338246,0,0,0,101325,100
290460000000,0,0,9.81,0,0,-0.0037323500076298466,0,0,0,101325,100
290480000000,0,0,9.81,0,0,-0.005109179941348296,0,0,0,101325,100
290500000000,0,0,9.81,0,0,-0.0027382117852903474,0,0,0,101325,100
290520000000,0,0,9.81,0,0,-0.004656120081786065,0,0,0,101325,100
290540000000,0,0,9.81,0,0,-0.002684418582161564,0,0,0,101325,100
290560000000,0,0,9.81,0,0,-0.005058360547633052,0,0,0,101325,100
290580000000,0,0,9.81,0,0,-0.0020666833782496765,0,0,0,101325,100
290600000000,0,0,9.81,0,0,-0.004499274743517527,0,0,0,101325,100
290620000000,0,0,9.81,0,0,-0.005207276815769232,0,0,0,101325,100
290640000000,0,0,9.81,0,0,-0.0037003489522568185,0,0,0,101325,100
290660000000,0,0,9.81,0,0,-0.0020609331021577046,0,0,0,101325,100
290680000000,0,0,9.81,0,0,-0.0038772384860852006,0,0,0,101325,100
290700000000,0,0,9.81,0,0,-0.0037636336305225176,0,0,0,101325,100
290720000000,0,0,9.81,0,0,-0.005017571399584924,0,0,0,101325,100
290740000000,0,0,9.81,0,0,-0.0037291647333032247,0,0,0,101325,100
290760000000,0,0,9.81,0,0,-0.004071366056965765,0,0,0,101325,100
290780000000,0,0,9.81,0,0,-0.0038729699442456834,0,0,0,101325,100
290800000000,0,0,9.81,0,0,-0.00310463221531947,0,0,0,101325,100
290820000000,0,0,9.81,0,0,-0.0022285242228864523,0,0,0,101325,100
290840000000,0,0,9.81,0,0,-0.002009364943931528,0,0,0,101325,100
290860000000,0,0,9.81,0,0,-0.00529281192656096,0,0,0,101325,100
290880000000,0,0,9.81,0,0,-0.0031505158598340486,0,0,0,101325,100
290900000000,0,0,9.81,0,0,-0.004333598395943732,0,0,0,101325,100
290920000000,0,0,9.81,0,0,-0.003475164549478791,0,0,0,101325,100
290940000000,0,0,9.81,0,0,-0.005055582906325022,0,0,0,101325,100
290960000000,0,0,9.81,0,0,-0.004916662312331903,0,0,0,101325,100
290980000000,0,0,9.81,0,0,-0.0027288416310085528,0,0,0,101325,100
291000000000,0,0,9.81,0,0,-0.004872247348462381,0,0,0,101325,100
291020000000,0,0,9.81,0,0,-0.0035578925645990884,0,0,0,101325,100
291040000000,0,0,9.81,0,0,-0.004108879221675629,0,0,0,101325,100
291060000000,0,0,9.81,0,0,-0.004744148442440704,0,0,0,101325,100
291080000000,0,0,9.81,0,0,-0.003979624381903565,0,0,0,101325,100
291100000000,0,0,9.81,0,0,-0.005051443271121636,0,0,0,101325,100
291120000000,0,0,9.81,0,0,-0.0024200217519679346,0,0,0,101325,100
291140000000,0,0,9.81,0,0,-0.0031578144052099417,0,0,0,101325,100
291160000000,0,0,9.81,0,0,-0.003781780928044874,0,0,0,101325,100
291180000000,0,0,9.81,0,0,-0.0050755876948662855,0,0,0,101325,100
291200000000,0,0,9.81,0,0,-0.00426058433670436,0,0,0,101325,100
291220000000,0,0,9.81,0,0,-0.0038339251749411438,0,0,0,101325,100
291240000000,0,0,9.81,0,0,-0.004494408003142371,0,0,0,101325,100
291260000000,0,0,9.81,0,0,-0.004001803287394154,0,0,0,101325,100
291280000000,0,0,9.81,0,0,-0.004519619582006658,0,0,0,101325,100
291300000000,0,0,9.81,0,0,-0.004283574662039928,0,0,0,101325,100
291320000000,0,0,9.81,0,0,-0.001910071602296095,0,0,0,101325,100
291340000000,0,0,9.81,0,0,-0.004088527805243186,0,0,0,101325,100
291360000000,0,0,9.81,0,0,-0.004456722234492529,0,0,0,101325,100
291380000000,0,0,9.81,0,0,-0.0026838709438583956,0,0,0,101325,100
291400000000,0,0,9.81,0,0,-0.005059544769466204,0,0,0,101325,100
291420000000,0,0,9.81,0,0,-0.0037339651038592906,0,0,0,101325,100
291440000000,0,0,9.81,0,0,-0.0023837001501917044,0,0,0,101325,100
291460000000,0,0,9.81,0,0,-0.005708290178981218,0,0,0,101325,100
291480000000,0,0,9.81,0,0,-0.005381865300847271,0,0,0,101325,100
291500000000,0,0,9.81,0,0,-0.004408663176353833,0,0,0,101325,100
291520000000,0,0,9.81,0,0,-0.004557188928716823,0,0,0,101325,100
291540000000,0,0,9.81,0,0,-0.0051233830556920365,0,0,0,101325,100
291560000000,0,0,9.81,0,0,-0.0039993425292957786,0,0,0,101325,100
291580000000,0,0,9.81,0,0,-0.006187295207585139,0,0,0,101325,100
291600000000,0,0,9.81,0,0,-0.004549657604710482,0,0,0,101325,100
291620000000,0,0,9.81,0,0,-0.003448276261369507,0,0,0,101325,100
291640000000,0,0,9.81,0,0,-0.004206833172154074,0,0,0,101325,100
291660000000,0,0,9.81,0,0,-0.004344342833485275,0,0,0,101325,100
291680000000,0,0,9.81,0,0,-0.0033884182875326533,0,0,0,101325,100
291700000000,0,0,9.81,0,0,-0.002075145973108725,0,0,0,101325,100
291720000000,0,0,9.81,0,0,-0.003576217911579499,0,0,0,101325,100
291740000000,0,0,9.81,0,0,-0.004646593133886371,0,0,0,101325,100
291760000000,0,0,9.81,0,0,-0.005191219583505409,0,0,0,101325,100
291780000000,0,0,9.81,0,0,-0.002852555748342394,0,0,0,101325,100
291800000000,0,0,9.81,0,0,-0.0036170872740495068,0,0,0,101325,100
291820000000,0,0,9.81,0,0,-0.003605719625375847,0,0,0,101325,100
291840000000,0,0,9.81,0,0,-0.0039356806877880405,0,0,0,101325,100
291860000000,0,0,9.81,0,0,-0.0020599336243757927,0,0,0,101325,100
291880000000,0,0,9.81,0,0,-0.003840774072604761,0,0,0,101325,100
291900000000,0,0,9.81,0,0,-0.004537099348598858,0,0,0,101325,100
291920000000,0,0,9.81,0,0,-0.006050713972990889,0,0,0,101325,100
291940000000,0,0,9.81,0,0,-0.0047078757941921715,0,0,0,101325,100
291960000000,0,0,9.81,0,0,-0.0033977478288023267,0,0,0,101325,100
291980000000,0,0,9.81,0,0,-0.002597129731085908,0,0,0,101325,100
292000000000,0,0,9.81,0,0,-0.003927807754855732,0,0,0,101325,100
292020000000,0,0,9.81,0,0,-0.0035792513952091574,0,0,0,101325,100
292040000000,0,0,9.81,0,0,-0.0030070247629939715,0,0,0,101325,100
292060000000,0,0,9.81,0,0,-0.003893442723946867,0,0,0,101325,100
292080000000,0,0,9.81,0,0,-0.0042877776474906735,0,0,0,101325,100
292100000000,0,0,9.81,0,0,-0.004366792564078479,0,0,0,101325,100
292120000000,0,0,9.81,0,0,-0.004445311947129785,0,0,0,101325,100
292140000000,0,0,9.81,0,0,-0.004467959324408151,0,0,0,101325,100
292160000000,0,0,9.81,0,0,-0.004094269062755967,0,0,0,101325,100
292180000000,0,0,9.81,0,0,-0.004797578873830111,0,0,0,101325,100
292200000000,0,0,9.81,0,0,-0.004560519904065074,0,0,0,101325,100
292220000000,0,0,9.81,0,0,-0.003733715336258103,0,0,0,101325,100
292240000000,0,0,9.81,0,0,-0.005295238822768137,0,0,0,101325,100
292260000000,0,0,9.81,0,0,-0.002610275183714743,0,0,0,101325,100
292280000000,0,0,9.81,0,0,-0.002812899912685598,0,0,0,101325,100
292300000000,0,0,9.81,0,0,-0.004162641871805954,0,0,0,101325,100
292320000000,0,0,9.81,0,0,-0.0047658914193302575,0,0,0,101325,100
292340000000,0,0,9.81,0,0,-0.0041232528371130716,0,0,0,101325,100
292360000000,0,0,9.81,0,0,-0.00408460344957138,0,0,0,101325,100
292380000000,0,0,9.81,0,0,-0.005405416840241283,0,0,0,101325,100
292400000000,0,0,9.81,0,0,-0.0045830512883170815,0,0,0,101325,100
292420000000,0,0,9.81,0,0,-0.004514975365635885,0,0,0,101325,100
292440000000,0,0,9.81,0,0,-0.004198472965185193,0,0,0,101325,100
292460000000,0,0,9.81,0,0,-0.004572425730264006,0,0,0,101325,100
292480000000,0,0,9.81,0,0,-0.004065464025846785,0,0,0,101325,100
292500000000,0,0,9.81,0,0,-0.004304210766500352,0,0,0,101325,100
292520000000,0,0,9.81,0,0,-0.0041448148303688676,0,0,0,101325,100
292540000000,0,0,9.81,0,0,-0.0050629371040834936,0,0,0,101325,100
292560000000,0,0,9.81,0,0,-0.004744341287770106,0,0,0,101325,100
292580000000,0,0,9.81,0,0,-0.004109644583625703,0,0,0,101325,100
292600000000,0,0,9.81,0,0,-0.004158016807638434,0,0,0,101325,100
292620000000,0,0,9.81,0,0,-0.0028400020636776004,0,0,0,101325,100
292640000000,0,0,9.81,0,0,-0.0030686696672078346,0,0,0,101325,100
292660000000,0,0,9.81,0,0,-0.0045887897828471285,0,0,0,101325,100
292680000000,0,0,9.81,0,0,-0.004994640034336435,0,0,0,101325,100
292700000000,0,0,9.81,0,0,-0.004390677150484865,0,0,0,101325,100
292720000000,0,0,9.81,0,0,-0.004895561006591172,0,0,0,101325,100
292740000000,0,0,9.81,0,0,-0.005146533954193641,0,0,0,101325,100
292760000000,0,0,9.81,0,0,-0.0036375408588410077,0,0,0,101325,100
292780000000,0,0,9.81,0,0,-0.004129650084250439,0,0,0,101325,100
292800000000,0,0,9.81,0,0,-0.004170244854069836,0,0,0,101325,100
292820000000,0,0,9.81,0,0,-0.005844054733825427,0,0,0,101325,100
292840000000,0,0,9.81,0,0,-0.002926671178521978,0,0,0,101325,100
292860000000,0,0,9.81,0,0,-0.0038366808271558003,0,0,0,101325,100
292880000000,0,0,9.81,0,0,-0.005107846991349218,0,0,0,101325,100
292900000000,0,0,9.81,0,0,-0.005080778334045601,0,0,0,101325,100
292920000000,0,0,9.81,0,0,-0.0037316498385234257,0,0,0,101325,100
292940000000,0,0,9.81,0,0,-0.005234226323372406,0,0,0,101325,100
292960000000,0,0,9.81,0,0,-0.003233105950977729,0,0,0,101325,100
292980000000,0,0,9.81,0,0,-0.002304108048393508,0,0,0,101325,100
293000000000,0,0,9.81,0,0,-0.003847561300470256,0,0,0,101325,100
293020000000,0,0,9.81,0,0,-0.0038092254395658363,0,0,0,101325,100
293040000000,0,0,9.81,0,0,-0.004431600796811488,0,0,0,101325,100
293060000000,0,0,9.81,0,0,-0.003767878171751244,0,0,0,101325,100
293080000000,0,0,9.81,0,0,-0.0037321549818094732,0,0,0,101325,100
293100000000,0,0,9.81,0,0,-0.0046975314838596125,0,0,0,101325,100
293120000000,0,0,9.81,0,0,-0.003467401570165487,0,0,0,101325,100
293140000000,0,0,9.81,0,0,-0.0026284277756633387,0,0,0,101325,100
293160000000,0,0,9.81,0,0,-0.005526383489291771,0,0,0,101325,100
293180000000,0,0,9.81,0,0,-0.004279110972541798,0,0,0,101325,100
293200000000,0,0,9.81,0,0,-0.004058420493271753,0,0,0,101325,100
293220000000,0,0,9.81,0,0,-0.005145569757145183,0,0,0,101325,100
293240000000,0,0,9.81,0,0,-0.00468012209327695,0,0,0,101325,100
293260000000,0,0,9.81,0,0,-0.0017080469634192016,0,0,0,101325,100
293280000000,0,0,9.81,0,0,-0.003961598121100728,0,0,0,101325,100
293300000000,0,0,9.81,0,0,-0.00667942704112778,0,0,0,101325,100
293320000000,0,0,9.81,0,0,-0.004533423248008255,0,0,0,101325,100
293340000000,0,0,9.81,0,0,-0.00442237720039238,0,0,0,101325,100
293360000000,0,0,9.81,0,0,-0.005145674652881773,0,0,0,101325,100
293380000000,0,0,9.81,0,0,-0.003487195654041858,0,0,0,101325,100
293400000000,0,0,9.81,0,0,-0.00310754344079514,0,0,0,101325,100
293420000000,0,0,9.81,0,0,-0.005579844298830579,0,0,0,101325,100
293440000000,0,0,9.81,0,0,-0.0039641500304200316,0,0,0,101325,100
293460000000,0,0,9.81,0,0,-0.004274627936561937,0,0,0,101325,100
293480000000,0,0,9.81,0,0,-0.0034568022372582575,0,0,0,101325,100
293500000000,0,0,9.81,0,0,-0.0032548404867732486,0,0,0,101325,100
293520000000,0,0,9.81,0,0,-0.004527748316172622,0,0,0,101325,100
293540000000,0,0,9.81,0,0,-0.004210923546506906,0,0,0,101325,100
293560000000,0,0,9.81,0,0,-0.004398401291687149,0,0,0,101325,100
293580000000,0,0,9.81,0,0,-0.0028503651792572645,0,0,0,101325,100
293600000000,0,0,9.81,0,0,-0.003149866050029972,0,0,0,101325,100
293620000000,0,0,9.81,0,0,-0.00468978007834965,0,0,0,101325,100
293640000000,0,0,9.81,0,0,-0.004327667686429851,0,0,0,101325,100
293660000000,0,0,9.81,0,0,-0.004720440936805781,0,0,0,101325,100
293680000000,0,0,9.81,0,0,-0.004488906221558545,0,0,0,101325,100
293700000000,0,0,9.81,0,0,-0.00492551261010542,0,0,0,101325,100
293720000000,0,0,9.81,0,0,-0.003976523878874745,0,0,0,101325,100
293740000000,0,0,9.81,0,0,-0.003977254314774677,0,0,0,101325,100
293760000000,0,0,9.81,0,0,-0.005211649626521587,0,0,0,101325,100
293780000000,0,0,9.81,0,0,-0.004523057420806697,0,0,0,101325,100
293800000000,0,0,9.81,0,0,-0.004554401204848895,0,0,0,101325,100
293820000000,0,0,9.81,0,0,-0.003673279031063813,0,0,0,101325,100
293840000000,0,0,9.81,0,0,-0.005167983507242768,0,0,0,101325,100
293860000000,0,0,9.81,0,0,-0.0022318559358363885,0,0,0,101325,100
293880000000,0,0,9.81,0,0,-0.003916843692310643,0,0,0,101325,100
293900000000,0,0,9.81,0,0,-0.0033010094632658386,0,0,0,101325,100
293920000000,0,0,9.81,0,0,-0.004506183751761488,0,0,0,101325,100
293940000000,0,0,9.81,0,0,-0.003730792790802068,0,0,0,101325,100
293960000000,0,0,9.81,0,0,-0.004296058595365046,0,0,0,101325,100
293980000000,0,0,9.81,0,0,-0.005532462905419104,0,0,0,101325,100
294000000000,0,0,9.81,0,0,-0.004808548534025893,0,0,0,101325,100
294020000000,0,0,9.81,0,0,-0.0036993167046723554,0,0,0,101325,100
294040000000,0,0,9.81,0,0,-0.006145309323926948,0,0,0,101325,100
294060000000,0,0,9.81,0,0,-0.0059655947490704865,0,0,0,101325,100
294080000000,0,0,9.81,0,0,-0.0030307194493662706,0,0,0,101325,100
294100000000,0,0,9.81,0,0,-0.0033439269154776985,0,0,0,101325,100
294120000000,0,0,9.81,0,0,-0.0056049981722413175,0,0,0,101325,100
294140000000,0,0,9.81,0,0,-0.002998865277629407,0,0,0,101325,100
294160000000,0,0,9.81,0,0,-0.0054146933123953465,0,0,0,101325,100
294180000000,0,0,9.81,0,0,-0.0039863162496224114,0,0,0,101325,100
294200000000,0,0,9.81,0,0,-0.0035996760763122877,0,0,0,101325,100
294220000000,0,0,9.81,0,0,-0.002275564343505839,0,0,0,101325,100
294240000000,0,0,9.81,0,0,-0.004659710034887175,0,0,0,101325,100
294260000000,0,0,9.81,0,0,-0.004545949020160246,0,0,0,101325,100
294280000000,0,0,9.81,0,0,-0.0022946304533522687,0,0,0,101325,100
294300000000,0,0,9.81,0,0,-0.0034259418289596657,0,0,0,101325,100
294320000000,0,0,9.81,0,0,-0.004146559789372384,0,0,0,101325,100
294340000000,0,0,9.81,0,0,-0.003152209738384697,0,0,0,101325,100
294360000000,0,0,9.81,0,0,-0.003661674541221194,0,0,0,101325,100
294380000000,0,0,9.81,0,0,-0.0055595105262297405,0,0,0,101325,100
294400000000,0,0,9.81,0,0,-0.004810160553070168,0,0,0,101325,100
294420000000,0,0,9.81,0,0,-0.004082061061124974,0,0,0,101325,100
294440000000,0,0,9.81,0,0,-0.003866104813753899,0,0,0,101325,100
294460000000,0,0,9.81,0,0,-0.004224901128461996,0,0,0,101325,100
294480000000,0,0,9.81,0,0,-0.003802784524512138,0,0,0,101325,100
294500000000,0,0,9.81,0,0,-0.00393331810242881,0,0,0,101325,100
294520000000,0,0,9.81,0,0,-0.004167335811972121,0,0,0,101325,100
294540000000,0,0,9.81,0,0,-0.0038730222678210894,0,0,0,101325,100
294560000000,0,0,9.81,0,0,-0.0037814921105465103,0,0,0,101325,100
294580000000,0,0,9.81,0,0,-0.005893466136905352,0,0,0,101325,100
294600000000,0,0,9.81,0,0,-0.005524206748188651,0,0,0,101325,100
294620000000,0,0,9.81,0,0,-0.0031452936864568405,0,0,0,101325,100
294640000000,0,0,9.81,0,0,-0.004800857158979862,0,0,0,101325,100
294660000000,0,0,9.81,0,0,-0.004948151545919167,0,0,0,101325,100
294680000000,0,0,9.81,0,0,-0.0052380846693406225,0,0,0,101325,100
294700000000,0,0,9.81,0,0,-0.004979596818849644,0,0,0,101325,100
294720000000,0,0,9.81,0,0,-0.004299019076066965,0,0,0,101325,100
294740000000,0,0,9.81,0,0,-0.003466953619338414,0,0,0,101325,100
294760000000,0,0,9.81,0,0,-0.00306137667781302,0,0,0,101325,100
294780000000,0,0,9.81,0,0,-0.00325475525631105,0,0,0,101325,100
294800000000,0,0,9.81,0,0,-0.004032134115516379,0,0,0,101325,100
294820000000,0,0,9.81,0,0,-0.003691206733428251,0,0,0,101325,100
294840000000,0,0,9.81,0,0,-0.004689317000155523,0,0,0,101325,100
294860000000,0,0,9.81,0,0,-0.003216485372197292,0,0,0,101325,100
294880000000,0,0,9.81,0,0,-0.0032287518741336185,0,0,0,101325,100
294900000000,0,0,9.81,0,0,-0.003646316716307664,0,0,0,101325,100
294920000000,0,0,9.81,0,0,-0.003790743407575917,0,0,0,101325,100
294940000000,0,0,9.81,0,0,-0.004030592523131115,0,0,0,101325,100
294960000000,0,0,9.81,0,0,-0.005190935052565109,0,0,0,101325,100
294980000000,0,0,9.81,0,0,-0.004261163309588925,0,0,0,101325,100
295000000000,0,0,9.81,0,0,-0.0026127164004534583,0,0,0,101325,100
295020000000,0,0,9.81,0,0,-0.003138134952784005,0,0,0,101325,100
295040000000,0,0,9.81,0,0,-0.003954761767225254,0,0,0,101325,100
295060000000,0,0,9.81,0,0,-0.003490753314665457,0,0,0,101325,100
295080000000,0,0,9.81,0,0,-0.0021837240688649326,0,0,0,101325,100
295100000000,0,0,9.81,0,0,-0.004983637492714763,0,0,0,101325,100
295120000000,0,0,9.81,0,0,-0.003977890909500633,0,0,0,101325,100
295140000000,0,0,9.81,0,0,-0.003620268983680855,0,0,0,101325,100
295160000000,0,0,9.81,0,0,-0.003057441985774194,0,0,0,101325,100
295180000000,0,0,9.81,0,0,-0.004137648887311793,0,0,0,101325,100
295200000000,0,0,9.81,0,0,-0.0038763056368207598,0,0,0,101325,100
295220000000,0,0,9.81,0,0,-0.005451634697880863,0,0,0,101325,100
295240000000,0,0,9.81,0,0,-0.003348727897048689,0,0,0,101325,100
295260000000,0,0,9.81,0,0,-0.005541718027332077,0,0,0,101325,100
295280000000,0,0,9.81,0,0,-0.003559267051805311,0,0,0,101325,100
295300000000,0,0,9.81,0,0,-0.004391668513809893,0,0,0,101325,100
295320000000,0,0,9.81,0,0,-0.0038747990635098323,0,0,0,101325,100
295340000000,0,0,9.81,0,0,-0.004312425496758865,0,0,0,101325,100
295360000000,0,0,9.81,0,0,-0.003726556809564735,0,0,0,101325,100
295380000000,0,0,9.81,0,0,-0.00548007582061125,0,0,0,101325,100
295400000000,0,0,9.81,0,0,-0.003851936813198788,0,0,0,101325,100
295420000000,0,0,9.81,0,0,-0.0036065944363936515,0,0,0,101325,100
295440000000,0,0,9.81,0,0,-0.0056374554349932346,0,0,0,101325,100
295460000000,0,0,9.81,0,0,-0.004523576173317034,0,0,0,101325,100
295480000000,0,0,9.81,0,0,-0.005908384656731934,0,0,0,101325,100
295500000000,0,0,9.81,0,0,-0.0045614313842244165,0,0,0,101325,100
295520000000,0,0,9.81,0,0,-0.0049172048032809475,0,0,0,101325,100
295540000000,0,0,9.81,0,0,-0.004629588300927518,0,0,0,101325,100
295560000000,0,0,9.81,0,0,-0.004510001294423562,0,0,0,101325,100
295580000000,0,0,9.81,0,0,-0.002415219462486606,0,0,0,101325,100
295600000000,0,0,9.81,0,0,-0.004223526122888745,0,0,0,101325,100
295620000000,0,0,9.81,0,0,-0.004925086053762516,0,0,0,101325,100
295640000000,0,0,9.81,0,0,-0.0029621119213221903,0,0,0,101325,100
295660000000,0,0,9.81,0,0,-0.0037663768363633593,0,0,0,101325,100
295680000000,0,0,9.81,0,0,-0.002541788089619817,0,0,0,101325,100
295700000000,0,0,9.81,0,0,-0.004407666486747289,0,0,0,101325,100
295720000000,0,0,9.81,0,0,-0.0036836671916615545,0,0,0,101325,100
295740000000,0,0,9.81,0,0,-0.0033995654709394188,0,0,0,101325,100
295760000000,0,0,9.81,0,0,-0.003377567699380767,0,0,0,101325,100
295780000000,0,0,9.81,0,0,-0.005358652726563301,0,0,0,101325,100
295800000000,0,0,9.81,0,0,-0.005756580787891543,0,0,0,101325,100
295820000000,0,0,9.81,0,0,-0.004379468897208067,0,0,0,101325,100
295840000000,0,0,9.81,0,0,-0.004330710960693375,0,0,0,101325,100
295860000000,0,0,9.81,0,0,-0.0054338375279262075,0,0,0,101325,100
295880000000,0,0,9.81,0,0,-0.004036810515408869,0,0,0,101325,100
295900000000,0,0,9.81,0,0,-0.004127876391985766,0,0,0,101325,100
295920000000,0,0,9.81,0,0,-0.0029288748270458083,0,0,0,101325,100
295940000000,0,0,9.81,0,0,-0.004784042357967672,0,0,0,101325,100
295960000000,0,0,9.81,0,0,-0.0037987236127816192,0,0,0,101325,100
295980000000,0,0,9.81,0,0,-0.0035538862225986158,0,0,0,101325,100
296000000000,0,0,9.81,0,0,-0.0036113907086218725,0,0,0,101325,100
296020000000,0,0,9.81,0,0,-0.005475267343342126,0,0,0,101325,100
296040000000,0,0,9.81,0,0,-0.0051911802593791224,0,0,0,101325,100
296060000000,0,0,9.81,0,0,-0.003945753662153223,0,0,0,101325,100
296080000000,0,0,9.81,0,0,-0.004084395278000331,0,0,0,101325,100
296100000000,0,0,9.81,0,0,-0.003154423284721565,0,0,0,101325,100
296120000000,0,0,9.81,0,0,-0.004380886690335258,0,0,0,101325,100
296140000000,0,0,9.81,0,0,-0.0049121362374062415,0,0,0,101325,100
296160000000,0,0,9.81,0,0,-0.004438323360711983,0,0,0,101325,100
296180000000,0,0,9.81,0,0,-0.0033008314953996993,0,0,0,101325,100
296200000000,0,0,9.81,0,0,-0.005181068812836184,0,0,0,101325,100
296220000000,0,0,9.81,0,0,-0.004601091515341166,0,0,0,101325,100
296240000000,0,0,9.81,0,0,-0.0038140147281939397,0,0,0,101325,100
296260000000,0,0,9.81,0,0,-0.004974316781917817,0,0,0,101325,100
296280000000,0,0,9.81,0,0,-0.0031525811320525904,0,0,0,101325,100
296300000000,0,0,9.81,0,0,-0.0030466428023066382,0,0,0,101325,100
296320000000,0,0,9.81,0,0,-0.0028225254269134154,0,0,0,101325,100
296340000000,0,0,9.81,0,0,-0.003952708296641765,0,0,0,101325,100
296360000000,0,0,9.81,0,0,-0.0012660073968826877,0,0,0,101325,100
296380000000,0,0,9.81,0,0,-0.00506577289905655,0,0,0,101325,100
296400000000,0,0,9.81,0,0,-0.004196856256225703,0,0,0,101325,100
296420000000,0,0,9.81,0,0,-0.003163649311267069,0,0,0,101325,100
296440000000,0,0,9.81,0,0,-0.004107803326510698,0,0,0,101325,100
296460000000,0,0,9.81,0,0,-0.005494870636038566,0,0,0,101325,100
296480000000,0,0,9.81,0,0,-0.003985060295796725,0,0,0,101325,100
296500000000,0,0,9.81,0,0,-0.005726219253205446,0,0,0,101325,100
296520000000,0,0,9.81,0,0,-0.0036480872190907477,0,0,0,101325,100
296540000000,0,0,9.81,0,0,-0.004062501374693867,0,0,0,101325,100
296560000000,0,0,9.81,0,0,-0.0028492331450799438,0,0,0,101325,100
296580000000,0,0,9.81,0,0,-0.0039793902176392,0,0,0,101325,100
296600000000,0,0,9.81,0,0,-0.004209862367973717,0,0,0,101325,100
296620000000,0,0,9.81,0,0,-0.002914864348319628,0,0,0,101325,100
296640000000,0,0,9.81,0,0,-0.003917206502778556,0,0,0,101325,100
296660000000,0,0,9.81,0,0,-0.0047970568083144476,0,0,0,101325,100
296680000000,0,0,9.81,0,0,-0.004473906631144378,0,0,0,101325,100
296700000000,0,0,9.81,0,0,-0.00329320863709959,0,0,0,101325,100
296720000000,0,0,9.81,0,0,-0.004141508925823372,0,0,0,101325,100
296740000000,0,0,9.81,0,0,-0.005025607441139358,0,0,0,101325,100
296760000000,0,0,9.81,0,0,-0.004791948283661835,0,0,0,101325,100
296780000000,0,0,9.81,0,0,-0.0028090627680178296,0,0,0,101325,100
296800000000,0,0,9.81,0,0,-0.0026156735854612036,0,0,0,101325,100
296820000000,0,0,9.81,0,0,-0.004972637743234722,0,0,0,101325,100
296840000000,0,0,9.81,0,0,-0.004408302060788377,0,0,0,101325,100
296860000000,0,0,9.81,0,0,-0.0037064914758601327,0,0,0,101325,100
296880000000,0,0,9.81,0,0,-0.004678485507552403,0,0,0,101325,100
296900000000,0,0,9.81,0,0,-0.0030569495132249484,0,0,0,101325,100
296920000000,0,0,9.81,0,0,-0.004041765215812104,0,0,0,101325,100
296940000000,0,0,9.81,0,0,-0.0041112861917093225,0,0,0,101325,100
296960000000,0,0,9.81,0,0,-0.005860498917405114,0,0,0,101325,100
296980000000,0,0,9.81,0,0,-0.004208194476592825,0,0,0,101325,100
297000000000,0,0,9.81,0,0,-0.00474547778473852,0,0,0,101325,100
297020000000,0,0,9.81,0,0,-0.004225540814102659,0,0,0,101325,100
297040000000,0,0,9.81,0,0,-0.004624061306504884,0,0,0,101325,100
297060000000,0,0,9.81,0,0,-0.0031798757870227547,0,0,0,101325,100
297080000000,0,0,9.81,0,0,-0.005013099261875631,0,0,0,101325,100
297100000000,0,0,9.81,0,0,-0.00371404763613805,0,0,0,101325,100
297120000000,0,0,9.81,0,0,-0.003953018270408752,0,0,0,101325,100
297140000000,0,0,9.81,0,0,-0.005466795062374022,0,0,0,101325,100
297160000000,0,0,9.81,0,0,-0.0049037366998421535,0,0,0,101325,100
297180000000,0,0,9.81,0,0,-0.005199336306372107,0,0,0,101325,100
297200000000,0,0,9.81,0,0,-0.004610767912378985,0,0,0,101325,100
297220000000,0,0,9.81,0,0,-0.004646663450031577,0,0,0,101325,100
297240000000,0,0,9.81,0,0,-0.005367299690851966,0,0,0,101325,100
297260000000,0,0,9.81,0,0,-0.002977028320653605,0,0,0,101325,100
297280000000,0,0,9.81,0,0,-0.0039414659684846726,0,0,0,101325,100
297300000000,0,0,9.81,0,0,-0.005266211261530671,0,0,0,101325,100
297320000000,0,0,9.81,0,0,-0.003927823062379619,0,0,0,101325,100
297340000000,0,0,9.81,0,0,-0.0037031505362479823,0,0,0,101325,100
297360000000,0,0,9.81,0,0,-0.003330371294164714,0,0,0,101325,100
297380000000,0,0,9.81,0,0,-0.0041987636404489026,0,0,0,101325,100
297400000000,0,0,9.81,0,0,-0.004937823463068052,0,0,0,101325,100
297420000000,0,0,9.81,0,0,-0.004955164324880151,0,0,0,101325,100
297440000000,0,0,9.81,0,0,-0.005281576304041897,0,0,0,101325,100
297460000000,0,0,9.81,0,0,-0.004135724192176817,0,0,0,101325,100
297480000000,0,0,9.81,0,0,-0.004788019665270009,0,0,0,101325,100
297500000000,0,0,9.81,0,0,-0.004003878153991369,0,0,0,101325,100
297520000000,0,0,9.81,0,0,-0.0044232930191071326,0,0,0,101325,100
297540000000,0,0,9.81,0,0,-0.0037714010177943478,0,0,0,101325,100
297560000000,0,0,9.81,0,0,-0.004098526439483853,0,0,0,101325,100
297580000000,0,0,9.81,0,0,-0.005251306635255547,0,0,0,101325,100
297600000000,0,0,9.81,0,0,-0.0045790354931551066,0,0,0,101325,100
297620000000,0,0,9.81,0,0,-0.00551092125591579,0,0,0,101325,100
297640000000,0,0,9.81,0,0,-0.0052907505484523915,0,0,0,101325,100
297660000000,0,0,9.81,0,0,-0.0037114915472475692,0,0,0,101325,100
297680000000,0,0,9.81,0,0,-0.0052627961942905465,0,0,0,101325,100
297700000000,0,0,9.81,0,0,-0.0053553267790614105,0,0,0,101325,100
297720000000,0,0,9.81,0,0,-0.0042111481825264615,0,0,0,101325,100
297740000000,0,0,9.81,0,0,-0.004474333731974132,0,0,0,101325,100
297760000000,0,0,9.81,0,0,-0.005365452713555274,0,0,0,101325,100
297780000000,0,0,9.81,0,0,-0.005477299012868454,0,0,0,101325,100
297800000000,0,0,9.81,0,0,-0.0028943961023612506,0,0,0,101325,100
297820000000,0,0,9.81,0,0,-0.0038773882794238008,0,0,0,101325,100
297840000000,0,0,9.81,0,0,-0.003547970510914742,0,0,0,101325,100
297860000000,0,0,9.81,0,0,-0.004344810845922638,0,0,0,101325,100
297880000000,0,0,9.81,0,0,-0.004904448540465753,0,0,0,101325,100
297900000000,0,0,9.81,0,0,-0.004184459632081553,0,0,0,101325,100
297920000000,0,0,9.81,0,0,-0.0035102683029486752,0,0,0,101325,100
297940000000,0,0,9.81,0,0,-0.0036159481607049536,0,0,0,101325,100
297960000000,0,0,9.81,0,0,-0.003498604090485376,0,0,0,101325,100
297980000000,0,0,9.81,0,0,-0.004475592498967293,0,0,0,101325,100
298000000000,0,0,9.81,0,0,-0.003744765280060005,0,0,0,101325,100
298020000000,0,0,9.81,0,0,-0.0045729579580744755,0,0,0,101325,100
298040000000,0,0,9.81,0,0,-0.004759446186098462,0,0,0,101325,100
298060000000,0,0,9.81,0,0,-0.004416470438389205,0,0,0,101325,100
298080000000,0,0,9.81,0,0,-0.0036774280414709377,0,0,0,101325,100
298100000000,0,0,9.81,0,0,-0.004070502692464095,0,0,0,101325,100
298120000000,0,0,9.81,0,0,-0.0038389095913352227,0,0,0,101325,100
298140000000,0,0,9.81,0,0,-0.0047025991007476845,0,0,0,101325,100
298160000000,0,0,9.81,0,0,-0.0033911730740194515,0,0,0,101325,100
298180000000,0,0,9.81,0,0,-0.0029987640478275853,0,0,0,101325,100
298200000000,0,0,9.81,0,0,-0.004692746820125326,0,0,0,101325,100
298220000000,0,0,9.81,0,0,-0.0033885162186182596,0,0,0,101325,100
298240000000,0,0,9.81,0,0,-0.0031174130402972134,0,0,0,101325,100
298260000000,0,0,9.81,0,0,-0.0034462532494173763,0,0,0,101325,100
298280000000,0,0,9.81,0,0,-0.004322386787926928,0,0,0,101325,100
298300000000,0,0,9.81,0,0,-0.004628843157870582,0,0,0,101325,100
298320000000,0,0,9.81,0,0,-0.004450013308718102,0,0,0,101325,100
298340000000,0,0,9.81,0,0,-0.0037808240774553524,0,0,0,101325,100
298360000000,0,0,9.81,0,0,-0.004674281750096095,0,0,0,101325,100
298380000000,0,0,9.81,0,0,-0.0027098601224020986,0,0,0,101325,100
298400000000,0,0,9.81,0,0,-0.0050408265793003264,0,0,0,101325,100
298420000000,0,0,9.81,0,0,-0.003637981010902576,0,0,0,101325,100
298440000000,0,0,9.81,0,0,-0.00414412684202938,0,0,0,101325,100
298460000000,0,0,9.81,0,0,-0.003653941044327661,0,0,0,101325,100
298480000000,0,0,9.81,0,0,-0.004922104877807775,0,0,0,101325,100
298500000000,0,0,9.81,0,0,-0.004004470397907513,0,0,0,101325,100
298520000000,0,0,9.81,0,0,-0.00492260664355012,0,0,0,101325,100
298540000000,0,0,9.81,0,0,-0.0038953473823799636,0,0,0,101325,100
298560000000,0,0,9.81,0,0,-0.004078486602573401,0,0,0,101325,100
298580000000,0,0,9.81,0,0,-0.0026897340217851753,0,0,0,101325,100
298600000000,0,0,9.81,0,0,-0.004094882627264294,0,0,0,101325,100
298620000000,0,0,9.81,0,0,-0.0050318804226346684,0,0,0,101325,100
298640000000,0,0,9.81,0,0,-0.004922123332789386,0,0,0,101325,100
298660000000,0,0,9.81,0,0,-0.0038585026015384937,0,0,0,101325,100
298680000000,0,0,9.81,0,0,-0.004508637734792174,0,0,0,101325,100
298700000000,0,0,9.81,0,0,-0.0025062989267977316,0,0,0,101325,100
298720000000,0,0,9.81,0,0,-0.004629580023425912,0,0,0,101325,100
298740000000,0,0,9.81,0,0,-0.005173978542670937,0,0,0,101325,100
298760000000,0,0,9.81,0,0,-0.006382856228490285,0,0,0,101325,100
298780000000,0,0,9.81,0,0,-0.004766656960396447,0,0,0,101325,100
298800000000,0,0,9.81,0,0,-0.003684284176812822,0,0,0,101325,100
298820000000,0,0,9.81,0,0,-0.005373372682205896,0,0,0,101325,100
298840000000,0,0,9.81,0,0,-0.005812234415818753,0,0,0,101325,100
298860000000,0,0,9.81,0,0,-0.003411937048864794,0,0,0,101325,100
298880000000,0,0,9.81,0,0,-0.00314101988102083,0,0,0,101325,100
298900000000,0,0,9.81,0,0,-0.005414676769665737,0,0,0,101325,100
298920000000,0,0,9.81,0,0,-0.0035018224722594645,0,0,0,101325,100
298940000000,0,0,9.81,0,0,-0.0023322374200417367,0,0,0,101325,100
298960000000,0,0,9.81,0,0,-0.005824781116094716,0,0,0,101325,100
298980000000,0,0,9.81,0,0,-0.004786576146242887,0,0,0,101325,100
299000000000,0,0,9.81,0,0,-0.003853868357513305,0,0,0,101325,100
299020000000,0,0,9.81,0,0,-0.00213862236629378,0,0,0,101325,100
299040000000,0,0,9.81,0,0,-0.004216425955461904,0,0,0,101325,100
299060000000,0,0,9.81,0,0,-0.004022154279575439,0,0,0,101325,100
299080000000,0,0,9.81,0,0,-0.004978240030094336,0,0,0,101325,100
299100000000,0,0,9.81,0,0,-0.004878513964696847,0,0,0,101325,100
299120000000,0,0,9.81,0,0,-0.0034208488610242256,0,0,0,101325,100
299140000000,0,0,9.81,0,0,-0.004870589994646643,0,0,0,101325,100
299160000000,0,0,9.81,0,0,-0.0027493197918736284,0,0,0,101325,100
299180000000,0,0,9.81,0,0,-0.004353516127020302,0,0,0,101325,100
299200000000,0,0,9.81,0,0,-0.0034515234596432035,0,0,0,101325,100
299220000000,0,0,9.81,0,0,-0.004755099853218472,0,0,0,101325,100
299240000000,0,0,9.81,0,0,-0.0031386374179050995,0,0,0,101325,100
299260000000,0,0,9.81,0,0,-0.004778155165497518,0,0,0,101325,100
299280000000,0,0,9.81,0,0,-0.004332138615321889,0,0,0,101325,100
299300000000,0,0,9.81,0,0,-0.004091661118756107,0,0,0,101325,100
299320000000,0,0,9.81,0,0,-0.0043198707430967785,0,0,0,101325,100
299340000000,0,0,9.81,0,0,-0.004190860049215844,0,0,0,101325,100
299360000000,0,0,9.81,0,0,-0.005663236157019126,0,0,0,101325,100
299380000000,0,0,9.81,0,0,-0.0054065487160769405,0,0,0,101325,100
299400000000,0,0,9.81,0,0,-0.002973199823426218,0,0,0,101325,100
299420000000,0,0,9.81,0,0,-0.0046088343816214844,0,0,0,101325,100
299440000000,0,0,9.81,0,0,-0.004788460531125279,0,0,0,101325,100
299460000000,0,0,9.81,0,0,-0.004499026764244809,0,0,0,101325,100
299480000000,0,0,9.81,0,0,-0.005441754540780358,0,0,0,101325,100
299500000000,0,0,9.81,0,0,-0.004550628562147969,0,0,0,101325,100
299520000000,0,0,9.81,0,0,-0.003801155141342672,0,0,0,101325,100
299540000000,0,0,9.81,0,0,-0.0038464607269505517,0,0,0,101325,100
299560000000,0,0,9.81,0,0,-0.004195315286422331,0,0,0,101325,100
299580000000,0,0,9.81,0,0,-0.0042600457936273674,0,0,0,101325,100
299600000000,0,0,9.81,0,0,-0.0030054704961591273,0,0,0,101325,100
299620000000,0,0,9.81,0,0,-0.00445201241829459,0,0,0,101325,100
299640000000,0,0,9.81,0,0,-0.00451980587750918,0,0,0,101325,100
299660000000,0,0,9.81,0,0,-0.003862072191730433,0,0,0,101325,100
299680000000,0,0,9.81,0,0,-0.00436522925076105,0,0,0,101325,100
299700000000,0,0,9.81,0,0,-0.0051980966777595925,0,0,0,101325,100
299720000000,0,0,9.81,0,0,-0.005590927172251015,0,0,0,101325,100
299740000000,0,0,9.81,0,0,-0.002358563451605754,0,0,0,101325,100
299760000000,0,0,9.81,0,0,-0.004949560265576554,0,0,0,101325,100
299780000000,0,0,9.81,0,0,-0.005187126809362712,0,0,0,101325,100
299800000000,0,0,9.81,0,0,-0.004962349263299916,0,0,0,101325,100
299820000000,0,0,9.81,0,0,-0.0041091176687140735,0,0,0,101325,100
299840000000,0,0,9.81,0,0,-0.004083799750282622,0,0,0,101325,100
299860000000,0,0,9.81,0,0,-0.002613843104517914,0,0,0,101325,100
299880000000,0,0,9.81,0,0,-0.004358978951369171,0,0,0,101325,100
299900000000,0,0,9.81,0,0,-0.004199927666549584,0,0,0,101325,100
299920000000,0,0,9.81,0,0,-0.004792008878634375,0,0,0,101325,100
299940000000,0,0,9.81,0,0,-0.0034803003152595667,0,0,0,101325,100
299960000000,0,0,9.81,0,0,-0.0039672277149762816,0,0,0,101325,100
299980000000,0,0,9.81,0,0,-0.004007647719506625,0,0,0,101325,100
